class_info_rva	field0_rva	factory_rva	factory_arg_reads	which_args	new_sizes	callees	published_rvas
0x2608a08	0x34c090	0x18a6510	False		0xf8	operator_new 0x2188170 0x3afb40 0x15f770	0x25ed5f0 0x25ed6d0 0x2a02d78 0x2a02d90 0x325f7b8
0x2608a18	0x34c090	0x18a6460	False		0xf8	operator_new 0x2188170 0x3afb40 0x15f770	0x25ed6f0 0x25ed6d0 0x2a02d78 0x2a02d90 0x325f7b8
0x2608a28	0x34c090	0x18a6380	False		0x100	operator_new 0x3afb40 0x1d12c60 0x1d12cd0 0x15f770	0x2644618 0x25ec670 0x3260210
0x2608a38	0x34c090	0x18a62a0	False		0x100	operator_new 0x3afb40 0x1d12c60 0x1d12cd0 0x15f770	0x2644538 0x25ec670 0x32601e0
0x2608a48	0x34c090	0x18a6120	False		0x100 0x1 -0x8000000000000000	operator_new 0x3afb40 0x2187ac0 operator_new	0x26119c0 0x25ec670 0x248dd50 0x248dd52 0x3260210
0x2608a58	0x34c090	0x18a5fa0	False		0x100 0x1 -0x8000000000000000	operator_new 0x3afb40 0x2187ac0 operator_new	0x2611d80 0x25ec670 0x248dd50 0x248dd52 0x32601e0
0x2608b48	0x34c090	0x18a65c0	False		0xc8	operator_new 0x2188170 0x3afb40	0x2608b58 0x25ec078
0x2608c38	0x34c090	0x18a68f0	False		0xf0	operator_new 0x2188170 0x3afb40	0x25ed9b0 0x25ea640
0x2608c48	0x34c090	0x18a68a0	False		0x2e8	operator_new 0x2188170 0x1893f30	0x25eda90 0x25ec850
0x2608c58	0x34c090	0x18a6840	False		0xc8	operator_new 0x2188170 0x3afb40	0x25edb70 0x25ec078
0x2608c68	0x34c090	0x18a67e0	False		0xc8	operator_new 0x2188170 0x3afb40	0x25edc50 0x25ec078
0x2608c78	0x34c090	0x18a6720	False		0x4f8	operator_new 0x2188170 0x1893f30 0x353bd0	0x2644ae8 0x2644ac8 0x325f780
0x2608c88	0x34c090	0x18a6680	False		0x3d8	operator_new 0x1893f30 0x3afb40	0x26449c8 0x2644aa8 0x325f780 0x247a488
0x2608c98	0x34c090	0x18a6620	False		0xc8	operator_new 0x2188170 0x3afb40	0x325f2b0 0x2608a68 0x25ec078
0x2608ca8	0x34c090	0x18a6ba0	False		0x318	operator_new 0x2188170 0x18a71a0	0x25ea660 0x25ea380
0x2608cb8	0x34c090	0x18a6b50	False		0x318	operator_new 0x2188170 0x18a71a0	0x25ea740 0x25ea380
0x2608cc8	0x34c090	0x18a6b00	False		0x318	operator_new 0x2188170 0x18a71a0	0x25ea820 0x25ea380
0x2608cd8	0x34c090	0x18a6ab0	False		0x318	operator_new 0x2188170 0x18a71a0	0x25ea900 0x25ea380
0x2608ce8	0x34c090	0x18a6a60	False		0x318	operator_new 0x2188170 0x18a71a0	0x25ea2a0 0x25ea380
0x2608cf8	0x34c090	0x18a6a10	False		0x318	operator_new 0x2188170 0x18a71a0	0x25ea3a0 0x25ea380
0x2608d08	0x34c090	0x18a69c0	False		0x318	operator_new 0x2188170 0x18a71a0	0x25ea480 0x25ea380
0x2608d18	0x34c090	0x18a6970	False		0x318	operator_new 0x2188170 0x18a71a0	0x25ea560 0x25ea380
0x2608d28	0x34c090	0x18a6f60	False		0xf8	operator_new 0x2188170 0x3afb40	0x25ead78 0x25eae58 0x325ef38
0x2608d38	0x34c090	0x18a6ed0	False		0xf8	operator_new 0x2188170 0x3afb40	0x25eae78 0x25eae58 0x325ef38
0x2608d48	0x34c090	0x18a6e40	False		0xf8	operator_new 0x2188170 0x3afb40	0x25eaf58 0x25eae58 0x325d858
0x2608d58	0x34c090	0x18a6db0	False		0xf8	operator_new 0x2188170 0x3afb40	0x25eb038 0x25eae58
0x2608d68	0x34c090	0x18a6d30	False		0xf0	operator_new 0x2188170 0x3afb40	0x25ea9e0 0x25ea640
0x2608d78	0x34c090	0x18a6cb0	False		0xf0	operator_new 0x2188170 0x3afb40	0x25eaac0 0x25ea640
0x2608d88	0x34c090	0x18a6c30	False		0xf0	operator_new 0x2188170 0x3afb40	0x25eaba8 0x25ea640
0x2608d98	0x34c090	0x18a6bf0	False		0xf0	operator_new 0x2188170 0x18a8600	
0x2608da8	0x34c090	0x18a7240	False		0x548	operator_new 0x2188170 0x3afb40 0x34ecd0 0x34ecd0	0x25eb318 0x25eb2f8 0x24b35c0
0x2608db8	0x34c090	0x18a7130	False		0x328	operator_new 0x2188170 0x18a71a0	0x2608de8 0x2608dc8
0x2608fa8	0x34c090	0x18a7080	False		0x130	operator_new 0x2188170 0x3afb40	0x2611ac0 0x2611aa0
0x2608fb8	0x34c090	0x18a6ff0	False		0xf8	operator_new 0x2188170 0x3afb40	0x25eb3f8 0x25eae58 0x325ef38
0x26090a8	0x34c090	0x18a7550	False		0x418	operator_new 0x2188170 0x3afb40 0x353bd0 0x353bd0	0x25eb5d8 0x25eb5b8 0x325efa8
0x26090b8	0x34c090	0x18a74b0	False		0x298	operator_new 0x2188170 0x3afb40 0x353bd0	0x25eb6d8 0x25eb6b8
0x26090c8	0x34c090	0x18a7440	False		0xd0	operator_new 0x2188170 0x3afb40	0x25eb7d8 0x25eb7b8 0x325efa8
0x26090d8	0x34c090	0x18a7380	False		0x4c0	operator_new 0x2188170 0x3afb40 0x353bd0 0x34ecd0	0x25eb118 0x25eb8b8 0x24b35c0
0x26090e8	0x34c090	0x18a7320	False		0x260	operator_new 0x2188170 0x3afb40 0x353bd0	0x25eb218 0x25eb1f8
0x26090f8	0x34c090	0x18a7710	False		0x5a8	operator_new 0x2188170 0x3afb40 0x353bd0 0x353bd0 0x353bd0	0x25ebaf8 0x25ebad8
0x2609108	0x34c090	0x18a76a0	False		0x628	operator_new 0x2188170 0x1893f30 0x353bd0 0x353bd0	0x25eb4d8 0x25ebbd8
0x2609118	0x34c090	0x18a75e0	False		0x4a8	operator_new 0x2188170 0x3afb40 0x34ecd0 0x353bd0 0x18b9ad0	0x2608fc8 0x2609128 0x24b35c0
0x2609148	0x34c090	0x18a48d0	False		0x470	operator_new 0x2188170 0x17fec20	0x25ef310 0x25efa58 0x325f500
0x2609158	0x34c090	0x18a4870	False		0xc8	operator_new 0x2188170 0x3afb40	0x325f500 0x2609168 0x25ec078
0x2609248	0x34c090	0x18a47e0	False		0x100	operator_new 0x2188170 0x3afb40	0x25ef3f8 0x25ec670 0x325f500
0x2609258	0x34c090	0x18a4780	False		0xc8	operator_new 0x2188170 0x3afb40	0x325f500 0x2609268 0x25ec078
0x2609428	0x34c090	0x18a4ae0	False		0x100	operator_new 0x2188170 0x3afb40	0x25ef798 0x25ec670 0x325f500
0x2609438	0x34c090	0x18a4a20	False		0x130	operator_new 0x2188170 0x3afb40	0x25ef898 0x25ef878 0x325f500
0x2609448	0x34c090	0x18a49c0	False		0xc8	operator_new 0x2188170 0x3afb40	0x325f500 0x2609458 0x25ec078
0x2609538	0x34c090	0x18a4960	False		0xc8	operator_new 0x2188170 0x3afb40	0x25ef978 0x25ec078
0x2609628	0x34c090	0x18a4d30	False		0xd0	operator_new 0x2188170 0x3afb40	0x25ebf98 0x25eb7b8
0x2609638	0x34c090	0x18a4cd0	False		0xc8	operator_new 0x2188170 0x3afb40	0x25ec098 0x25ec078
0x2609648	0x34c090	0x18a4c70	False		0xc8	operator_new 0x2188170 0x3afb40	0x25ec178 0x25ec078
0x2609658	0x34c090	0x18a4c20	False		0x608	operator_new 0x2188170 0x18a8380	0x25ec278 0x25ec258
0x2609668	0x34c090	0x18a4bd0	False		0x6e8	operator_new 0x2188170 0x18a81c0	0x25ef6b8 0x25ec358
0x2609678	0x34c090	0x18a4b70	False		0xc8	operator_new 0x2188170 0x3afb40	0x325f500 0x2609348 0x25ec078
0x2609688	0x34c090	0x18a50c0	False		0x2e8	operator_new 0x2188170 0x1893f30	0x25ec870 0x25ec850
0x2609698	0x34c090	0x18a5070	False		0x2e8	operator_new 0x2188170 0x1893f30	0x25ec950 0x25ec850
0x26096a8	0x34c090	0x18a4ff0	False		0x260	operator_new 0x2188170 0x3afb40 0x3549d0	0x2615ef8 0x25eb1f8 0x25eca30
0x26096b8	0x34c090	0x18a4f70	False		0x260	operator_new 0x2188170 0x3afb40 0x3549d0	0x2615ef8 0x25eb1f8 0x25ec378
0x26096c8	0x34c090	0x18a4f20	False		0x590	operator_new 0x2188170 0x17fac20	0x25ec478 0x25ec458
0x26096d8	0x34c090	0x18a4e80	False		0x358	operator_new 0x2188170 0x3afb40 0x353bd0 0x3afb40	0x25ec590 0x25ec570 0x325f530
0x26096e8	0x34c090	0x18a4df0	False		0x100	operator_new 0x2188170 0x3afb40	0x25ec690 0x25ec670 0x325f500
0x26096f8	0x34c090	0x18a4d90	False		0xc8	operator_new 0x2188170 0x3afb40	0x325f500 0x2609548 0x25ec078
0x26097e8	0x34c090	0x18a53a0	False		0x358	operator_new 0x2188170 0x3afb40 0x353bd0 0x3afb40	0x326d358 0x25ecb10 0x25ed250
0x26097f8	0x34c090	0x18a52b0	False		0x1f8	operator_new 0x2188170 0x3afb40 0x3afb40	0x326d358 0x25ecc10 0x25ecbf0
0x2609808	0x34c090	0x18a5260	False		0xc8	operator_new 0x3afb40	0x2643658 0x25ec078
0x2609818	0x34c090	0x18a51f0	False		0x268	operator_new 0x2188170 0x3afb40 0x353bd0	0x25eccf0 0x25eb8d8
0x2609828	0x34c090	0x18a5190	False		0xc8	operator_new 0x2188170 0x3afb40	0x25ecdd0 0x25ec078
0x2609838	0x34c090	0x18a5110	False		0xf0	operator_new 0x2188170 0x3afb40	0x25ec770 0x25ea640
0x2609848	0x34c090	0x18a5830	False		0x2a0	operator_new 0x2188170 0x3afb40 0x353bd0	0x25ed430 0x25ecf90
0x2609858	0x34c090	0x18a5790	False		0x2a0	operator_new 0x2188170 0x3afb40 0x353bd0	0x25ed510 0x25ecf90
0x2609868	0x34c090	0x18a56f0	False		0x2a0	operator_new 0x2188170 0x3afb40 0x353bd0	0x25eceb0 0x25ecf90
0x2609878	0x34c090	0x18a5650	False		0x2a0	operator_new 0x2188170 0x3afb40 0x353bd0	0x25ecfb0 0x25ecf90
0x2609888	0x34c090	0x18a55b0	False		0x2a0	operator_new 0x2188170 0x3afb40 0x353bd0	0x25ed090 0x25ecf90
0x2609898	0x34c090	0x18a5510	False		0x2a0	operator_new 0x2188170 0x3afb40 0x353bd0	0x25ed170 0x25ecf90
0x26098a8	0x34c090	0x18a5460	False		0x1e0	operator_new 0x2188170 0x3afb40 0x3afb40	0x2609708 0x26098b8 0x24b30c8 0x24b3050
0x26098d8	0x34c090	0x18a5cb0	False		0xf0	operator_new 0x2188170 0x3afb40	0x25ed7d0 0x25ea640
0x26098e8	0x34c090	0x18a5be0	False		0x4c8	operator_new 0x2188170 0x3afb40 0x353bd0 0x34ecd0	0x25ed8d0 0x25ed8b0 0x24c7f80
0x26098f8	0x34c090	0x18a5b50	False		0x298	operator_new 0x3afb40 0x353bd0	0x2644320 0x25e9ee0 0x325f468
0x2609908	0x34c090	0x18a5a90	False		0x140	operator_new 0x3afb40	0x2644240 0x2644220 0x325f468 0x2640f38
0x2609918	0x34c090	0x18a5a10	False		0xf8	operator_new 0x3afb40	0x2643b18 0x25eae58 0x325f560
0x2609928	0x34c090	0x18a5970	False		0x2a0	operator_new 0x2188170 0x3afb40 0x353bd0	0x25ed270 0x25ecf90
0x2609938	0x34c090	0x18a58d0	False		0x2a0	operator_new 0x2188170 0x3afb40 0x353bd0	0x25ed350 0x25ecf90
0x2609948	0x34c090	0x18a5f20	False		0x100	operator_new 0x3afb40	0x2611e60 0x25ec670 0x3260210
0x2609958	0x34c090	0x18a5ea0	False		0x100	operator_new 0x3afb40	0x2611ba0 0x25ec670 0x32601e0
0x2609968	0x34c090	0x18a5e40	False		0xc8	operator_new 0x2188170 0x3afb40	0x325efc0 0x2609978 0x25ec078
0x2609a58	0x34c090	0x18a5d30	False		0x3f0	operator_new 0x3afb40 0x3549d0 0x3afb40	0x2611ca0 0x2611c80 0x247a4d0 0x247a488 0x325efc0
0x2609a68	0x34c090	0x18a36c0	False		0x2e8	operator_new 0x2188170 0x1800b90	0x25ede10 0x25ec850
0x2609a78	0x34c090	0x18a3670	False		0xf8	operator_new 0x2188170 0x18a3610	0x2609a88 0x25ed6d0
0x2609b68	0x34c090	0x18a35d0	False		0xf8	operator_new 0x2188170 0x18a3610	
0x2609c58	0x34c090	0x18a3570	False		0xc8	operator_new 0x2188170 0x3afb40	0x260abe8 0x25ec078
0x2609c68	0x34c090	0x18a3830	False		0xc8	operator_new 0x2188170 0x3afb40	0x325f0f8 0x2609c78 0x25ec078
0x2609d58	0x34c090	0x18a37a0	False		0x298	operator_new 0x3afb40 0x353bd0	0x2641f00 0x25f22b0 0x325f038
0x2609d68	0x34c090	0x18a3710	False		0x298	operator_new 0x3afb40 0x353bd0	0x2641fe0 0x25f22b0 0x325f038
0x2609d78	0x34c090	0x18a3af0	False		0xc0	operator_new 0x2188170 0x3afb40	0x25ee570 0x24b1d78
0x2609d88	0x34c090	0x18a3a90	False		0xc8	operator_new 0x2188170 0x3afb40	0x25ee650 0x25ec078
0x2609d98	0x34c090	0x18a3a40	False		0x2e8	operator_new 0x2188170 0x1893f30	0x25ee730 0x25ec850
0x2609da8	0x34c090	0x18a39f0	False		0x2e8	operator_new 0x2188170 0x1893f30	0x25ee0d0 0x25ec850
0x2609db8	0x34c090	0x18a3990	False		0x2a8	operator_new 0x2188170 0x18a8140	0x25ee1d0 0x25ee1b0
0x2609dc8	0x34c090	0x18a3950	False		0x2a0	operator_new 0x2188170 0x18a8140	
0x2609dd8	0x34c090	0x18a38f0	False		0xc8	operator_new 0x2188170 0x3afb40	0x25ee3b0 0x25ec078
0x2609de8	0x34c090	0x18a3890	False		0xc8	operator_new 0x2188170 0x3afb40	0x25edd30 0x25ec078
0x2609df8	0x34c090	0x18a3d70	False		0x520	operator_new 0x3afb40 0x18a8310	0x2643058 0x2642e58 0x325f1c0
0x2609e08	0x34c090	0x18a3d10	False		0x520	operator_new 0x3afb40 0x18a8310	0x2642d78 0x2642e58 0x325f1c0
0x2609e18	0x34c090	0x18a3cb0	False		0x520	operator_new 0x3afb40 0x18a8310	0x2642e78 0x2642e58 0x325f1c0
0x2609e28	0x34c090	0x18a3c70	False		0x6e8	operator_new 0x2188170 0x18a81c0	
0x2609e38	0x34c090	0x18a3b90	False		0x668	operator_new 0x3afb40 0x353bd0 0x353bd0 0x34ecd0	0x2641e20 0x2641e00 0x247a488 0x247a530 0x24b35c0
0x2609e48	0x34c090	0x18a3b40	False		0xc0	operator_new 0x2188170 0x3afb40	0x25ee490 0x24b1d78
0x2609e58	0x34c090	0x18a42c0	False		0x518	operator_new 0x2188170 0x3afb40 0x18a8310	0x25eecb0 0x25eec90
0x2609e68	0x34c090	0x18a4290	False		0x988	operator_new 0x18f0ba0	
0x2609e78	0x34c090	0x18a4120	False		0x888	operator_new 0x2188170 0x3afb40 0x353bd0 0x353bd0 0x18a8310 0x2187ac0 operator_new	0x25eedb0 0x25eed90 0x24c1078
0x2609e88	0x34c090	0x18a40d0	False		0x2e8	operator_new 0x2188170 0x1893f30	0x25eee90 0x25ec850
0x2609e98	0x34c090	0x18a3f80	False		0x320	operator_new 0x2188170 0x1800b90 0x2187ac0 operator_new	0x25ee810 0x25ee8f0 0x24c1078
0x2609ea8	0x34c090	0x18a3e30	False		0x320	operator_new 0x2188170 0x1800b90 0x2187ac0 operator_new	0x25ee910 0x25ee8f0 0x24c1078
0x2609eb8	0x34c090	0x18a3dd0	False		0xc8	operator_new 0x2188170 0x3afb40	0x25ee9f0 0x25ec078
0x2609ec8	0x34c090	0x18a4460	False		0xc8	operator_new 0x2188170 0x3afb40	0x25ef130 0x25ec078
0x2609ed8	0x34c090	0x18a43c0	False		0x2a0	operator_new 0x2188170 0x3afb40 0x353bd0	0x25ef230 0x25ef210 0x325ef28
0x2609ee8	0x34c090	0x18a4360	False		0xc8	operator_new 0x2188170 0x3afb40	0x2609ef8 0x25ec078
0x2609fd8	0x34c090	0x18a4320	False		0x608	operator_new 0x2188170 0x18a8380	
0x2609fe8	0x34c090	0x18a45c0	False		0x108	operator_new 0x2188170 0x3afb40	0x260a018 0x2609ff8 0x247a4d0 0x247a488 0x24b35d0
0x260a0f8	0x34c090	0x18a4560	False		0xc8	operator_new 0x2188170 0x3afb40	0x25ef5d8 0x25ec078
0x260a108	0x34c090	0x18a4510	False		0x2e8	operator_new 0x2188170 0x1800b90	0x25eef70 0x25ec850
0x260a118	0x34c090	0x18a44c0	False		0x2e8	operator_new 0x2188170 0x1800b90	0x25ef050 0x25ec850
0x260a128	0x34c090	0x18a4720	False		0xc8	operator_new 0x2188170 0x3afb40	0x3260aa0 0x260a138 0x25ec078
0x260a218	0x34c090	0x18a4670	False		0x540	operator_new 0x2188170 0x1800b90 0x34ecd0	0x25ef4f8 0x25ef4d8 0x24b35c0
0x260a308	0x34c090	0x18a2a00	False		0xc8	operator_new 0x2188170 0x3afb40	0x25f0b38 0x25ec078
0x260a318	0x34c090	0x18a29a0	False		0xc8	operator_new 0x2188170 0x3afb40	0x25f0518 0x25ec078
0x260a328	0x34c090	0x18a2940	False		0xc8	operator_new 0x2188170 0x3afb40	0x25f05f8 0x25ec078
0x260a338	0x34c090	0x18a28e0	False		0xc8	operator_new 0x2188170 0x3afb40	0x25f06d8 0x25ec078
0x260a428	0x34c090	0x18a2b20	False		0x268	operator_new 0x2188170 0x3afb40 0x353bd0	0x260a438 0x25f6e68
0x260a518	0x34c090	0x18a2ac0	False		0xc8	operator_new 0x2188170 0x3afb40	0x325f2e8 0x260a528 0x25ec078
0x260a608	0x34c090	0x18a2a60	False		0xc8	operator_new 0x2188170 0x3afb40	0x325f2e8 0x260a228 0x25ec078
0x260a618	0x34c090	0x18a2dc0	False		0xc8	operator_new 0x2188170 0x3afb40	0x25f0cf8 0x25ec078
0x260a628	0x34c090	0x18a2d70	False		0x2e8	operator_new 0x2188170 0x1893f30	0x25f0dd8 0x25ec850
0x260a638	0x34c090	0x18a2d10	False		0xc8	operator_new 0x2188170 0x3afb40	0x25f0eb8 0x25ec078
0x260a648	0x34c090	0x18a2cb0	False		0xc8	operator_new 0x2188170 0x3afb40	0x25f0898 0x25ec078
0x260a658	0x34c090	0x18a2c50	False		0xc8	operator_new 0x2188170 0x3afb40	0x25f0978 0x25ec078
0x260a668	0x34c090	0x18a2bf0	False		0xc8	operator_new 0x2188170 0x3afb40	0x25f0a58 0x25ec078
0x260a678	0x34c090	0x18a2b90	False		0xc8	operator_new 0x2188170 0x3afb40	0x325f2e8 0x260a348 0x25ec078
0x260a688	0x34c090	0x18a2ff0	False		0xc8	operator_new 0x2188170 0x3afb40	0x25f0f98 0x25ec078
0x260a698	0x34c090	0x18a2f80	False		0x268	operator_new 0x2188170 0x3afb40 0x353bd0	0x260a6a8 0x25f6e68
0x260a788	0x34c090	0x18a2f30	False		0x2e8	operator_new 0x2188170 0x1800b90	0x25f1078 0x25ec850
0x260a798	0x34c090	0x18a2ee0	False		0x2e8	operator_new 0x2188170 0x1800b90	0x25f1158 0x25ec850
0x260a7a8	0x34c090	0x18a2e80	False		0x260	operator_new 0x2188170 0x3afb40 0x353bd0	0x25f1238 0x25eb1f8
0x260a7b8	0x34c090	0x18a2e20	False		0xc8	operator_new 0x2188170 0x3afb40	0x25f0c18 0x25ec078
0x260a7c8	0x34c090	0x18a31a0	False		0x290	operator_new 0x2188170 0x3afb40 0x353bd0	0x25f1430 0x25f1410
0x260a7d8	0x34c090	0x18a3110	False		0x298	operator_new 0x2188170 0x3afb40 0x353bd0	0x25f1510 0x25e9ee0
0x260a7e8	0x34c090	0x18a30b0	False		0x488	operator_new 0x2188170 0x1893f30 0x353bd0	0x25f1610 0x25f15f0
0x260a7f8	0x34c090	0x18a3050	False		0xc8	operator_new 0x2188170 0x3afb40	0x325fc00 0x260a808 0x25ec078
0x260a8e8	0x34c090	0x18a32e0	False		0xc8	operator_new 0x2188170 0x3afb40	0x25edff0 0x25ec078
0x260a8f8	0x34c090	0x18a3290	False		0x590	operator_new 0x2188170 0x17fac20	0x25f1318 0x25ec458
0x260a908	0x34c090	0x18a3230	False		0xc8	operator_new 0x2188170 0x3afb40	0x3260428 0x260a918 0x25ec078
0x260aad8	0x34c090	0x18a33c0	False		0xc8	operator_new 0x2188170 0x3afb40	0x325d858 0x260aae8 0x25ec078
0x260abc8	0x34c090	0x18a3370	False		0x528	operator_new 0x2188170 0x18e6010	0x25edf10 0x25edef0
0x260abd8	0x34c090	0x18a3340	False		0x528	operator_new 0x18e6010	
0x260acc8	0x34c090	0x18a34e0	False		0x438	operator_new 0x3afb40 0x353bd0 0x353bd0	0x2641d20 0x2612600 0x3260958
0x260acd8	0x34c090	0x18a3480	False		0xc8	operator_new 0x2188170 0x3afb40	0x260ace8 0x25ec078
0x260adc8	0x34c090	0x18a3420	False		0xc8	operator_new 0x2188170 0x3afb40	0x325d858 0x260a9f8 0x25ec078
0x260add8	0x34c090	0x18a1390	False		0x260	operator_new 0x2188170 0x3afb40 0x353bd0	0x25f1ff0 0x25eb1f8
0x260ade8	0x34c090	0x18a1330	False		0xc8	operator_new 0x2188170 0x3afb40	0x32603b0 0x260adf8 0x25ec078
0x260aed8	0x34c090	0x18a12e0	False		0xe8	operator_new 0x2188170 0x18df3b0	0x25f20f0 0x25f20d0
0x260aee8	0x34c090	0x18a12b0	False		0xe8	operator_new 0x18df3b0	
0x260afd8	0x34c090	0x18a1540	False		0x268	operator_new 0x2188170 0x3afb40 0x353bd0	0x260afe8 0x25eb8d8
0x260b0c8	0x34c090	0x18a14e0	False		0xc8	operator_new 0x2188170 0x3afb40	0x25f2490 0x25ec078
0x260b0d8	0x34c090	0x18a1440	False		0x120	operator_new 0x2188170 0x3afb40	0x25f1e30 0x25f2570
0x260b0e8	0x34c090	0x18a13f0	False		0x2e8	operator_new 0x2188170 0x1800b90	0x25f1f10 0x25ec850
0x260b0f8	0x34c090	0x18a1710	False		0x298	operator_new 0x2188170 0x3afb40 0x353bd0	0x25f22d0 0x25f22b0
0x260b108	0x34c090	0x18a1690	False		0xf0	operator_new 0x2188170 0x3afb40	0x25f23b0 0x25ea640
0x260b118	0x34c090	0x18a1620	False		0x268	operator_new 0x2188170 0x3afb40 0x353bd0	0x260b128 0x25eb8d8
0x260b208	0x34c090	0x18a15b0	False		0x490	operator_new 0x2188170 0x1800b90 0x353bd0	0x260aef8 0x25fbec0
0x260b218	0x34c090	0x18a1a50	False		0xc8	operator_new 0x2188170 0x3afb40	0x25f2670 0x25ec078
0x260b228	0x34c090	0x18a1a00	False		0x590	operator_new 0x2188170 0x17fac20	0x25f2750 0x25ec458
0x260b238	0x34c090	0x18a19a0	False		0x260	operator_new 0x3afb40 0x3549d0	0x263f3e8 0x25eb1f8
0x260b248	0x34c090	0x18a1860	False		0x578	operator_new 0x2188170 0x3afb40 0x353bd0 0x353bd0 0x3afb40	0x25f2868 0x25f2848 0x24b1d98 0x24b1d78
0x260b258	0x34c090	0x18a1800	False		0xc8	operator_new 0x2188170 0x3afb40	0x25f21d0 0x25ec078
0x260b268	0x34c090	0x18a17a0	False		0xc8	operator_new 0x2188170 0x3afb40	0x3260400 0x260b278 0x25ec078
0x260b358	0x34c090	0x18a1d90	False		0x298	operator_new 0x2188170 0x3afb40 0x353bd0	0x25f2df8 0x25f22b0 0x3260850
0x260b368	0x34c090	0x18a1d30	False		0x260	operator_new 0x2188170 0x3afb40 0x353bd0	0x25f2ed8 0x25eb1f8
0x260b378	0x34c090	0x18a1cc0	False		0x268	operator_new 0x2188170 0x3afb40 0x353bd0	0x25f2fb8 0x25eb8d8
0x260b388	0x34c090	0x18a1c60	False		0xc8	operator_new 0x2188170 0x3afb40	0x25f2948 0x25ec078
0x260b398	0x34c090	0x18a1c00	False		0xc8	operator_new 0x2188170 0x3afb40	0x25f2a28 0x25ec078
0x260b3a8	0x34c090	0x18a1bb0	False		0x298	operator_new 0x2188170 0x1840700	0x25f2b28 0x25f2b08
0x260b3b8	0x34c090	0x18a1b60	False		0x298	operator_new 0x2188170 0x1840700	0x25f2c10 0x25f2b08
0x260b3c8	0x34c090	0x18a1ab0	False		0x128	operator_new 0x2188170 0x3afb40	0x25f2590 0x25f2cf8
0x260b3d8	0x34c090	0x18a2030	False		0x2a0	operator_new 0x2188170 0x3afb40 0x353bd0	0x25f3198 0x25f3178 0x3260850
0x260b3e8	0x34c090	0x18a1fd0	False		0xc8	operator_new 0x2188170 0x3afb40	0x25f3278 0x25ec078
0x260b3f8	0x34c090	0x18a1f80	False		0x260	operator_new 0x3afb40 0x353bd0	0x2641620 0x25eb1f8
0x260b408	0x34c090	0x18a1ee0	False		0x2a0	operator_new 0x3afb40 0x353bd0	0x2641700 0x2641600 0x247a488 0x24b4030
0x260b418	0x34c090	0x18a1e90	False		0x298	operator_new 0x2188170 0x1840700	0x25f3358 0x25f2b08
0x260b428	0x34c090	0x18a1e30	False		0xc8	operator_new 0x2188170 0x3afb40	0x25f2d18 0x25ec078
0x260b438	0x34c090	0x18a2590	False		0xc8	operator_new 0x2188170 0x3afb40	0x25f00b8 0x25ec078
0x260b448	0x34c090	0x18a2410	False		0xe0 0xc30	operator_new 0x3afb40 operator_new 0x2188170 0x3afb40	0x26417e0 0x26418c0 0x26415c8 0x24b4030 0x247a488
0x260b458	0x34c090	0x18a2390	False		0xf8	operator_new 0x2188170 0x3afb40	0x25efa78 0x25ed6d0
0x260b468	0x34c090	0x18a2340	False		0x2e8	operator_new 0x2188170 0x1893f30	0x25efb58 0x25ec850
0x260b478	0x34c090	0x18a22e0	False		0xc8	operator_new 0x2188170 0x3afb40	0x25efc38 0x25ec078
0x260b488	0x34c090	0x18a2280	False		0xc8	operator_new 0x2188170 0x3afb40	0x25efd18 0x25ec078
0x260b498	0x34c090	0x18a2220	False		0x260	operator_new 0x2188170 0x3afb40 0x353bd0	0x25f3098 0x25eb1f8
0x260b4a8	0x34c090	0x18a20d0	False		0x2f0	operator_new 0x3afb40 0x3afb40 0x3afb40	0x26418e0 0x26419c0 0x24b1d98 0x24b1d78 0x247a488 0x24b4030 0x3260850
0x260b4b8	0x34c090	0x18a2890	False		0x2e8	operator_new 0x2188170 0x1800b90	0x25f07b8 0x25ec850
0x260b4c8	0x34c090	0x18a2830	False		0xc8	operator_new 0x2188170 0x3afb40	0x25f0198 0x25ec078
0x260b4d8	0x34c090	0x18a27d0	False		0xc8	operator_new 0x2188170 0x3afb40	0x25f0278 0x25ec078
0x260b4e8	0x34c090	0x18a2770	False		0xc8	operator_new 0x2188170 0x3afb40	0x25f0358 0x25ec078
0x260b4f8	0x34c090	0x18a2710	False		0xc8	operator_new 0x2188170 0x3afb40	0x25f0438 0x25ec078
0x260b508	0x34c090	0x18a26b0	False		0xc8	operator_new 0x2188170 0x3afb40	0x25efdf8 0x25ec078
0x260b518	0x34c090	0x18a2650	False		0x2f0	operator_new 0x2188170 0x1800b90	0x25efef8 0x25efed8 0x325f218
0x260b528	0x34c090	0x18a25f0	False		0xc8	operator_new 0x2188170 0x3afb40	0x25effd8 0x25ec078
0x260b618	0x34c090	0x18a00f0	False		0x488	operator_new 0x2188170 0x1800b90 0x353bd0	0x25f3e00 0x25f15f0
0x260b628	0x34c090	0x18a0090	False		0x260	operator_new 0x2188170 0x3afb40 0x353bd0	0x25f37e0 0x25eb1f8
0x260b638	0x34c090	0x18a0010	False		0x260	operator_new 0x2188170 0x3afb40 0x3549d0	0x2615ef8 0x25eb1f8 0x25f38c0
0x260b648	0x34c090	0x189ffc0	False		0x2e8	operator_new 0x2188170 0x1800b90	0x25f39a0 0x25ec850
0x260b658	0x34c090	0x189ff60	False		0xc8	operator_new 0x2188170 0x3afb40	0x260b668 0x25ec078
0x260b748	0x34c090	0x18a02e0	False		0x4e0	operator_new 0x2188170 0x3afb40 0x34ba00 0x353bd0 0x353bd0	0x260b778 0x260b758 0x24b38b8 0x24b39b0
0x260b858	0x34c090	0x18a0280	False		0xc8	operator_new 0x2188170 0x3afb40	0x25f3b60 0x25ec078
0x260b868	0x34c090	0x18a0210	False		0xd0	operator_new 0x2188170 0x3afb40	0x25f3c40 0x25eb7b8 0x25460f0
0x260b878	0x34c090	0x18a01c0	False		0x2e8	operator_new 0x2188170 0x1800b90	0x25f3d20 0x25ec850
0x260b888	0x34c090	0x18a0150	False		0x268	operator_new 0x2188170 0x3afb40 0x353bd0	0x260b538 0x25eb8d8
0x260b898	0x34c090	0x18a0640	False		0xc8	operator_new 0x2188170 0x3afb40	0x25f4280 0x25ec078
0x260b8a8	0x34c090	0x18a05e0	False		0x260	operator_new 0x2188170 0x3afb40 0x353bd0	0x25f4360 0x25eb1f8
0x260b8b8	0x34c090	0x18a0590	False		0xc0	operator_new 0x2188170 0x3afb40	0x25f4440 0x24b1d78
0x260b8c8	0x34c090	0x18a0540	False		0x2e8	operator_new 0x2188170 0x1893f30	0x25f4520 0x25ec850
0x260b8d8	0x34c090	0x18a04e0	False		0xc8	operator_new 0x2188170 0x3afb40	0x25f3ee0 0x25ec078
0x260b8e8	0x34c090	0x18a0490	False		0xc8	operator_new 0x2188170 0x3afb40	0x25f3fc0 0x25ec078
0x260b8f8	0x34c090	0x18a0400	False		0x3a8	operator_new 0x2188170 0x3afb40 0x34ecd0 0x3afb40	0x25f40c0 0x25f40a0 0x24c7f80
0x260b908	0x34c090	0x18a03a0	False		0x260	operator_new 0x2188170 0x3afb40 0x353bd0	0x25f41a0 0x25eb1f8
0x260b918	0x34c090	0x18a0940	False		0xc8	operator_new 0x2188170 0x3afb40	0x325f1c0 0x260b928 0x25ec078
0x260ba08	0x34c090	0x18a08c0	False		0x7c8	operator_new 0x2188170 0x3afb40 0x353bd0 0x18a7f20 0x3afb40	0x25f4c80 0x25f4c60
0x260ba18	0x34c090	0x18a0830	False		0x1b8	operator_new 0x2188170 0x3afb40 0x3afb40	0x25f4600 0x25f4d60
0x260ba28	0x34c090	0x18a07b0	False		0xf0	operator_new 0x2188170 0x3afb40	0x25f46e0 0x25ea640
0x260ba38	0x34c090	0x18a0710	False		0x7f8	operator_new 0x2188170 0x3afb40 0x353bd0 0x18a7f20 0x3afb40	0x25f47e0 0x25f47c0
0x260ba48	0x34c090	0x18a06a0	False		0x628	operator_new 0x2188170 0x3afb40 0x18a7f20 0x3afb40	0x25f48e0 0x25f48c0
0x260ba58	0x34c090	0x18a0b00	False		0xf0	operator_new 0x2188170 0x3afb40	0x25f49c0 0x25ea640
0x260ba68	0x34c090	0x18a0a80	False		0xf0	operator_new 0x2188170 0x3afb40	0x25f4aa0 0x25ea640
0x260ba78	0x34c090	0x18a0a00	False		0xf0	operator_new 0x2188170 0x3afb40	0x25f4b80 0x25ea640
0x260ba88	0x34c090	0x18a09a0	False		0xc8	operator_new 0x2188170 0x3afb40	0x325f948 0x260ba98 0x25ec078
0x260bb78	0x34c090	0x18a0ee0	False		0x128	operator_new 0x2188170 0x3afb40	0x25f16f0 0x25f1d30
0x260bb88	0x34c090	0x18a0e40	False		0x118	operator_new 0x2188170 0x3afb40	0x25f17f0 0x25f17d0 0x24b30c8 0x24b3050
0x260bb98	0x34c090	0x18a0da0	False		0x118	operator_new 0x2188170 0x3afb40	0x25f18d0 0x25f17d0 0x24b30c8 0x24b3050
0x260bba8	0x34c090	0x18a0d40	False		0xc8	operator_new 0x2188170 0x3afb40	0x25f19b0 0x25ec078
0x260bbb8	0x34c090	0x18a0ce0	False		0xc8	operator_new 0x2188170 0x3afb40	0x25f4d80 0x25ec078
0x260bbc8	0x34c090	0x18a0c60	False		0xf8	operator_new 0x2188170 0x3afb40	0x25f4e60 0x25eae58
0x260bbd8	0x34c090	0x18a0c00	False		0xc8	operator_new 0x2188170 0x3afb40	0x25f4f40 0x25ec078
0x260bbe8	0x34c090	0x18a0b80	False		0xf0	operator_new 0x2188170 0x3afb40	0x25f5020 0x25ea640
0x260bbf8	0x34c090	0x18a1100	False		0xc8	operator_new 0x2188170 0x3afb40	0x325f620 0x260bc08 0x25ec078
0x260bce8	0x34c090	0x18a10a0	False		0xc8	operator_new 0x2188170 0x3afb40	0x25f1b70 0x25ec078
0x260bcf8	0x34c090	0x18a1040	False		0xc8	operator_new 0x2188170 0x3afb40	0x25f1c50 0x25ec078
0x260bd08	0x34c090	0x18a0f90	False		0x128	operator_new 0x2188170 0x3afb40	0x25f1d50 0x25f1d30
0x260bd18	0x34c090	0x18a1220	False		0x2c0	operator_new 0x3afb40 0x353bd0	0x2640f58 0x2641038 0x325f2f0 0x2640f38
0x260bd28	0x34c090	0x18a11c0	False		0xc8	operator_new 0x2188170 0x3afb40	0x25f1a90 0x25ec078
0x260bd38	0x34c090	0x18a1160	False		0xc8	operator_new 0x2188170 0x3afb40	0x325ef38 0x260bd48 0x25ec078
0x260be28	0x34c090	0x189f450	False		0x260	operator_new 0x2188170 0x18a7df0	0x25f6580 0x25eb1f8
0x260be38	0x34c090	0x189f3f0	False		0xc8	operator_new 0x2188170 0x3afb40	0x25f6010 0x25ec078
0x260be48	0x34c090	0x189f390	False		0x260	operator_new 0x2188170 0x3afb40 0x353bd0	0x25f60f0 0x25eb1f8
0x260be58	0x34c090	0x189f310	False		0x280	operator_new 0x3afb40 0x3549d0	0x26403d8 0x26404b8 0x247a530
0x260be68	0x34c090	0x189f2b0	False		0x260	operator_new 0x2188170 0x3afb40 0x353bd0	0x25f61d0 0x25eb1f8
0x260be78	0x34c090	0x189f550	False		0x1b8	operator_new 0x3afb40 0x3afb40	0x2640698 0x2640778 0x3260510
0x260be88	0x34c090	0x189f4f0	False		0xc8	operator_new 0x2188170 0x3afb40	0x260be98 0x25ec078
0x260bf78	0x34c090	0x189f4a0	False		0x260	operator_new 0x2188170 0x18a7df0	0x25f6490 0x25eb1f8
0x260c068	0x34c090	0x189f6a0	False		0xc8	operator_new 0x2188170 0x3afb40	0x3260510 0x260c078 0x25ec078
0x260c158	0x34c090	0x189f640	False		0xc8	operator_new 0x2188170 0x3afb40	0x25f63b0 0x25ec078
0x260c168	0x34c090	0x189f5e0	False		0xc8	operator_new 0x2188170 0x3afb40	0x3260510 0x260c178 0x25ec078
0x260c258	0x34c090	0x189f860	False		0x2e8	operator_new 0x2188170 0x1800b90	0x25f6750 0x25ec850
0x260c268	0x34c090	0x189f810	False		0x590	operator_new 0x2188170 0x17fac20	0x25f6830 0x25ec458
0x260c278	0x34c090	0x189f7c0	False		0x2e8	operator_new 0x2188170 0x1893f30	0x25f6928 0x25ec850
0x260c288	0x34c090	0x189f760	False		0x260	operator_new 0x2188170 0x3afb40 0x353bd0	0x25f62d0 0x25eb1f8
0x260c298	0x34c090	0x189f700	False		0xc8	operator_new 0x2188170 0x3afb40	0x3260510 0x260bf88 0x25ec078
0x260c388	0x34c090	0x189f910	False		0x2e8	operator_new 0x2188170 0x1893f30	0x25f6670 0x25ec850
0x260c398	0x34c090	0x189f8b0	False		0xc8	operator_new 0x2188170 0x3afb40	0x3260440 0x260c3a8 0x25ec078
0x260c488	0x34c090	0x189fa80	False		0xc8	operator_new 0x2188170 0x3afb40	0x25f6ca8 0x25ec078
0x260c498	0x34c090	0x189fa20	False		0xc8	operator_new 0x2188170 0x3afb40	0x260c4a8 0x25ec078
0x260c588	0x34c090	0x189f9c0	False		0xc8	operator_new 0x2188170 0x3afb40	0x260c598 0x25ec078
0x260c678	0x34c090	0x189f960	False		0xc8	operator_new 0x2188170 0x3afb40	0x325fcc0 0x260c2a8 0x25ec078
0x260c688	0x34c090	0x189fcf0	False		0x2e8	operator_new 0x2188170 0x1893f30	0x25f3600 0x25ec850
0x260c698	0x34c090	0x189fc80	False		0xd8	operator_new 0x2188170 0x3afb40	0x260c6c8 0x260c6a8 0x247a488
0x260c7a8	0x34c090	0x189fc20	False		0xc8	operator_new 0x2188170 0x3afb40	0x25f36e0 0x25ec078
0x260c7b8	0x34c090	0x189fba0	False		0xd8	operator_new 0x2188170 0x3afb40	0x25f6a08 0x25f37c0 0x325fea8 0x2530798
0x260c7c8	0x34c090	0x189fb40	False		0xc8	operator_new 0x2188170 0x3afb40	0x25f6ae8 0x25ec078
0x260c7d8	0x34c090	0x189fae0	False		0xc8	operator_new 0x2188170 0x3afb40	0x25f6bc8 0x25ec078
0x260c7e8	0x34c090	0x189fec0	False		0x298	operator_new 0x2188170 0x3afb40 0x353bd0	0x25f3a80 0x25e9ee0 0x325fd48
0x260c7f8	0x34c090	0x189fe60	False		0x260	operator_new 0x2188170 0x3afb40 0x353bd0	0x25f3440 0x25eb1f8
0x260c808	0x34c090	0x189fe00	False		0xc8	operator_new 0x2188170 0x3afb40	0x25f3520 0x25ec078
0x260c818	0x34c090	0x189fda0	False		0x268	operator_new 0x3afb40 0x3549d0	0x2640bd8 0x25eb8d8
0x260c828	0x34c090	0x189fd40	False		0x268	operator_new 0x3afb40 0x3549d0	0x2640cb8 0x25eb8d8
0x260c838	0x34c090	0x189ea60	False		0xc8	operator_new 0x2188170 0x3afb40	0x25f59c0 0x25ec078
0x260c848	0x34c090	0x189ea00	False		0xc8	operator_new 0x2188170 0x3afb40	0x3260990 0x260c858 0x25ec078
0x260c938	0x34c090	0x189e9a0	False		0xc8	operator_new 0x2188170 0x3afb40	0x25f5aa0 0x25ec078
0x260c948	0x34c090	0x189e920	False		0xf8	operator_new 0x2188170 0x3afb40	0x25f5480 0x25ed6d0
0x260ca50	0x34c090	0x189eb80	False		0x290	operator_new 0x2188170 0x189ebf0	0x260ca80 0x260ca60 0x247a488
0x260cc90	0x34c090	0x189eb20	False		0xc8	operator_new 0x2188170 0x3afb40	0x25f5800 0x25ec078
0x260cca0	0x34c090	0x189eac0	False		0xc8	operator_new 0x2188170 0x3afb40	0x25f58e0 0x25ec078
0x260ccb0	0x34c090	0x189ecc0	False		0xc8	operator_new 0x2188170 0x3afb40	0x3260158 0x260ccc0 0x25ec078
0x260cda0	0x34c090	0x189ec50	False		0x290	operator_new 0x2188170 0x189ebf0	0x260c958 0x260ca60 0x247a488
0x260ce90	0x34c090	0x189ed20	False		0xc8	operator_new 0x2188170 0x3afb40	0x3260150 0x260cea0 0x25ec078
0x260cf80	0x34c090	0x189eef0	False		0x268	operator_new 0x3afb40 0x3549d0	0x2640038 0x25f6e68 0x325f208
0x260cf90	0x34c090	0x189eea0	False		0xc0	operator_new 0x2188170 0x3afb40	0x25f5d40 0x24b1d78
0x260cfa0	0x34c090	0x189ee40	False		0xe0	operator_new 0x2188170 0x3afb40 0x1760770	0x25f5e40 0x25f5e20
0x260cfb0	0x34c090	0x189ede0	False		0xc8	operator_new 0x2188170 0x3afb40	0x3260158 0x260cfc0 0x25ec078
0x260d0a0	0x34c090	0x189ed80	False		0xc8	operator_new 0x2188170 0x3afb40	0x3260158 0x260cdb0 0x25ec078
0x260d1a0	0x34c090	0x189ef60	False		0xc8	operator_new 0x2188170 0x3afb40	0x260d1b0 0x25ec078
0x260d2a0	0x34c090	0x189f080	False		0xc8	operator_new 0x2188170 0x3afb40	0x325f270 0x260d2b0 0x25ec078
0x260d390	0x34c090	0x189f020	False		0xd0	operator_new 0x3afb40	0x263ff58 0x25eb7b8 0x325f288
0x260d3a0	0x34c090	0x189efc0	False		0xc8	operator_new 0x2188170 0x3afb40	0x260d0b0 0x25ec078
0x260d3b0	0x34c090	0x189f210	False		0x4a8	operator_new 0x2188170 0x3afb40 0x1760770 0x34ecd0 0x353bd0	0x25f5b80 0x25f62b0 0x24b35c0
0x260d3c0	0x34c090	0x189f1a0	False		0x2e0	operator_new 0x187b9e0	0x2612070 0x325efc0
0x260d3d0	0x34c090	0x189f140	False		0x260	operator_new 0x2188170 0x3afb40 0x353bd0	0x25f5c60 0x25eb1f8
0x260d3e0	0x34c090	0x189f0e0	False		0xc8	operator_new 0x2188170 0x3afb40	0x3260650 0x260d3f0 0x25ec078
0x260d4d0	0x34c090	0x189d580	False		0x400	operator_new 0x2188170 0x3afb40 0x353bd0 0x353bd0	0x25f7368 0x25f7348
0x260d4e0	0x34c090	0x189d510	False		0x400	operator_new 0x2188170 0x3afb40 0x353bd0 0x353bd0	0x25f7448 0x25f7348
0x260d4f0	0x34c090	0x189d490	False		0xf0	operator_new 0x2188170 0x3afb40	0x25f6d88 0x25ea640
0x260d500	0x34c090	0x189d420	False		0x268	operator_new 0x2188170 0x3afb40 0x353bd0	0x25f6e88 0x25f6e68
0x260d510	0x34c090	0x189d390	False		0x298	operator_new 0x3afb40 0x3549d0	0x2612260 0x25f22b0
0x260d520	0x34c090	0x189d330	False		0x268	operator_new 0x3afb40 0x3549d0	0x2612340 0x25eb8d8
0x260d530	0x34c090	0x189d2b0	False		0x260	operator_new 0x2188170 0x3afb40 0x3549d0	0x2615ef8 0x25eb1f8 0x25f6f68
0x260d540	0x34c090	0x189d1f0	False		0x320	operator_new 0x2188170 0x3afb40 0x34ecd0	0x25f7068 0x25f7048 0x325ef38 0x24b35c0
0x260d630	0x34c090	0x189d7c0	False		0xc8	operator_new 0x2188170 0x3afb40	0x260d640 0x25ec078
0x260d720	0x34c090	0x189d730	False		0x488	operator_new 0x2188170 0x3afb40 0x353bd0 0x34ecd0	0x25f77e8 0x25f77c8 0x24b35c0
0x260d730	0x34c090	0x189d690	False		0x438	operator_new 0x2188170 0x3afb40 0x353bd0 0x353bd0	0x25f7168 0x25f7248
0x260d740	0x34c090	0x189d5f0	False		0x438	operator_new 0x2188170 0x3afb40 0x353bd0 0x353bd0	0x25f7268 0x25f7248
0x260d750	0x34c090	0x189da00	False		0xc8	operator_new 0x2188170 0x3afb40	0x25f7b68 0x25ec078
0x260d760	0x34c090	0x189d9a0	False		0xc8	operator_new 0x2188170 0x3afb40	0x260d770 0x25ec078
0x260d850	0x34c090	0x189d940	False		0xc8	operator_new 0x2188170 0x3afb40	0x25f7528 0x25ec078
0x260d860	0x34c090	0x189d8e0	False		0xc8	operator_new 0x2188170 0x3afb40	0x25f7608 0x25ec078
0x260d870	0x34c090	0x189d880	False		0xc8	operator_new 0x2188170 0x3afb40	0x25f76e8 0x25ec078
0x260d880	0x34c090	0x189d820	False		0xc8	operator_new 0x2188170 0x3afb40	0x260d550 0x25ec078
0x260d890	0x34c090	0x189ddb0	False		0x298	operator_new 0x2188170 0x3afb40 0x353bd0	0x25f82a0 0x25f22b0
0x260d8a0	0x34c090	0x189dd50	False		0x260	operator_new 0x2188170 0x3afb40 0x353bd0	0x25f7c48 0x25eb1f8
0x260d8b0	0x34c090	0x189dd00	False		0x2e8	operator_new 0x2188170 0x1893f30	0x25f7d28 0x25ec850
0x260d8c0	0x34c090	0x189dcb0	False		0x590	operator_new 0x2188170 0x17fac20	0x25f7e08 0x25ec458
0x260d8d0	0x34c090	0x189dc00	False		0x100	operator_new 0x2188170 0x3afb40	0x25f7f00 0x25ec670 0x32607b8
0x260d8e0	0x34c090	0x189db50	False		0x108	operator_new 0x2188170 0x3afb40	0x25f78c8 0x25f7fe0 0x24bfb20 0x247a358
0x260d8f0	0x34c090	0x189dac0	False		0xf8	operator_new 0x2188170 0x3afb40	0x25f79a8 0x25eae58 0x325f1e0
0x260d900	0x34c090	0x189da60	False		0xc8	operator_new 0x2188170 0x3afb40	0x25f7a88 0x25ec078
0x260d910	0x34c090	0x189e070	False		0xc8	operator_new 0x2188170 0x3afb40	0x25f8540 0x25ec078
0x260d920	0x34c090	0x189dfe0	False		0xf8	operator_new 0x2188170 0x3afb40	0x25f8620 0x25ed6d0 0x3260158
0x260d930	0x34c090	0x189df80	False		0x260	operator_new 0x2188170 0x3afb40 0x353bd0	0x25f8000 0x25eb1f8
0x260d940	0x34c090	0x189df20	False		0xc8	operator_new 0x2188170 0x3afb40	0x25f80e0 0x25ec078
0x260d950	0x34c090	0x189dec0	False		0xc8	operator_new 0x2188170 0x3afb40	0x25f81c0 0x25ec078
0x260d960	0x34c090	0x189de40	False		0x408	operator_new 0x2188170 0x3afb40 0x353bd0 0x353bd0	0x260d990 0x260d970
0x260da70	0x34c090	0x189e320	False		0x318	operator_new 0x2188170 0x1893f30	0x25f8800 0x25f87e0
0x260da80	0x34c090	0x189e2c0	False		0xc8	operator_new 0x2188170 0x3afb40	0x25f88e0 0x25ec078
0x260da90	0x34c090	0x189e250	False		0x490	operator_new 0x2188170 0x1800b90 0x353bd0	0x260daa0 0x25fbec0
0x260db80	0x34c090	0x189e1f0	False		0x488	operator_new 0x2188170 0x1800b90 0x353bd0	0x25f89c0 0x25f15f0
0x260db90	0x34c090	0x189e160	False		0xf8	operator_new 0x2188170 0x3afb40	0x25f8380 0x25ed6d0 0x325f378
0x260dba0	0x34c090	0x189e0d0	False		0x100	operator_new 0x2188170 0x3afb40	0x25f8460 0x25ec670 0x325f378
0x260dbb0	0x34c090	0x189e4c0	False		0x260	operator_new 0x2188170 0x3afb40 0x353bd0	0x25f52c0 0x25eb1f8
0x260dbc0	0x34c090	0x189e460	False		0x488	operator_new 0x2188170 0x1800b90 0x353bd0	0x25f53a0 0x25f15f0
0x260dbd0	0x34c090	0x189e400	False		0x488	operator_new 0x2188170 0x1800b90 0x353bd0	0x25f8700 0x25f15f0
0x260dbe0	0x34c090	0x189e3a0	False		0xc8	operator_new 0x2188170 0x3afb40	0x3260008 0x260dbf0 0x25ec078
0x260dcd0	0x34c090	0x189e8c0	False		0xc8	operator_new 0x2188170 0x3afb40	0x25f5560 0x25ec078
0x260dce0	0x34c090	0x189e860	False		0xc8	operator_new 0x2188170 0x3afb40	0x25f5640 0x25ec078
0x260dcf0	0x34c090	0x189e800	False		0xc8	operator_new 0x2188170 0x3afb40	0x260dd00 0x25ec078
0x260dde0	0x34c090	0x189e6c0	False		0xf0 0x1 -0x8000000000000000	operator_new 0x2188170 0x3afb40 operator_new	0x25f5720 0x25ea640 0x247aa24
0x260ddf0	0x34c090	0x189e660	False		0x260	operator_new 0x2188170 0x3afb40 0x353bd0	0x25f5100 0x25eb1f8
0x260de00	0x34c090	0x189e520	False		0xf0 0x1 -0x8000000000000000	operator_new 0x2188170 0x3afb40 operator_new	0x25f51e0 0x25ea640 0x247aa24
0x260de10	0x34c090	0x189bdd0	False		0x260	operator_new 0x2188170 0x3afb40 0x3549d0	0x2615ef8 0x25eb1f8 0x25f8c80
0x260de20	0x34c090	0x189bd30	False		0x118	operator_new 0x2188170 0x3afb40	0x25f8d60 0x25f17d0 0x24b30c8 0x24b3050
0x260de30	0x34c090	0x189bce0	False		0x308	operator_new 0x3afb40 0x30f900	0x2612bc0 0x2612ba0
0x260de40	0x34c090	0x189bc60	False		0xf0	operator_new 0x2188170 0x3afb40	0x25fc0a0 0x25ea640
0x260de50	0x34c090	0x189bbe0	False		0x260	operator_new 0x2188170 0x3afb40 0x3549d0	0x2615ef8 0x25eb1f8 0x25fc180
0x260de60	0x34c090	0x189bb60	False		0xf0	operator_new 0x2188170 0x3afb40	0x25fc260 0x25ea640
0x260de70	0x34c090	0x189bae0	False		0xf0	operator_new 0x2188170 0x3afb40	0x25fc340 0x25ea640
0x260de80	0x34c090	0x189ba90	False		0xc8	operator_new 0x3afb40	0x26129e0 0x25ec078
0x260de90	0x34c090	0x189c240	False		0x4e8	operator_new 0x2188170 0x3afb40 0x353bd0 0x353bd0	0x25f9480 0x25f9460 0x32613cc 0x24b1e78
0x260dea0	0x34c090	0x189c1e0	False		0x180	operator_new 0x2188170 0x3afb40 0x34ba00	0x25f8e40 0x24eaa90
0x260deb0	0x34c090	0x189c180	False		0x180	operator_new 0x2188170 0x3afb40 0x34ba00	0x25f8f20 0x24eaa90
0x260dec0	0x34c090	0x189c120	False		0x180	operator_new 0x2188170 0x3afb40 0x34ba00	0x25f9000 0x24eaa90
0x260ded0	0x34c090	0x189c0c0	False		0x180	operator_new 0x2188170 0x3afb40 0x34ba00	0x25f90e0 0x24eaa90
0x260dee0	0x34c090	0x189c060	False		0x180	operator_new 0x2188170 0x3afb40 0x34ba00	0x25f8aa0 0x24eaa90
0x260def0	0x34c090	0x189bf00	False		0xac8	operator_new 0x2188170 0x3afb40 0x353bd0 0x353bd0 0x34ecd0 0x353bd0 0x353bd0 0x3afb40	0x25f8ba0 0x25f8b80 0x24b30c8 0x24b3050 0x24b35c0 0x3260110
0x260df00	0x34c090	0x189be50	False		0x310	operator_new 0x2188170 0x3afb40 0x34ecd0	0x2612cc0 0x2612ca0 0x24b35c0
0x260df10	0x34c090	0x189c480	False		0x260	operator_new 0x2188170 0x3afb40 0x3549d0	0x2615ef8 0x25eb1f8 0x25f91c0
0x260df20	0x34c090	0x189c430	False		0xc0	operator_new 0x2188170 0x3afb40	0x25f92a0 0x24b1d78
0x260df30	0x34c090	0x189c3d0	False		0xc8	operator_new 0x2188170 0x3afb40	0x3260110 0x260df40 0x25ec078
0x260e020	0x34c090	0x189c380	False		0x2e8	operator_new 0x2188170 0x1800b90	0x25f9380 0x25ec850
0x260e030	0x34c090	0x189c710	False		0xd0	operator_new 0x2188170 0x3afb40	0x260e040 0x25eb7b8
0x260e120	0x34c090	0x189c6b0	False		0xd0	operator_new 0x2188170 0x3afb40	0x260e130 0x25eb7b8
0x260e210	0x34c090	0x189c650	False		0xc8	operator_new 0x2188170 0x3afb40	0x25f9720 0x25ec078
0x260e220	0x34c090	0x189c500	False		0x2e8	operator_new 0x2188170 0x3afb40 0x15f770 0x15f770 0x353bd0	0x25f9820 0x25f9800 0x2a02d78 0x2a02d90
0x260e230	0x34c090	0x189ca30	False		0xc8	operator_new 0x2188170 0x3afb40	0x25f9e40 0x25ec078
0x260e240	0x34c090	0x189c9d0	False		0xc8	operator_new 0x2188170 0x3afb40	0x25f9f20 0x25ec078
0x260e250	0x34c090	0x189c940	False		0x298	operator_new 0x2188170 0x3afb40 0x353bd0	0x25f9900 0x25e9ee0
0x260e260	0x34c090	0x189c8f0	False		0xc0	operator_new 0x2188170 0x3afb40	0x25f99e0 0x24b1d78
0x260e270	0x34c090	0x189c890	False		0xc8	operator_new 0x2188170 0x3afb40	0x25f9ac0 0x25ec078
0x260e280	0x34c090	0x189c830	False		0x260	operator_new 0x2188170 0x3afb40 0x353bd0	0x25f9ba0 0x25eb1f8
0x260e290	0x34c090	0x189c7d0	False		0x260	operator_new 0x2188170 0x3afb40 0x353bd0	0x25f9560 0x25eb1f8
0x260e2a0	0x34c090	0x189c770	False		0x260	operator_new 0x2188170 0x3afb40 0x353bd0	0x25f9640 0x25eb1f8
0x260e2b0	0x34c090	0x189caf0	False		0xc8	operator_new 0x2188170 0x3afb40	0x3260220 0x260e2c0 0x25ec078
0x260e3a0	0x34c090	0x189ca90	False		0xc8	operator_new 0x2188170 0x3afb40	0x3260220 0x260e3b0 0x25ec078
0x260e490	0x34c090	0x189cf60	False		0x4c0	operator_new 0x2188170 0x1800b90 0x353bd0	0x25fa6c0 0x25fa6a0
0x260e4a0	0x34c090	0x189cf00	False		0x260	operator_new 0x2188170 0x3afb40 0x353bd0	0x25fa000 0x25eb1f8
0x260e4b0	0x34c090	0x189ce00	False		0x3a0	operator_new 0x2188170 0x3afb40 0x353bd0 0x3afb40	0x25fa100 0x25fa0e0 0x325f068 0x24b1d98 0x24b1d78
0x260e4c0	0x34c090	0x189cda0	False		0x260	operator_new 0x2188170 0x3afb40 0x353bd0	0x25fa1e0 0x25eb1f8
0x260e4d0	0x34c090	0x189cd00	False		0x358	operator_new 0x2188170 0x3afb40 0x353bd0 0x3afb40	0x25fa2e0 0x25fa2c0
0x260e4e0	0x34c090	0x189cc80	False		0x278	operator_new 0x2188170 0x3afb40 0x353bd0	0x25f9c80 0x25fa3c0 0x247a4d0
0x260e4f0	0x34c090	0x189cbb0	False		0x480	operator_new 0x3afb40 0x353bd0 0x3549d0	0x2612440 0x2612420
0x260e500	0x34c090	0x189cb50	False		0x260	operator_new 0x2188170 0x3afb40 0x353bd0	0x25f9d60 0x25eb1f8
0x260e510	0x34c090	0x189d160	False		0x308	operator_new 0x2188170 0x3afb40 0x1760770 0x34ecd0	0x25fa3e0 0x25f7148 0x24b35c0
0x260e520	0x34c090	0x189d0d0	False		0x308	operator_new 0x2188170 0x3afb40 0x1760770 0x34ecd0	0x25fa4c0 0x25f7148 0x24b35c0
0x260e530	0x34c090	0x189d070	False		0xc8	operator_new 0x2188170 0x3afb40	0x325f068 0x260e540 0x25ec078
0x260e620	0x34c090	0x189cff0	False		0x608	operator_new 0x2188170 0x1893f30 0x353bd0 0x34ba00 0x3afb40	0x25fa5c0 0x25fa5a0
0x260e710	0x34c090	0x189aa20	False		0x260	operator_new 0x2188170 0x3afb40 0x3549d0	0x2615ef8 0x25eb1f8 0x25fad00
0x260e720	0x34c090	0x189a9a0	False		0x260	operator_new 0x2188170 0x3afb40 0x3549d0	0x2615ef8 0x25eb1f8 0x25fade0
0x260e730	0x34c090	0x189a940	False		0xc8	operator_new 0x2188170 0x3afb40	0x325fa88 0x260e740 0x25ec078
0x260e820	0x34c090	0x189ade0	False		0x260	operator_new 0x2188170 0x3afb40 0x3549d0	0x2615ef8 0x25eb1f8 0x25faec0
0x260e830	0x34c090	0x189ad60	False		0x260	operator_new 0x2188170 0x3afb40 0x3549d0	0x2615ef8 0x25eb1f8 0x25fafa0
0x260e840	0x34c090	0x189ace0	False		0x260	operator_new 0x2188170 0x3afb40 0x3549d0	0x2615ef8 0x25eb1f8 0x25fb080
0x260e850	0x34c090	0x189ac60	False		0x260	operator_new 0x2188170 0x3afb40 0x3549d0	0x2615ef8 0x25eb1f8 0x25fb160
0x260e860	0x34c090	0x189ac10	False		0xc8	operator_new 0x3afb40	0x2612fb8 0x25ec078
0x260e870	0x34c090	0x189ab90	False		0x260	operator_new 0x2188170 0x3afb40 0x3549d0	0x2615ef8 0x25eb1f8 0x25fab40
0x260e880	0x34c090	0x189ab10	False		0x260	operator_new 0x2188170 0x3afb40 0x3549d0	0x2615ef8 0x25eb1f8 0x25fac20
0x260e890	0x34c090	0x189aaa0	False		0x268	operator_new 0x2188170 0x3afb40 0x353bd0	0x260e630 0x25eb8d8
0x260e8a0	0x34c090	0x189b000	False		0xc8	operator_new 0x2188170 0x3afb40	0x25fb320 0x25ec078
0x260e8b0	0x34c090	0x189afa0	False		0xc8	operator_new 0x2188170 0x3afb40	0x325fc10 0x260e8c0 0x25ec078
0x260e9a0	0x34c090	0x189aee0	False		0x138	operator_new 0x2188170 0x3afb40	0x25fb420 0x25fb400 0x325fc10 0x325fc38
0x260e9b0	0x34c090	0x189ae60	False		0x260	operator_new 0x2188170 0x3afb40 0x3549d0	0x2615ef8 0x25eb1f8 0x25fb500
0x260e9c0	0x34c090	0x189b2d0	False		0xc8	operator_new 0x2188170 0x3afb40	0x25fb5e0 0x25ec078
0x260e9d0	0x34c090	0x189b280	False		0x2e8	operator_new 0x2188170 0x1893f30	0x25fb6c0 0x25ec850
0x260e9e0	0x34c090	0x189b1f0	False		0x2a0	operator_new 0x3afb40 0x353bd0	0x2613098 0x25f3178 0x32607b8
0x260e9f0	0x34c090	0x189b120	False		0x698	operator_new 0x2188170 0x3afb40 0x34ecd0 0x34ecd0 0x34ba00 0x34ba00	0x25fb7c0 0x25fb7a0 0x24c7f80
0x260ea00	0x34c090	0x189b0c0	False		0x2f0	operator_new 0x2188170 0x1893f30	0x25fb8a0 0x25efed8 0x325f2b0
0x260ea10	0x34c090	0x189b060	False		0xc8	operator_new 0x2188170 0x3afb40	0x25fb240 0x25ec078
0x260ea20	0x34c090	0x189b380	False		0xc8	operator_new 0x2188170 0x3afb40	0x260ea30 0x25ec078
0x260eb10	0x34c090	0x189b320	False		0xc8	operator_new 0x2188170 0x3afb40	0x325f840 0x260eb20 0x25ec078
0x260ece0	0x34c090	0x189b540	False		0x310	operator_new 0x3afb40 0x30f900	0x2612520 0x26127e0
0x260ecf0	0x34c090	0x189b4b0	False		0x438	operator_new 0x3afb40 0x353bd0 0x353bd0	0x2612620 0x2612600 0x325f1b0
0x260ed00	0x34c090	0x189b460	False		0x2e8	operator_new 0x2188170 0x1893f30	0x25fbb40 0x25ec850
0x260ed10	0x34c090	0x189b3e0	False		0x260	operator_new 0x2188170 0x3afb40 0x3549d0	0x2615ef8 0x25eb1f8 0x25fbc20
0x260ee00	0x34c090	0x189b6a0	False		0xf0	operator_new 0x2188170 0x3afb40	0x25fbfc0 0x25ea640
0x260ee10	0x34c090	0x189b650	False		0x2e8	operator_new 0x2188170 0x1893f30	0x25fb980 0x25ec850
0x260ee20	0x34c090	0x189b600	False		0x2e8	operator_new 0x2188170 0x1893f30	0x25fba60 0x25ec850
0x260ee30	0x34c090	0x189b5a0	False		0xc8	operator_new 0x2188170 0x3afb40	0x325f458 0x260ec00 0x25ec078
0x260ee40	0x34c090	0x189ba40	False		0xc8	operator_new 0x3afb40	0x2612ac0 0x25ec078
0x260ee50	0x34c090	0x189b9c0	False		0x260	operator_new 0x2188170 0x3afb40 0x3549d0	0x2615ef8 0x25eb1f8 0x25fbd00
0x260ee60	0x34c090	0x189b970	False		0xc0	operator_new 0x2188170 0x3afb40	0x25fbde0 0x24b1d78
0x260ee70	0x34c090	0x189b900	False		0x490	operator_new 0x2188170 0x1800b90 0x353bd0	0x25fbee0 0x25fbec0
0x260ee80	0x34c090	0x189b8a0	False		0x260	operator_new 0x3afb40 0x3549d0	0x2612800 0x25eb1f8
0x260ee90	0x34c090	0x189b820	False		0x298	operator_new 0x3afb40 0x353bd0	0x26128e0 0x25f22b0
0x260eea0	0x34c090	0x189b780	False		0x358	operator_new 0x3afb40 0x353bd0 0x3afb40	0x2612700 0x26129c0 0x247a488 0x24b4030
0x260eeb0	0x34c090	0x189b720	False		0xc8	operator_new 0x2188170 0x3afb40	0x325ff58 0x260ed20 0x25ec078
0x260eec0	0x34c090	0x1899ab0	False		0x4c0	operator_new 0x2188170 0x18a7bc0	0x25fcd50 0x25fc508
0x260eed0	0x34c090	0x1899a60	False		0x4c0	operator_new 0x2188170 0x18a7bc0	0x25fce38 0x25fc508
0x260eee0	0x34c090	0x1899a10	False		0x4c0	operator_new 0x2188170 0x18a7bc0	0x25fc7e0 0x25fc508
0x260eef0	0x34c090	0x18999c0	False		0x4c0	operator_new 0x2188170 0x18a7bc0	0x25fc8c8 0x25fc508
0x260ef00	0x34c090	0x1899970	False		0x4c0	operator_new 0x2188170 0x18a7bc0	0x25fc9b0 0x25fc508
0x260ef10	0x34c090	0x1899920	False		0x4c0	operator_new 0x2188170 0x18a7bc0	0x25fca98 0x25fc508
0x260ef20	0x34c090	0x18998d0	False		0x4c0	operator_new 0x2188170 0x18a7bc0	0x25fc420 0x25fc508
0x260ef30	0x34c090	0x1899880	False		0x4c0	operator_new 0x2188170 0x18a7bc0	0x25fc528 0x25fc508
0x260ef40	0x34c090	0x1899d70	False		0xc8	operator_new 0x2188170 0x3afb40	0x25fd558 0x25ec078
0x260ef50	0x34c090	0x1899d10	False		0xc8	operator_new 0x2188170 0x3afb40	0x25fcf20 0x25ec078
0x260ef60	0x34c090	0x1899cc0	False		0x4c0	operator_new 0x2188170 0x18a7bc0	0x25fd000 0x25fc508
0x260ef70	0x34c090	0x1899c40	False		0x668	operator_new 0x1840ac0 0x34ecd0	0x2613198 0x2613178 0x24c7f80
0x260ef80	0x34c090	0x1899bf0	False		0x298	operator_new 0x2188170 0x1840700	0x25fd0e8 0x25f2b08
0x260ef90	0x34c090	0x1899ba0	False		0x298	operator_new 0x2188170 0x1840700	0x25fd1d0 0x25f2b08
0x260efa0	0x34c090	0x1899b50	False		0x4c0	operator_new 0x2188170 0x18a7bc0	0x25fcb80 0x25fc508
0x260efb0	0x34c090	0x1899b00	False		0x4c0	operator_new 0x2188170 0x18a7bc0	0x25fcc68 0x25fc508
0x260f0a0	0x34c090	0x1899fe0	False		0xc8	operator_new 0x2188170 0x3afb40	0x25fd2b8 0x25ec078
0x260f0b0	0x34c090	0x1899f20	False		0x2d0	operator_new 0x3afb40 0x353bd0	0x2613378 0x2613358 0x325efc0
0x260f0c0	0x34c090	0x1899e80	False		0x128	operator_new 0x3afb40	0x2613278 0x25f2cf8 0x325efc0
0x260f0d0	0x34c090	0x1899e20	False		0xc8	operator_new 0x2188170 0x3afb40	0x25fd398 0x25ec078
0x260f0e0	0x34c090	0x1899dd0	False		0x2e8	operator_new 0x2188170 0x1893f30	0x25fd478 0x25ec850
0x260f1d0	0x34c090	0x189a110	False		0x270	operator_new 0x2188170 0x3afb40 0x353bd0	0x25fd818 0x25fd7f8 0x325ff28
0x260f1e0	0x34c090	0x189a0a0	False		0xd0	operator_new 0x2188170 0x3afb40	0x25fd8f8 0x25eb7b8 0x325ff28
0x260f1f0	0x34c090	0x189a040	False		0xc8	operator_new 0x2188170 0x3afb40	0x325ff38 0x260efc0 0x25ec078
0x260f200	0x34c090	0x189a340	False		0x108	operator_new 0x2188170 0x3afb40	0x25fdbb8 0x25fdb98
0x260f210	0x34c090	0x189a2f0	False		0xc0	operator_new 0x2188170 0x3afb40	0x25fdc98 0x24b1d78
0x260f220	0x34c090	0x189a2a0	False		0xc0	operator_new 0x2188170 0x3afb40	0x25fd638 0x24b1d78
0x260f230	0x34c090	0x189a250	False		0xc0	operator_new 0x2188170 0x3afb40	0x25fd718 0x24b1d78
0x260f240	0x34c090	0x189a1f0	False		0xc8	operator_new 0x2188170 0x3afb40	0x325ff28 0x260f250 0x25ec078
0x260f330	0x34c090	0x189a190	False		0xc8	operator_new 0x2188170 0x3afb40	0x325ff28 0x260f0f0 0x25ec078
0x260f340	0x34c090	0x189a510	False		0xc8	operator_new 0x2188170 0x3afb40	0x25fd9d8 0x25ec078
0x260f350	0x34c090	0x189a4b0	False		0xc8	operator_new 0x2188170 0x3afb40	0x25fdab8 0x25ec078
0x260f360	0x34c090	0x189a450	False		0xc8	operator_new 0x2188170 0x3afb40	0x325f560 0x260f370 0x25ec078
0x260f450	0x34c090	0x189a3d0	False		0x328	operator_new 0x1800b90	0x2612df8 0x2612dd8 0x325f560
0x260f460	0x34c090	0x189a770	False		0x2e8	operator_new 0x2188170 0x1800b90	0x25fa960 0x25ec850
0x260f470	0x34c090	0x189a720	False		0x2e8	operator_new 0x2188170 0x1800b90	0x25faa40 0x25ec850
0x260f480	0x34c090	0x189a6a0	False		0xe8	operator_new 0x2188170 0x3afb40	0x25ebab8 0x25fdd78 0x25fab20
0x260f490	0x34c090	0x189a620	False		0xe8	operator_new 0x2188170 0x3afb40	0x25ebab8 0x25fde58 0x25fab20
0x260f4a0	0x34c090	0x189a5d0	False		0x2e8	operator_new 0x2188170 0x1893f30	0x25fdf38 0x25ec850
0x260f4b0	0x34c090	0x189a570	False		0xc8	operator_new 0x2188170 0x3afb40	0x25fe018 0x25ec078
0x260f4c0	0x34c090	0x189a8f0	False		0xc8	operator_new 0x3afb40	0x2612ed8 0x25ec078
0x260f4d0	0x34c090	0x189a8a0	False		0x2e8	operator_new 0x2188170 0x1893f30	0x25fa7a0 0x25ec850
0x260f4e0	0x34c090	0x189a820	False		0x260	operator_new 0x2188170 0x3afb40 0x3549d0	0x2615ef8 0x25eb1f8 0x25fa880
0x260f4f0	0x34c090	0x189a7c0	False		0xc8	operator_new 0x2188170 0x3afb40	0x260f500 0x25ec078
0x260f6c0	0x34c090	0x18986a0	False		0x298	operator_new 0x3afb40 0x353bd0	0x2613718 0x25e9ee0 0x325f8f8
0x260f6d0	0x34c090	0x1898640	False		0x268	operator_new 0x3afb40 0x353bd0	0x26137f8 0x25f6e68
0x260f6e0	0x34c090	0x18985d0	False		0x400	operator_new 0x3afb40 0x3549d0 0x353bd0	0x2613458 0x25f7348
0x260f6f0	0x34c090	0x1898570	False		0x488	operator_new 0x2188170 0x1893f30 0x353bd0	0x26016e8 0x25f15f0
0x260f700	0x34c090	0x18984e0	False		0x298	operator_new 0x3afb40 0x353bd0	0x2613558 0x2613538
0x260f710	0x34c090	0x1898450	False		0x298	operator_new 0x3afb40 0x353bd0	0x2613638 0x2613538
0x260f720	0x34c090	0x18988d0	False		0xc8	operator_new 0x2188170 0x3afb40	0x25fe398 0x25ec078
0x260f730	0x34c090	0x1898880	False		0xc8	operator_new 0x3afb40	0x2613b78 0x25ec078
0x260f740	0x34c090	0x1898830	False		0xc8	operator_new 0x3afb40	0x26138d8 0x25ec078
0x260f750	0x34c090	0x18987e0	False		0xc8	operator_new 0x3afb40	0x26139b8 0x25ec078
0x260f760	0x34c090	0x1898790	False		0xc8	operator_new 0x3afb40	0x2613a98 0x25ec078
0x260f770	0x34c090	0x1898730	False		0x2f0	operator_new 0x2188170 0x1893f30	0x260f5e0 0x25efed8
0x260f860	0x34c090	0x1898990	False		0x100	operator_new 0x2188170 0x3afb40	0x25fe2b8 0x25ec670 0x325ef68
0x260f870	0x34c090	0x1898930	False		0xc8	operator_new 0x2188170 0x3afb40	0x325f038 0x260f880 0x25ec078
0x260f960	0x34c090	0x1898c70	False		0x690	operator_new 0x1840700 0x844b60	0x2613f18 0x2613ef8
0x260f970	0x34c090	0x1898c10	False		0xc8	operator_new 0x2188170 0x3afb40	0x25fe638 0x25ec078
0x260f980	0x34c090	0x1898bc0	False		0x2e8	operator_new 0x2188170 0x1800b90	0x25fe718 0x25ec850
0x260f990	0x34c090	0x1898b70	False		0x2e8	operator_new 0x2188170 0x1800b90	0x25fe0f8 0x25ec850
0x260f9a0	0x34c090	0x1898b20	False		0x2e8	operator_new 0x2188170 0x1800b90	0x25fe1d8 0x25ec850
0x260f9b0	0x34c090	0x1898ad0	False		0xc8	operator_new 0x3afb40	0x2613c58 0x25ec078
0x260f9c0	0x34c090	0x1898a80	False		0xc8	operator_new 0x3afb40	0x2613d38 0x25ec078
0x260f9d0	0x34c090	0x1898a20	False		0xc8	operator_new 0x2188170 0x3afb40	0x325ef68 0x260f780 0x25ec078
0x260f9e0	0x34c090	0x1898fe0	False		0x260	operator_new 0x2188170 0x3afb40 0x3549d0	0x2615ef8 0x25eb1f8 0x25fe7f8
0x260f9f0	0x34c090	0x1898f60	False		0x260	operator_new 0x2188170 0x3afb40 0x3549d0	0x2615ef8 0x25eb1f8 0x25fe8d8
0x260fa00	0x34c090	0x1898ed0	False		0xf8	operator_new 0x3afb40	0x26140f8 0x26140d8 0x247a530 0x247a488
0x260fa10	0x34c090	0x1898e30	False		0x388	operator_new 0x2188170 0x3afb40 0x353bd0	0x25fe9d8 0x25fe9b8 0x247b078
0x260fa20	0x34c090	0x1898db0	False		0x2a8	operator_new 0x17f7860	0x26141f8 0x26141d8 0x247b078
0x260fa30	0x34c090	0x1898d60	False		0x438	operator_new 0x2188170 0x1840ac0	0x25fead8 0x25feab8
0x260fa40	0x34c090	0x1898d10	False		0x438	operator_new 0x2188170 0x1840ac0	0x25fe478 0x25feab8
0x260fa50	0x34c090	0x1898cc0	False		0x298	operator_new 0x2188170 0x1840700	0x25fe558 0x25f2b08
0x260fa60	0x34c090	0x18992c0	False		0x100	operator_new 0x2188170 0x3afb40	0x325f1c0 0x25ff270 0x25ff250
0x260fa70	0x34c090	0x1899260	False		0xc8	operator_new 0x2188170 0x3afb40	0x260fa80 0x25ec078
0x260fb60	0x34c090	0x18991e0	False		0x260	operator_new 0x2188170 0x3afb40 0x3549d0	0x2615ef8 0x25eb1f8 0x25febb8
0x260fb70	0x34c090	0x1899140	False		0x430	operator_new 0x2188170 0x3afb40 0x353bd0 0x353bd0	0x25fecb8 0x25fec98
0x260fb80	0x34c090	0x18990b0	False		0x298	operator_new 0x2188170 0x3afb40 0x353bd0	0x25fedb8 0x25fed98
0x260fb90	0x34c090	0x1899060	False		0x2e8	operator_new 0x2188170 0x1800b90	0x25fee98 0x25ec850
0x260fba0	0x34c090	0x18995b0	False		0x4c0	operator_new 0x2188170 0x18a7bc0	0x25ff8c0 0x25fc508
0x260fbb0	0x34c090	0x1899560	False		0x4c0	operator_new 0x2188170 0x18a7bc0	0x25ff9a8 0x25fc508
0x260fbc0	0x34c090	0x1899510	False		0x4c0	operator_new 0x2188170 0x18a7bc0	0x25ff350 0x25fc508
0x260fbd0	0x34c090	0x18994c0	False		0x4c0	operator_new 0x2188170 0x18a7bc0	0x25ff438 0x25fc508
0x260fbe0	0x34c090	0x1899470	False		0x4c0	operator_new 0x2188170 0x18a7bc0	0x25ff520 0x25fc508
0x260fbf0	0x34c090	0x1899420	False		0x4c0	operator_new 0x2188170 0x18a7bc0	0x25ff608 0x25fc508
0x260fc00	0x34c090	0x18993d0	False		0x4c0	operator_new 0x2188170 0x18a7bc0	0x25fef78 0x25fc508
0x260fc10	0x34c090	0x1899350	False		0x6e8	operator_new 0x2188170 0x18a7bc0 0x34ecd0	0x25ff080 0x25ff060 0x24c7f80
0x260fc20	0x34c090	0x1899830	False		0x4c0	operator_new 0x2188170 0x18a7bc0	0x25fc610 0x25fc508
0x260fc30	0x34c090	0x18997e0	False		0x4c0	operator_new 0x2188170 0x18a7bc0	0x25fc6f8 0x25fc508
0x260fc40	0x34c090	0x1899790	False		0x4c0	operator_new 0x2188170 0x18a7bc0	0x25ffa90 0x25fc508
0x260fc50	0x34c090	0x1899740	False		0x4c0	operator_new 0x2188170 0x18a7bc0	0x25ffb78 0x25fc508
0x260fc60	0x34c090	0x18996f0	False		0x4c0	operator_new 0x2188170 0x18a7bc0	0x25ffc60 0x25fc508
0x260fc70	0x34c090	0x18996a0	False		0x4c0	operator_new 0x2188170 0x18a7bc0	0x25ffd48 0x25fc508
0x260fc80	0x34c090	0x1899650	False		0x4c0	operator_new 0x2188170 0x18a7bc0	0x25ff6f0 0x25fc508
0x260fc90	0x34c090	0x1899600	False		0x4c0	operator_new 0x2188170 0x18a7bc0	0x25ff7d8 0x25fc508
0x260fca0	0x34c090	0x1896f80	False		0xc8	operator_new 0x2188170 0x3afb40	0x26006f0 0x25ec078
0x260fcb0	0x34c090	0x1896f00	False		0x260	operator_new 0x2188170 0x3afb40 0x3549d0	0x2615ef8 0x25eb1f8 0x26007d0
0x260fcc0	0x34c090	0x1896ea0	False		0x268	operator_new 0x3afb40 0x3549d0	0x2614f10 0x25eb8d8
0x260fcd0	0x34c090	0x1896e50	False		0x2e8	operator_new 0x2188170 0x1893f30	0x26001b0 0x25ec850
0x260fce0	0x34c090	0x1896e00	False		0x2e8	operator_new 0x2188170 0x1893f30	0x2600290 0x25ec850
0x260fcf0	0x34c090	0x1896db0	False		0x2e8	operator_new 0x2188170 0x1893f30	0x2600370 0x25ec850
0x260fd00	0x34c090	0x1896d60	False		0x2e8	operator_new 0x2188170 0x1893f30	0x2600450 0x25ec850
0x260fd10	0x34c090	0x1896d10	False		0x2e8	operator_new 0x2188170 0x1893f30	0x25ffe30 0x25ec850
0x260fd20	0x34c090	0x18970f0	False		0x260	operator_new 0x2188170 0x3afb40 0x3549d0	0x2615ef8 0x25eb1f8 0x2600530
0x260fd30	0x34c090	0x1897090	False		0xc8	operator_new 0x2188170 0x3afb40	0x325f1c0 0x260fd40 0x25ec078
0x260fe20	0x34c090	0x1897040	False		0xc8	operator_new 0x3afb40	0x2614e30 0x25ec078
0x260fe30	0x34c090	0x1896fe0	False		0xc8	operator_new 0x2188170 0x3afb40	0x2600610 0x25ec078
0x260fe40	0x34c090	0x1897290	False		0x140	operator_new 0x3afb40	0x2614310 0x26142f0 0x325fb38 0x247a4d0 0x247a488
0x260fe50	0x34c090	0x1897230	False		0xc8	operator_new 0x2188170 0x3afb40	0x325ff40 0x260fe60 0x25ec078
0x260ff40	0x34c090	0x18971f0	False		0x1eb0	operator_new 0x18103c0	0x2615010 0x2614ff0
0x260ff50	0x34c090	0x1897170	False		0x260	operator_new 0x2188170 0x3afb40 0x3549d0	0x2615ef8 0x25eb1f8 0x2600b50
0x260ff60	0x34c090	0x1897690	False		0x298	operator_new 0x3afb40 0x3549d0	0x26146b0 0x25f22b0
0x260ff70	0x34c090	0x1897610	False		0x260	operator_new 0x2188170 0x3afb40 0x3549d0	0x2615ef8 0x25eb1f8 0x2600ed0
0x260ff80	0x34c090	0x1897530	False		0x3b0	operator_new 0x3afb40 0x353bd0 0x3afb40	0x2614410 0x26143f0 0x24b30c8 0x24b3050 0x325f1b0
0x260ff90	0x34c090	0x18974e0	False		0x488	operator_new 0x1800b90 0x353bd0	0x26144f0 0x25f15f0
0x260ffa0	0x34c090	0x1897480	False		0x490	operator_new 0x1800b90 0x353bd0	0x26145d0 0x25fbec0
0x260ffb0	0x34c090	0x1897420	False		0xc8	operator_new 0x2188170 0x3afb40	0x26008b0 0x25ec078
0x260ffc0	0x34c090	0x18973c0	False		0xc8	operator_new 0x2188170 0x3afb40	0x2600990 0x25ec078
0x260ffd0	0x34c090	0x1897360	False		0xc8	operator_new 0x2188170 0x3afb40	0x2600a70 0x25ec078
0x260ffe0	0x34c090	0x1897960	False		0x298	operator_new 0x2188170 0x3afb40 0x353bd0	0x2601170 0x25fed98
0x260fff0	0x34c090	0x18978d0	False		0x298	operator_new 0x2188170 0x3afb40 0x353bd0	0x2601250 0x25fed98
0x2610000	0x34c090	0x1897840	False		0x298	operator_new 0x2188170 0x3afb40 0x353bd0	0x2600c30 0x25fed98
0x2610010	0x34c090	0x18977e0	False		0xc8	operator_new 0x2188170 0x3afb40	0x2600d10 0x25ec078
0x2610020	0x34c090	0x1897780	False		0xc8	operator_new 0x2188170 0x3afb40	0x2600df0 0x25ec078
0x2610030	0x34c090	0x1897720	False		0xc8	operator_new 0x2188170 0x3afb40	0x2610040 0x25ec078
0x2610120	0x34c090	0x1897b00	False		0xc8	operator_new 0x2188170 0x3afb40	0x325f208 0x2610130 0x25ec078
0x2610210	0x34c090	0x1897ab0	False		0xc8	operator_new 0x3afb40	0x2614790 0x25ec078
0x2610220	0x34c090	0x1897a50	False		0xc8	operator_new 0x2188170 0x3afb40	0x2600fb0 0x25ec078
0x2610230	0x34c090	0x18979f0	False		0xc8	operator_new 0x2188170 0x3afb40	0x2601090 0x25ec078
0x2610240	0x34c090	0x1897e80	False		0x268	operator_new 0x3afb40 0x3549d0	0x25eb9d8 0x25eb8d8
0x2610250	0x34c090	0x1897e10	False		0x268	operator_new 0x3afb40 0x3549d0	0x25eb8f8 0x25eb8d8
0x2610260	0x34c090	0x1897db0	False		0x268	operator_new 0x3afb40 0x3549d0	0x25ebeb8 0x25eb8d8
0x2610270	0x34c090	0x1897d50	False		0x268	operator_new 0x3afb40 0x3549d0	0x25ebdd8 0x25eb8d8
0x2610280	0x34c090	0x1897cd0	False		0x260	operator_new 0x2188170 0x3afb40 0x3549d0	0x2615ef8 0x25eb1f8 0x26014f0
0x2610290	0x34c090	0x1897c70	False		0xd8	operator_new 0x3afb40	0x2614870 0x2614a30 0x247a488
0x26102a0	0x34c090	0x1897bf0	False		0x320	operator_new 0x1800b90	0x2614950 0x25ee8f0 0x325f208
0x26102b0	0x34c090	0x1897b60	False		0x320	operator_new 0x2188170 0x1800b90	0x26015f0 0x26015d0 0x325f208
0x26102c0	0x34c090	0x1898320	False		0x9e8	operator_new 0x3afb40 0x3549d0 0x353bd0 0x353bd0 0x3549d0 0x3afb40 0x34ba00 0x3afb40	0x2614b70 0x2614b50 0x247a4d0 0x247a488
0x26102d0	0x34c090	0x18982c0	False		0x260	operator_new 0x3afb40 0x3549d0	0x2614c50 0x25eb1f8
0x26102e0	0x34c090	0x1898170	False		0x930	operator_new 0x3afb40 0x3afb40 0x3549d0 0x353bd0 0x353bd0 0x34ecd0	0x2614a70 0x2614a50 0x24b35c0
0x26102f0	0x34c090	0x18980f0	False		0x260	operator_new 0x2188170 0x3afb40 0x3549d0	0x2615ef8 0x25eb1f8 0x26017c8
0x2610300	0x34c090	0x1898070	False		0x260	operator_new 0x2188170 0x3afb40 0x3549d0	0x2615ef8 0x25eb1f8 0x26018a8
0x2610310	0x34c090	0x1897ff0	False		0x260	operator_new 0x2188170 0x3afb40 0x3549d0	0x2615ef8 0x25eb1f8 0x2601988
0x2610320	0x34c090	0x1897f70	False		0x260	operator_new 0x2188170 0x3afb40 0x3549d0	0x2615ef8 0x25eb1f8 0x2601330
0x2610330	0x34c090	0x1897ef0	False		0x260	operator_new 0x2188170 0x3afb40 0x3549d0	0x2615ef8 0x25eb1f8 0x2601410
0x2610340	0x34c090	0x1895ed0	False		0xc8	operator_new 0x2188170 0x3afb40	0x2602448 0x25ec078
0x2610350	0x34c090	0x1895e70	False		0xc8	operator_new 0x2188170 0x3afb40	0x2601e08 0x25ec078
0x2610360	0x34c090	0x1895e10	False		0xc8	operator_new 0x2188170 0x3afb40	0x2601ee8 0x25ec078
0x2610370	0x34c090	0x1895d40	False		0x628 0x20	operator_new 0x3afb40 0x3549d0 0x353bd0 0x375ca0	0x25ea1c0 0x25ea0c0 0x24bcf70 0x247a488
0x2610380	0x34c090	0x1895c70	False		0x628 0x20	operator_new 0x3afb40 0x3549d0 0x353bd0 0x375ca0	0x25ea0e0 0x25ea0c0 0x24bcf70 0x247a488
0x2610390	0x34c090	0x1895b50	False		0x720	operator_new 0x3afb40 0x353bd0 0x353bd0 0x3549d0 0x3afb40	0x26152d0 0x26152b0 0x24b30c8 0x24b3050 0x325fdb8
0x26103a0	0x34c090	0x1895f90	False		0xc8	operator_new 0x2188170 0x3afb40	0x325f760 0x26103b0 0x25ec078
0x2610490	0x34c090	0x1895f30	False		0xc8	operator_new 0x2188170 0x3afb40	0x325f3a8 0x26104a0 0x25ec078
0x2610580	0x34c090	0x18962d0	False		0xc8	operator_new 0x2188170 0x3afb40	0x2602b48 0x25ec078
0x2610590	0x34c090	0x1896270	False		0xc8	operator_new 0x2188170 0x3afb40	0x2602528 0x25ec078
0x26105a0	0x34c090	0x1896210	False		0xc8	operator_new 0x2188170 0x3afb40	0x2602608 0x25ec078
0x26105b0	0x34c090	0x18961b0	False		0xc8	operator_new 0x2188170 0x3afb40	0x26026e8 0x25ec078
0x26105c0	0x34c090	0x1896150	False		0xc8	operator_new 0x2188170 0x3afb40	0x26027c8 0x25ec078
0x26105d0	0x34c090	0x18960f0	False		0xc8	operator_new 0x2188170 0x3afb40	0x26021a8 0x25ec078
0x26105e0	0x34c090	0x1896050	False		0x2a0	operator_new 0x2188170 0x3afb40 0x353bd0	0x2602288 0x25ef210 0x325ef60
0x26105f0	0x34c090	0x1895ff0	False		0xc8	operator_new 0x2188170 0x3afb40	0x2602368 0x25ec078
0x26106e0	0x34c090	0x1896380	False		0xc8	operator_new 0x2188170 0x3afb40	0x325f2a0 0x26106f0 0x25ec078
0x26107d0	0x34c090	0x1896330	False		0x2e8	operator_new 0x2188170 0x1893f30	0x2602a68 0x25ec850
0x26107e0	0x34c090	0x1896500	False		0x2e8	operator_new 0x2188170 0x1800b90	0x2602988 0x25ec850
0x26107f0	0x34c090	0x18964a0	False		0xc8	operator_new 0x2188170 0x3afb40	0x325f2a0 0x2610800 0x25ec078
0x26108e0	0x34c090	0x1896440	False		0x2f0	operator_new 0x2188170 0x1800b90	0x26108f0 0x25efed8
0x26109d0	0x34c090	0x18963e0	False		0xc8	operator_new 0x2188170 0x3afb40	0x325f2a0 0x2610600 0x25ec078
0x2610ac0	0x34c090	0x1896640	False		0xc8	operator_new 0x2188170 0x3afb40	0x2602d08 0x25ec078
0x2610ad0	0x34c090	0x18965f0	False		0x2e8	operator_new 0x2188170 0x1800b90	0x2602de8 0x25ec850
0x2610ae0	0x34c090	0x18965a0	False		0x2e8	operator_new 0x2188170 0x1800b90	0x2602ec8 0x25ec850
0x2610af0	0x34c090	0x1896550	False		0x2e8	operator_new 0x2188170 0x1800b90	0x26028a8 0x25ec850
0x2610b00	0x34c090	0x1896970	False		0x2c0	operator_new 0x3afb40 0x353bd0	0x2614d50 0x2614d30 0x24b30c8 0x24b3050
0x2610b10	0x34c090	0x18968f0	False		0x400	operator_new 0x2188170 0x3afb40 0x353bd0 0x353bd0	0x2603168 0x25eb1f8 0x2603088 0x25f7348
0x2610b20	0x34c090	0x1896890	False		0x260	operator_new 0x2188170 0x3afb40 0x353bd0	0x2603168 0x25eb1f8
0x2610b30	0x34c090	0x1896820	False		0x320	operator_new 0x3afb40 0x3549d0 0x3afb40	0x25ebcf8 0x25ebbf8
0x2610b40	0x34c090	0x18967b0	False		0x320	operator_new 0x3afb40 0x3549d0 0x3afb40	0x25ebc18 0x25ebbf8
0x2610b50	0x34c090	0x1896750	False		0xc8	operator_new 0x2188170 0x3afb40	0x2603248 0x25ec078
0x2610b60	0x34c090	0x1896700	False		0x2e8	operator_new 0x2188170 0x1800b90	0x2602c28 0x25ec850
0x2610b70	0x34c090	0x18966a0	False		0xc8	operator_new 0x2188170 0x3afb40	0x325f3e8 0x26109e0 0x25ec078
0x2610b80	0x34c090	0x1896cc0	False		0x2e8	operator_new 0x2188170 0x1893f30	0x25fff10 0x25ec850
0x2610b90	0x34c090	0x1896c60	False		0xc8	operator_new 0x2188170 0x3afb40	0x25ffff0 0x25ec078
0x2610ba0	0x34c090	0x1896c00	False		0x488	operator_new 0x2188170 0x1893f30 0x353bd0	0x26000d0 0x25f15f0
0x2610bb0	0x34c090	0x1896bb0	False		0x2e8	operator_new 0x2188170 0x1893f30	0x2603328 0x25ec850
0x2610bc0	0x34c090	0x1896b60	False		0x2e8	operator_new 0x2188170 0x1893f30	0x2603408 0x25ec850
0x2610bd0	0x34c090	0x1896b10	False		0x2e8	operator_new 0x2188170 0x1893f30	0x26034e8 0x25ec850
0x2610be0	0x34c090	0x1896a90	False		0x260	operator_new 0x2188170 0x3afb40 0x3549d0	0x2615ef8 0x25eb1f8 0x26035c8
0x2610bf0	0x34c090	0x1896a10	False		0x260	operator_new 0x2188170 0x3afb40 0x3549d0	0x2615ef8 0x25eb1f8 0x2602fa8
0x2610c00	0x34c090	0x18949a0	False		0x298	operator_new 0x2188170 0x1840700	0x2605eb0 0x25f2b08
0x2610c10	0x34c090	0x1894950	False		0x298	operator_new 0x2188170 0x1840700	0x2605f98 0x25f2b08
0x2610c20	0x34c090	0x18948d0	False		0xf0	operator_new 0x2188170 0x3afb40	0x2605b20 0x25ea640
0x2610c30	0x34c090	0x1894880	False		0x298	operator_new 0x2188170 0x1840700	0x2605c00 0x25f2b08
0x2610c40	0x34c090	0x18947c0	False		0x340	operator_new 0x3afb40 0x34ecd0	0x26154f0 0x26154d0 0x325ef38 0x24b35c0
0x2610c50	0x34c090	0x1894730	False		0x290	operator_new 0x2188170 0x3afb40 0x353bd0	0x2605ce8 0x25f1410
0x2610c60	0x34c090	0x18946e0	False		0x2e8	operator_new 0x2188170 0x1893f30	0x2605788 0x25ec850
0x2610c70	0x34c090	0x1894680	False		0xc8	operator_new 0x2188170 0x3afb40	0x2605868 0x25ec078
0x2610c80	0x34c090	0x1894c20	False		0x298	operator_new 0x2188170 0x1840700	0x2606508 0x25f2b08
0x2610c90	0x34c090	0x1894bd0	False		0x298	operator_new 0x2188170 0x1840700	0x26065f0 0x25f2b08
0x2610ca0	0x34c090	0x1894b80	False		0x298	operator_new 0x2188170 0x1840700	0x26066d8 0x25f2b08
0x2610cb0	0x34c090	0x1894b30	False		0x298	operator_new 0x2188170 0x1840700	0x2606080 0x25f2b08
0x2610cc0	0x34c090	0x1894ae0	False		0x298	operator_new 0x2188170 0x1840700	0x2606168 0x25f2b08
0x2610cd0	0x34c090	0x1894a90	False		0x298	operator_new 0x2188170 0x1840700	0x2606250 0x25f2b08
0x2610ce0	0x34c090	0x1894a40	False		0x298	operator_new 0x2188170 0x1840700	0x2606338 0x25f2b08
0x2610cf0	0x34c090	0x18949f0	False		0x298	operator_new 0x2188170 0x1840700	0x2605dc8 0x25f2b08
0x2610d00	0x34c090	0x1894ea0	False		0x298	operator_new 0x2188170 0x1840700	0x2606c48 0x25f2b08
0x2610d10	0x34c090	0x1894e50	False		0x298	operator_new 0x2188170 0x1840700	0x2606d30 0x25f2b08
0x2610d20	0x34c090	0x1894e00	False		0x298	operator_new 0x2188170 0x1840700	0x2606e18 0x25f2b08
0x2610d30	0x34c090	0x1894db0	False		0x298	operator_new 0x2188170 0x1840700	0x26067c0 0x25f2b08
0x2610d40	0x34c090	0x1894d60	False		0x298	operator_new 0x2188170 0x1840700	0x26068a8 0x25f2b08
0x2610d50	0x34c090	0x1894d10	False		0x298	operator_new 0x2188170 0x1840700	0x2606990 0x25f2b08
0x2610d60	0x34c090	0x1894cc0	False		0x298	operator_new 0x2188170 0x1840700	0x2606a78 0x25f2b08
0x2610d70	0x34c090	0x1894c70	False		0x298	operator_new 0x2188170 0x1840700	0x2606420 0x25f2b08
0x2610d80	0x34c090	0x1895120	False		0x298	operator_new 0x2188170 0x1840700	0x2603b30 0x25f2b08
0x2610d90	0x34c090	0x18950d0	False		0x298	operator_new 0x2188170 0x1840700	0x2603c18 0x25f2b08
0x2610da0	0x34c090	0x1895080	False		0x298	operator_new 0x2188170 0x1840700	0x2603d00 0x25f2b08
0x2610db0	0x34c090	0x1895030	False		0x298	operator_new 0x2188170 0x1840700	0x26036a8 0x25f2b08
0x2610dc0	0x34c090	0x1894fe0	False		0x298	operator_new 0x2188170 0x1840700	0x2603790 0x25f2b08
0x2610dd0	0x34c090	0x1894f90	False		0x298	operator_new 0x2188170 0x1840700	0x2603878 0x25f2b08
0x2610de0	0x34c090	0x1894f40	False		0x298	operator_new 0x2188170 0x1840700	0x2603960 0x25f2b08
0x2610df0	0x34c090	0x1894ef0	False		0x298	operator_new 0x2188170 0x1840700	0x2606b60 0x25f2b08
0x2610e00	0x34c090	0x18953a0	False		0x298	operator_new 0x2188170 0x1840700	0x2604270 0x25f2b08
0x2610e10	0x34c090	0x1895350	False		0x298	operator_new 0x2188170 0x1840700	0x2604358 0x25f2b08
0x2610e20	0x34c090	0x1895300	False		0x298	operator_new 0x2188170 0x1840700	0x2604440 0x25f2b08
0x2610e30	0x34c090	0x18952b0	False		0x298	operator_new 0x2188170 0x1840700	0x2603de8 0x25f2b08
0x2610e40	0x34c090	0x1895260	False		0x298	operator_new 0x2188170 0x1840700	0x2603ed0 0x25f2b08
0x2610e50	0x34c090	0x1895210	False		0x298	operator_new 0x2188170 0x1840700	0x2603fb8 0x25f2b08
0x2610e60	0x34c090	0x18951c0	False		0x298	operator_new 0x2188170 0x1840700	0x26040a0 0x25f2b08
0x2610e70	0x34c090	0x1895170	False		0x298	operator_new 0x2188170 0x1840700	0x2603a48 0x25f2b08
0x2610e80	0x34c090	0x1895620	False		0x298	operator_new 0x2188170 0x1840700	0x26049b0 0x25f2b08
0x2610e90	0x34c090	0x18955d0	False		0x298	operator_new 0x2188170 0x1840700	0x2604a98 0x25f2b08
0x2610ea0	0x34c090	0x1895580	False		0x298	operator_new 0x2188170 0x1840700	0x2604b80 0x25f2b08
0x2610eb0	0x34c090	0x1895530	False		0x298	operator_new 0x2188170 0x1840700	0x2604528 0x25f2b08
0x2610ec0	0x34c090	0x18954e0	False		0x298	operator_new 0x2188170 0x1840700	0x2604610 0x25f2b08
0x2610ed0	0x34c090	0x1895490	False		0x298	operator_new 0x2188170 0x1840700	0x26046f8 0x25f2b08
0x2610ee0	0x34c090	0x1895440	False		0x298	operator_new 0x2188170 0x1840700	0x26047e0 0x25f2b08
0x2610ef0	0x34c090	0x18953f0	False		0x298	operator_new 0x2188170 0x1840700	0x2604188 0x25f2b08
0x2610f00	0x34c090	0x18958a0	False		0x298	operator_new 0x2188170 0x1840700	0x26050f0 0x25f2b08
0x2610f10	0x34c090	0x1895850	False		0x298	operator_new 0x2188170 0x1840700	0x26051d8 0x25f2b08
0x2610f20	0x34c090	0x1895800	False		0x298	operator_new 0x2188170 0x1840700	0x26052c0 0x25f2b08
0x2610f30	0x34c090	0x18957b0	False		0x298	operator_new 0x2188170 0x1840700	0x2604c68 0x25f2b08
0x2610f40	0x34c090	0x1895760	False		0x298	operator_new 0x2188170 0x1840700	0x2604d50 0x25f2b08
0x2610f50	0x34c090	0x1895710	False		0x298	operator_new 0x2188170 0x1840700	0x2604e38 0x25f2b08
0x2610f60	0x34c090	0x18956c0	False		0x298	operator_new 0x2188170 0x1840700	0x2604f20 0x25f2b08
0x2610f70	0x34c090	0x1895670	False		0x298	operator_new 0x2188170 0x1840700	0x26048c8 0x25f2b08
0x2610f80	0x34c090	0x1895b00	False		0x868	operator_new 0x2188170 0x1819f70	0x2601fe8 0x2601fc8
0x2610f90	0x34c090	0x1895ab0	False		0x868	operator_new 0x2188170 0x1819f70	0x26020c8 0x2601fc8
0x2610fa0	0x34c090	0x1895a80	False		0x1eb0	operator_new 0x18103c0	
0x2610fb0	0x34c090	0x1895a30	False		0x298	operator_new 0x2188170 0x1840700	0x2601a68 0x25f2b08
0x2610fc0	0x34c090	0x18959e0	False		0x298	operator_new 0x2188170 0x1840700	0x2601b50 0x25f2b08
0x2610fd0	0x34c090	0x1895990	False		0x298	operator_new 0x2188170 0x1840700	0x2601c38 0x25f2b08
0x2610fe0	0x34c090	0x1895940	False		0x298	operator_new 0x2188170 0x1840700	0x2601d20 0x25f2b08
0x2610ff0	0x34c090	0x18958f0	False		0x298	operator_new 0x2188170 0x1840700	0x2605008 0x25f2b08
0x2611000	0x34c090	0x18934e0	False		0x590	operator_new 0x2188170 0x17fac20	0x2607768 0x25ec458
0x2611010	0x34c090	0x1893430	False		0x318	operator_new 0x2188170 0x3afb40 0x34ecd0	0x26070c0 0x25f87e0 0x24c7f80
0x2611020	0x34c090	0x1893380	False		0x3b0	operator_new 0x2188170 0x3afb40 0x34ba00 0x34ecd0	0x24ea9b0 0x24eaa90 0x26071c0 0x26071a0 0x24c7f80
0x2611030	0x34c090	0x18932f0	False		0x110	operator_new 0x3afb40	0x2615df8 0x2615dd8 0x247a488
0x2611040	0x34c090	0x1893250	False		0x108	operator_new 0x2188170 0x3afb40	0x26072c0 0x26072a0 0x24b1d58
0x2611050	0x34c090	0x18931d0	False		0xf0	operator_new 0x2188170 0x3afb40	0x26073a0 0x25ea640
0x2611060	0x34c090	0x1893180	False		0xc0	operator_new 0x2188170 0x3afb40	0x2606f00 0x24b1d78
0x2611070	0x34c090	0x1893130	False		0xc0	operator_new 0x2188170 0x3afb40	0x2606fe0 0x24b1d78
0x2611080	0x34c090	0x18937c0	False		0x438	operator_new 0x2188170 0x3afb40 0x353bd0 0x353bd0	0x2607a60 0x2607a40 0x3260958
0x2611090	0x34c090	0x1893730	False		0x298	operator_new 0x3afb40 0x353bd0	0x25e9fe0 0x25e9ee0 0x325fd48
0x26110a0	0x34c090	0x18936a0	False		0x298	operator_new 0x3afb40 0x353bd0	0x25e9f00 0x25e9ee0 0x325fd48
0x26110b0	0x34c090	0x1893670	False		0x438	operator_new 0x17fec20	
0x26110c0	0x34c090	0x1893620	False		0x590	operator_new 0x2188170 0x17fac20	0x2607b40 0x25ec458
0x26110d0	0x34c090	0x18935d0	False		0x590	operator_new 0x2188170 0x17fac20	0x2607480 0x25ec458
0x26110e0	0x34c090	0x1893580	False		0x590	operator_new 0x2188170 0x17fac20	0x2607578 0x25ec458
0x26110f0	0x34c090	0x1893530	False		0x590	operator_new 0x2188170 0x17fac20	0x2607670 0x25ec458
0x2611100	0x34c090	0x1893a30	False		0x260	operator_new 0x2188170 0x3afb40 0x3549d0	0x2615ef8 0x25eb1f8 0x2607860
0x2611110	0x34c090	0x1893980	False		0x350	operator_new 0x2188170 0x1800b90	0x2607960 0x2607940
0x2611120	0x34c090	0x18938c0	False		0x350	operator_new 0x2188170 0x1800b90	0x26157f0 0x26157d0 0x3260958
0x2611130	0x34c090	0x1893860	False		0xc8	operator_new 0x2188170 0x3afb40	0x3260958 0x2611140 0x25ec078
0x2611300	0x34c090	0x1893c70	False		0x530	operator_new 0x2188170 0x1893cb0	
0x2611410	0x34c090	0x1893c30	False		0x1130	operator_new 0x2188170 0x18a7790	
0x2611420	0x34c090	0x1893bb0	False		0x260	operator_new 0x2188170 0x3afb40 0x3549d0	0x2615ef8 0x25eb1f8 0x2607d18
0x2611430	0x34c090	0x1893b30	False		0x260	operator_new 0x2188170 0x3afb40 0x3549d0	0x2615ef8 0x25eb1f8 0x2607df8
0x2611440	0x34c090	0x1893ab0	False		0x260	operator_new 0x2188170 0x3afb40 0x3549d0	0x2615ef8 0x25eb1f8 0x2607ed8
0x2611610	0x34c090	0x1893e20	False		0x778	operator_new 0x2188170 0x1893cb0 0x34ecd0	0x2611640 0x2611620 0x24b35c0 0x26119a0
0x2611720	0x34c090	0x1893d70	False		0x778	operator_new 0x2188170 0x1893cb0 0x34ecd0	0x2611220 0x2611730 0x24b35c0 0x247a4d0
0x2611750	0x34c090	0x18940e0	False		0xaa8	operator_new 0x1809cf0	
0x2611760	0x34c090	0x1894070	False		0x278	operator_new 0x3afb40 0x353bd0	0x26158e8 0x26154b0
0x2611770	0x34c090	0x1894010	False		0x488	operator_new 0x2188170 0x1893f30 0x353bd0	0x26081a8 0x25f15f0
0x2611780	0x34c090	0x1893fa0	False		0xd8	operator_new 0x2188170 0x3afb40	0x26117b0 0x2611790 0x247a358
0x2611890	0x34c090	0x1893ed0	False		0x2f0	operator_new 0x2188170 0x1893f30	0x2611450 0x25efed8
0x26118a0	0x34c090	0x1894380	False		0x590	operator_new 0x2188170 0x17fac20	0x2608818 0x25ec458
0x26118b0	0x34c090	0x1894330	False		0x590	operator_new 0x2188170 0x17fac20	0x2608910 0x25ec458
0x26118c0	0x34c090	0x18942d0	False		0xc8	operator_new 0x2188170 0x3afb40	0x26082a8 0x25ec078
0x26118d0	0x34c090	0x1894270	False		0xc8	operator_new 0x2188170 0x3afb40	0x2608388 0x25ec078
0x26118e0	0x34c090	0x1894220	False		0x2e8	operator_new 0x2188170 0x1893f30	0x2608468 0x25ec850
0x26118f0	0x34c090	0x18941b0	False		0xd0	operator_new 0x2188170 0x3afb40	0x2608548 0x25eb7b8 0x325f2b0
0x2611900	0x34c090	0x1894160	False		0x590	operator_new 0x2188170 0x17fac20	0x2607fb8 0x25ec458
0x2611910	0x34c090	0x1894110	False		0x590	operator_new 0x2188170 0x17fac20	0x26080b0 0x25ec458
0x2611920	0x34c090	0x1894600	False		0xf0	operator_new 0x2188170 0x3afb40	0x2605948 0x25ea640
0x2611930	0x34c090	0x18945b0	False		0x590	operator_new 0x2188170 0x17fac20	0x2605a28 0x25ec458
0x2611940	0x34c090	0x1894560	False		0x590	operator_new 0x2188170 0x17fac20	0x26053a8 0x25ec458
0x2611950	0x34c090	0x1894510	False		0x590	operator_new 0x2188170 0x17fac20	0x26054a0 0x25ec458
0x2611960	0x34c090	0x18944c0	False		0x590	operator_new 0x2188170 0x17fac20	0x2605598 0x25ec458
0x2611970	0x34c090	0x1894470	False		0x590	operator_new 0x2188170 0x17fac20	0x2605690 0x25ec458
0x2611980	0x34c090	0x1894420	False		0x590	operator_new 0x2188170 0x17fac20	0x2608628 0x25ec458
0x2611990	0x34c090	0x18943d0	False		0x590	operator_new 0x2188170 0x17fac20	0x2608720 0x25ec458
0x2667e60	0x34c090	0x196d3f0	False		0x1c8	operator_new 0x192b260	0x2667e80 0x2651e00
0x269c138	0x34c090	0x1b32850	False		0x258	operator_new 0x2188170 0x1b455e0	0x266edb8
0x269c148	0x34c090	0x1b328a0	False		0x258	operator_new 0x2188170 0x1b457a0	0x266eea8
0x269c158	0x34c090	0x1b328f0	False		0x258	operator_new 0x2188170 0x1b45810	0x266ef98
0x269c168	0x34c090	0x1b32940	False		0x258	operator_new 0x2188170 0x1b45730	0x266f088
0x269c178	0x34c090	0x1b32730	False		0x258	operator_new 0x2188170 0x1b457a0	
0x269c188	0x34c090	0x1b32770	False		0x258	operator_new 0x2188170 0x1b45810	
0x269c198	0x34c090	0x1b327b0	False		0x258	operator_new 0x2188170 0x1b45500	0x266f358
0x269c1a8	0x34c090	0x1b32800	False		0x258	operator_new 0x2188170 0x1b45570	0x266f448
0x269c1b8	0x34c090	0x1b32b10	False		0x90	operator_new 0x3488e0	0x2690568 0x247a488
0x269c1c8	0x34c090	0x1b32b90	False		0x90	operator_new 0x3488e0	0x247a488 0x26900b8
0x269c1d8	0x34c090	0x1b32c10	False		0x228	operator_new 0x2188170 0x3488e0 0x353bd0	0x26a2cc0 0x266f538
0x269c1e8	0x34c090	0x1b32c80	False		0x220	operator_new 0x2188170 0x3488e0 0x353bd0	0x26a2cc0 0x266f628
0x269c1f8	0x34c090	0x1b32990	False		0x258	operator_new 0x2188170 0x1b456c0	0x266f900
0x269c208	0x34c090	0x1b329e0	False		0x258	operator_new 0x2188170 0x1b45650	0x266f9f0
0x269c218	0x34c090	0x1b32a30	False		0x228	operator_new 0x2188170 0x3488e0 0x353bd0	0x26a2cc0 0x266fae0
0x269c228	0x34c090	0x1b32aa0	False		0x220	operator_new 0x2188170 0x3488e0 0x353bd0	0x26a2cc0 0x266fbd0
0x269c238	0x34c090	0x1b32e70	False		0x3f0	operator_new 0x2188170 0x3488e0 0x353bd0 0x353bd0	0x26a2cc0 0x266feb0
0x269c248	0x34c090	0x1b32f10	False		0x250	operator_new 0x2188170 0x3488e0 0x353bd0	0x26a2cc0 0x266ffa0
0x269c258	0x34c090	0x1b32fa0	False		0x80	operator_new 0x3488e0	0x2690748
0x269c268	0x34c090	0x1b33000	False		0x80	operator_new 0x3488e0	0x2690838
0x269c278	0x34c090	0x1b32cf0	False		0x80	operator_new 0x3488e0	0x325f468 0x26901a8
0x269c288	0x34c090	0x1b32d50	False		0x80	operator_new 0x3488e0	0x325f468 0x2690298
0x269c298	0x34c090	0x1b32db0	False		0x2a8	operator_new 0x2188170 0x187b9e0	0x266f718
0x269c2a8	0x34c090	0x1b32e00	False		0x228	operator_new 0x2188170 0x3488e0 0x353bd0	0x26a2cc0 0x266f810
0x269c2b8	0x34c090	0x1b33250	False		0x2f0	operator_new 0x2188170 0x187b9e0	0x32601e0 0x266fcc0
0x269c2c8	0x34c090	0x1b332e0	False		0x2f0	operator_new 0x2188170 0x187b9e0	0x3260210 0x266fdb8
0x269c2d8	0x34c090	0x1b33370	False		0x2a8	operator_new 0x2188170 0x187b9e0	0x2670640
0x269c2e8	0x34c090	0x1b333c0	False		0x2b8	operator_new 0x2188170 0x187b9e0	0x2670738 0x325efc0 0x325f498
0x269c2f8	0x34c090	0x1b33060	False		0x228	operator_new 0x2188170 0x3488e0 0x353bd0	0x26a2cc0 0x2670090
0x269c308	0x34c090	0x1b330d0	False		0x90	operator_new 0x3488e0	0x2670180 0x325efc0 0x325f498
0x269c318	0x34c090	0x1b33150	False		0x88	operator_new 0x3488e0	0x32601e0 0x2690658
0x269c328	0x34c090	0x1b331d0	False		0x88	operator_new 0x3488e0	0x3260210 0x268aec0
0x269c338	0x34c090	0x1b33600	False		0x2a8	operator_new 0x2188170 0x1ababb0	0x2670360
0x269c348	0x34c090	0x1b33650	False		0x2a8	operator_new 0x2188170 0x1ababb0	0x2670458
0x269c358	0x34c090	0x1b336a0	False		0x228	operator_new 0x2188170 0x3488e0 0x353bd0	0x26a2cc0 0x2670550
0x269c368	0x34c090	0x1b33710	False		0x228	operator_new 0x2188170 0x3488e0 0x353bd0	0x26a2cc0 0x266c2f0
0x269c378	0x34c090	0x1b33420	False		0x80	operator_new 0x3488e0	0x325f848 0x268afb0
0x269c388	0x34c090	0x1b33480	False		0x228	operator_new 0x2188170 0x3488e0 0x353bd0	0x26a2cc0 0x32601e0 0x2670830
0x269c398	0x34c090	0x1b334f0	False		0x228	operator_new 0x2188170 0x3488e0 0x353bd0	0x26a2cc0 0x3260210 0x2670920
0x269c3a8	0x34c090	0x1b33560	False		0xe8	operator_new 0x2188170 0x3488e0	0x2670270
0x269c3b8	0x34c090	0x1b338e0	False		0x2a8	operator_new 0x2188170 0x1ababb0	0x266c010
0x269c3c8	0x34c090	0x1b33930	False		0x7b8	operator_new 0x2188170 0x187b9e0 0x34ecd0 0x34ecd0 0x34ba00	0x266c108 0x24c7f80
0x269c3d8	0x34c090	0x1b339e0	False		0x228	operator_new 0x2188170 0x3488e0 0x353bd0	0x26a2cc0 0x266c200
0x269c3e8	0x34c090	0x1b33a50	False		0x2a8	operator_new 0x2188170 0x187b9e0	0x266ca88
0x269c3f8	0x34c090	0x1b33780	False		0x2a8	operator_new 0x2188170 0x187b9e0	0x266c3e0
0x269c408	0x34c090	0x1b337d0	False		0x228	operator_new 0x2188170 0x3488e0 0x353bd0	0x26a2cc0 0x266c4d8
0x269c418	0x34c090	0x1b33840	False		0x2a8	operator_new 0x2188170 0x187b9e0	0x266c5c8
0x269c428	0x34c090	0x1b33890	False		0x2a8	operator_new 0x2188170 0x187b9e0	0x266bf18
0x269c438	0x34c090	0x1b33c40	False		0x228	operator_new 0x2188170 0x3488e0 0x353bd0	0x26a2cc0 0x266c7b0
0x269c448	0x34c090	0x1b33cb0	False		0x228	operator_new 0x2188170 0x3488e0 0x353bd0	0x26a2cc0 0x266c8a0
0x269c458	0x34c090	0x1b33d20	False		0x2a8	operator_new 0x2188170 0x187b9e0	0x266c990
0x269c468	0x34c090	0x1b33aa0	False		0x88	operator_new 0x3488e0	0x266cb80 0x325efa8
0x269c478	0x34c090	0x1b33b10	False		0x2a8	operator_new 0x2188170 0x1ababb0	0x266cc70
0x269c488	0x34c090	0x1b33b60	False		0x2a8	operator_new 0x2188170 0x1ababb0	0x266cd68
0x269c498	0x34c090	0x1b33bb0	False		0x250	operator_new 0x2188170 0x3488e0 0x353bd0	0x266c6c0 0x325f1b0
0x269c4a8	0x34c090	0x1b310a0	False		0x80	operator_new 0x3488e0	0x3260360 0x268f758
0x269c4b8	0x34c090	0x1b31100	False		0x2a8	operator_new 0x2188170 0x187b9e0	0x2673cb0
0x269c4c8	0x34c090	0x1b31150	False		0x228	operator_new 0x2188170 0x3488e0 0x353bd0	0x26a2cc0 0x2673da8
0x269c4d8	0x34c090	0x1b311c0	False		0x220	operator_new 0x2188170 0x3488e0 0x353bd0	0x26a2cc0 0x2673e98
0x269c4e8	0x34c090	0x1b30f00	False		0x80	operator_new 0x3488e0	0x325f960 0x268f0c8
0x269c4f8	0x34c090	0x1b30f60	False		0x80	operator_new 0x3488e0	0x325f948 0x268f1b8
0x269c508	0x34c090	0x1b30fc0	False		0x3c0	operator_new 0x3488e0 0x353bd0 0x3549d0	0x26a2cc0 0x26c92b0
0x269c518	0x34c090	0x1b31030	False		0x228	operator_new 0x2188170 0x3488e0 0x353bd0	0x26a2cc0 0x2673bc0
0x269c528	0x34c090	0x1b313b0	False		0x250	operator_new 0x2188170 0x1afcc10	0x2674350
0x269c538	0x34c090	0x1b31400	False		0x228	operator_new 0x2188170 0x3488e0 0x353bd0	0x26a2cc0 0x2674440
0x269c548	0x34c090	0x1b31470	False		0x228	operator_new 0x2188170 0x3488e0 0x353bd0	0x26a2cc0 0x2674530
0x269c558	0x34c090	0x1b314e0	False		0x2a8	operator_new 0x2188170 0x1ababb0	0x2674620
0x269c568	0x34c090	0x1b31230	False		0x228	operator_new 0x2188170 0x3488e0 0x353bd0	0x26a2cc0 0x26737f0
0x269c578	0x34c090	0x1b312a0	False		0x2a8	operator_new 0x2188170 0x1ababb0	0x26738e0
0x269c588	0x34c090	0x1b312f0	False		0x2a8	operator_new 0x2188170 0x1ababb0	0x26739d8
0x269c598	0x34c090	0x1b31340	False		0x228	operator_new 0x2188170 0x3488e0 0x353bd0	0x26a2cc0 0x2673ad0
0x269c5a8	0x34c090	0x1b316f0	False		0x228	operator_new 0x2188170 0x3488e0 0x353bd0	0x26a2cc0 0x2674260
0x269c5b8	0x34c090	0x1b31760	False		0x80	operator_new 0x3488e0	0x325ef28 0x268f938
0x269c5c8	0x34c090	0x1b317c0	False		0x80	operator_new 0x3488e0	0x325f500 0x268f578
0x269c5d8	0x34c090	0x1b31820	False		0xb8	operator_new 0x2188170 0x3488e0	0x266d410 0x325f500
0x269c5e8	0x34c090	0x1b31530	False		0x80	operator_new 0x3488e0	0x325efa8 0x268f848
0x269c5f8	0x34c090	0x1b31590	False		0x2e0	operator_new 0x2188170 0x1ababb0	0x2673f88 0x325ef38
0x269c608	0x34c090	0x1b31610	False		0x228	operator_new 0x2188170 0x3488e0 0x353bd0	0x26a2cc0 0x2674080
0x269c618	0x34c090	0x1b31680	False		0x228	operator_new 0x2188170 0x3488e0 0x353bd0	0x26a2cc0 0x2674170
0x269c628	0x34c090	0x1b31aa0	False		0x80	operator_new 0x3488e0	0x3260150 0x268f668
0x269c638	0x34c090	0x1b31b00	False		0x448	operator_new 0x2188170 0x187b9e0 0x353bd0	0x266d130
0x269c648	0x34c090	0x1b31b60	False		0x2a8	operator_new 0x2188170 0x1ababb0	0x266d228
0x269c658	0x34c090	0x1b31bb0	False		0x80	operator_new 0x3488e0	0x325f500 0x268fcf8
0x269c668	0x34c090	0x1b318b0	False		0x2a8	operator_new 0x2188170 0x187b9e0	0x266d500
0x269c678	0x34c090	0x1b31900	False		0x388	operator_new 0x2188170 0x1ababb0 0x34ba00	0x266d5f8 0x24b38b8 0x24b39b0
0x269c688	0x34c090	0x1b319a0	False		0x380	operator_new 0x2188170 0x187b9e0 0x34ba00	0x266d6f0 0x24b38b8 0x24b39b0
0x269c698	0x34c090	0x1b31a30	False		0x228	operator_new 0x2188170 0x3488e0 0x353bd0	0x26a2cc0 0x266d040
0x269c6a8	0x34c090	0x1b31dd0	False		0x88	operator_new 0x3488e0	0x325f780 0x266d7e8
0x269c6b8	0x34c090	0x1b31e40	False		0x2e8	operator_new 0x2188170 0x187b9e0	0x266d8d8 0x325f500
0x269c6c8	0x34c090	0x1b31ec0	False		0x80	operator_new 0x3488e0	0x325f500 0x268fde8
0x269c6d8	0x34c090	0x1b31f20	False		0x80	operator_new 0x3488e0	0x325f800 0x268fed8
0x269c6e8	0x34c090	0x1b31c10	False		0x228	operator_new 0x2188170 0x3488e0 0x353bd0	0x26a2cc0 0x266d320
0x269c6f8	0x34c090	0x1b31c80	False		0x228	operator_new 0x2188170 0x3488e0 0x353bd0	0x26a2cc0 0x266dbc0
0x269c708	0x34c090	0x1b31cf0	False		0x228	operator_new 0x2188170 0x3488e0 0x353bd0	0x26a2cc0 0x266dcb0
0x269c718	0x34c090	0x1b31d60	False		0x228	operator_new 0x2188170 0x3488e0 0x353bd0	0x26a2cc0 0x266dda0
0x269c728	0x34c090	0x1b320d0	False		0x2a8	operator_new 0x2188170 0x1ababb0	0x266e358
0x269c738	0x34c090	0x1b32120	False		0x80	operator_new 0x3488e0	0x325f500 0x268fa28
0x269c748	0x34c090	0x1b32180	False		0x80	operator_new 0x3488e0	0x325f500 0x268fb18
0x269c758	0x34c090	0x1b321e0	False		0x80	operator_new 0x3488e0	0x325f500 0x268fc08
0x269c768	0x34c090	0x1b31f80	False		0x80	operator_new 0x3488e0	0x325f500 0x268ffc8
0x269c778	0x34c090	0x1b31fe0	False		0x2a8	operator_new 0x2188170 0x187b9e0	0x266d9d0
0x269c788	0x34c090	0x1b32030	False		0x2a8	operator_new 0x2188170 0x187b9e0	0x266dac8
0x269c798	0x34c090	0x1b32080	False		0x2a8	operator_new 0x2188170 0x1ababb0	0x266e260
0x269c7a8	0x34c090	0x1b32390	False		0x80	operator_new 0x3488e0	0x325f530 0x2690388
0x269c7b8	0x34c090	0x1b323f0	False		0x250	operator_new 0x2188170 0x1afcc10	0x266e080
0x269c7c8	0x34c090	0x1b32440	False		0x250	operator_new 0x2188170 0x1afcc10	0x266e170
0x269c7d8	0x34c090	0x1b32490	False		0x250	operator_new 0x2188170 0x1afcc10	0x266e9f8
0x269c7e8	0x34c090	0x1b32240	False		0x250	operator_new 0x2188170 0x1afcc10	0x266e450
0x269c7f8	0x34c090	0x1b32290	False		0x368	operator_new 0x2188170 0x187b9e0 0x34ba00	0x266e540
0x269c808	0x34c090	0x1b322f0	False		0x2a8	operator_new 0x2188170 0x1ababb0	0x266de90
0x269c818	0x34c090	0x1b32340	False		0x2a8	operator_new 0x2188170 0x1ababb0	0x266df88
0x269c828	0x34c090	0x1b32630	False		0x258	operator_new 0x2188170 0x1b455e0	
0x269c838	0x34c090	0x1b32670	False		0x258	operator_new 0x2188170 0x1b45650	
0x269c848	0x34c090	0x1b326b0	False		0x258	operator_new 0x2188170 0x1b456c0	
0x269c858	0x34c090	0x1b326f0	False		0x258	operator_new 0x2188170 0x1b45730	
0x269c868	0x34c090	0x1b324e0	False		0x228	operator_new 0x2188170 0x3488e0 0x353bd0	0x26a2cc0 0x266eae8
0x269c878	0x34c090	0x1b32550	False		0x80	operator_new 0x3488e0	0x325f7f0 0x2690478
0x269c888	0x34c090	0x1b325b0	False		0x258	operator_new 0x2188170 0x1b45500	
0x269c898	0x34c090	0x1b325f0	False		0x258	operator_new 0x2188170 0x1b45570	
0x269c8a8	0x34c090	0x1b2f800	False		0x4d0	operator_new 0x2188170 0x187b9e0 0x34ecd0	0x2670ed0 0x24c7f80
0x269c8b8	0x34c090	0x1b2f880	False		0x2a8	operator_new 0x2188170 0x187b9e0	0x2670fc8
0x269c8c8	0x34c090	0x1b2f8d0	False		0x228	operator_new 0x2188170 0x3488e0 0x353bd0	0x26a2cc0 0x26710c0
0x269c8d8	0x34c090	0x1b2f940	False		0x228	operator_new 0x2188170 0x3488e0 0x353bd0	0x26a2cc0 0x2670a10
0x269c8e8	0x34c090	0x1b2f660	False		0x228	operator_new 0x2188170 0x3488e0 0x353bd0	0x26a2cc0 0x26779d0
0x269c8f8	0x34c090	0x1b2f6d0	False		0x2a8	operator_new 0x2188170 0x1ababb0	0x2677ac0
0x269c908	0x34c090	0x1b2f720	False		0x228	operator_new 0x2188170 0x3488e0 0x353bd0	0x26a2cc0 0x2677bb8
0x269c918	0x34c090	0x1b2f790	False		0x228	operator_new 0x2188170 0x3488e0 0x353bd0	0x26a2cc0 0x2670de0
0x269c928	0x34c090	0x1b2fb30	False		0x2a8	operator_new 0x2188170 0x1ababb0	0x2670ce8
0x269c938	0x34c090	0x1b2fb80	False		0x2a8	operator_new 0x2188170 0x1ababb0	0x2671580
0x269c948	0x34c090	0x1b2fbd0	False		0x2a8	operator_new 0x2188170 0x1ababb0	0x2671678
0x269c958	0x34c090	0x1b2fc20	False		0x2a8	operator_new 0x2188170 0x1ababb0	0x2671770
0x269c968	0x34c090	0x1b2f9b0	False		0x228	operator_new 0x2188170 0x3488e0 0x353bd0	0x26a2cc0 0x2670b00
0x269c978	0x34c090	0x1b2fa20	False		0x80	operator_new 0x3488e0	0x325f3e8 0x268ea38
0x269c988	0x34c090	0x1b2fa80	False		0x80	operator_new 0x3488e0	0x325f1c0 0x268eb28
0x269c998	0x34c090	0x1b2fae0	False		0x2a8	operator_new 0x2188170 0x1ababb0	0x2670bf0
0x269c9a8	0x34c090	0x1b2fde0	False		0x220	operator_new 0x2188170 0x3488e0 0x353bd0	0x26a2cc0 0x2671398
0x269c9b8	0x34c090	0x1b2fe50	False		0x448	operator_new 0x2188170 0x1ababb0 0x353bd0	0x2671488
0x269c9c8	0x34c090	0x1b2feb0	False		0x478	operator_new 0x2188170 0x1b454a0	
0x269c9d8	0x34c090	0x1b2fef0	False		0x478	operator_new 0x2188170 0x1b454a0	0x2671e20
0x269c9e8	0x34c090	0x1b2fc70	False		0x2a8	operator_new 0x2188170 0x1ababb0	0x2671868
0x269c9f8	0x34c090	0x1b2fcc0	False		0x80	operator_new 0x3488e0	0x325f458 0x268e858
0x269ca08	0x34c090	0x1b2fd20	False		0x2a8	operator_new 0x2188170 0x1ababb0	0x26711b0
0x269ca18	0x34c090	0x1b2fd70	False		0x220	operator_new 0x2188170 0x3488e0 0x353bd0	0x26a2cc0 0x26712a8
0x269ca28	0x34c090	0x1b300d0	False		0x80	operator_new 0x3488e0	0x3260428 0x268e948
0x269ca38	0x34c090	0x1b30130	False		0x80	operator_new 0x3488e0	0x325f620 0x268edf8
0x269ca48	0x34c090	0x1b30190	False		0x80	operator_new 0x3488e0	0x325ef38 0x268eee8
0x269ca58	0x34c090	0x1b301f0	False		0x80	operator_new 0x3488e0	0x325ef38 0x268efd8
0x269ca68	0x34c090	0x1b2ff40	False		0x220	operator_new 0x2188170 0x3488e0 0x353bd0	0x2671f18
0x269ca78	0x34c090	0x1b2ff90	False		0x220	operator_new 0x2188170 0x3488e0 0x353bd0	0x2671f18 0x2672008
0x269ca88	0x34c090	0x1b2fff0	False		0x220	operator_new 0x2188170 0x3488e0 0x353bd0	0x26a2cc0 0x2671960
0x269ca98	0x34c090	0x1b30060	False		0x220	operator_new 0x2188170 0x3488e0 0x353bd0	0x26a2cc0 0x2671a50
0x269caa8	0x34c090	0x1b30450	False		0x80	operator_new 0x3488e0	0x32605a8 0x268ed08
0x269cab8	0x34c090	0x1b304b0	False		0x2a8	operator_new 0x2188170 0x187b9e0	0x26725c8
0x269cac8	0x34c090	0x1b30500	False		0x2a8	operator_new 0x2188170 0x187b9e0	0x26726c0
0x269cad8	0x34c090	0x1b30550	False		0x2a8	operator_new 0x2188170 0x187b9e0	0x26727b8
0x269cae8	0x34c090	0x1b30250	False		0x510	operator_new 0x2188170 0x1ababb0 0x34ecd0	0x2671b40 0x325ef38 0x24b35c0
0x269caf8	0x34c090	0x1b30310	False		0x228	operator_new 0x2188170 0x3488e0 0x353bd0	0x26a2cc0 0x2671c38
0x269cb08	0x34c090	0x1b30380	False		0x228	operator_new 0x2188170 0x3488e0 0x353bd0	0x26a2cc0 0x26724d8
0x269cb18	0x34c090	0x1b303f0	False		0x80	operator_new 0x3488e0	0x32606a8 0x268ec18
0x269cb28	0x34c090	0x1b30710	False		0x2a8	operator_new 0x2188170 0x187b9e0	0x26721f0
0x269cb38	0x34c090	0x1b30760	False		0x2a8	operator_new 0x2188170 0x1ababb0	0x26722e8
0x269cb48	0x34c090	0x1b307b0	False		0x2a8	operator_new 0x2188170 0x1ababb0	0x26723e0
0x269cb58	0x34c090	0x1b30800	False		0x250	operator_new 0x2188170 0x1afcc10	0x2672c70
0x269cb68	0x34c090	0x1b305a0	False		0x2a8	operator_new 0x2188170 0x187b9e0	0x26720f8
0x269cb78	0x34c090	0x1b305f0	False		0x80	operator_new 0x3488e0	0x3260958 0x268f2a8
0x269cb88	0x34c090	0x1b30650	False		0x80	operator_new 0x3488e0	0x3260af8 0x268f398
0x269cb98	0x34c090	0x1b306b0	False		0x80	operator_new 0x3488e0	0x3260958 0x268f488
0x269cba8	0x34c090	0x1b309b0	False		0x228	operator_new 0x2188170 0x3488e0 0x353bd0	0x26a2cc0 0x26729a0
0x269cbb8	0x34c090	0x1b30a20	False		0x228	operator_new 0x2188170 0x3488e0 0x353bd0	0x26a2cc0 0x2672a90
0x269cbc8	0x34c090	0x1b30a90	False		0x220	operator_new 0x2188170 0x3488e0 0x353bd0	0x26a2cc0 0x2672b80
0x269cbd8	0x34c090	0x1b30b00	False		0x258	operator_new 0x3488e0 0x353bd0	0x26c9060 0x325f038
0x269cbe8	0x34c090	0x1b30850	False		0x250	operator_new 0x2188170 0x1afcc10	0x2672d60
0x269cbf8	0x34c090	0x1b308a0	False		0x2a8	operator_new 0x2188170 0x187b9e0	0x2672e50
0x269cc08	0x34c090	0x1b308f0	False		0x2a8	operator_new 0x2188170 0x187b9e0	0x2672f48
0x269cc18	0x34c090	0x1b30940	False		0x228	operator_new 0x2188170 0x3488e0 0x353bd0	0x26a2cc0 0x26728b0
0x269cc28	0x34c090	0x1b30d70	False		0x2c0	operator_new 0x2188170 0x187b9e0	0x247a488 0x2673040
0x269cc38	0x34c090	0x1b30de0	False		0x228	operator_new 0x2188170 0x3488e0 0x353bd0	0x26a2cc0 0x2673138
0x269cc48	0x34c090	0x1b30e50	False		0x428	operator_new 0x2188170 0x1ababb0 0x34ba00 0x34ba00	0x2673228
0x269cc58	0x34c090	0x1b30eb0	False		0x2a8	operator_new 0x2188170 0x1ababb0	0x2673320
0x269cc68	0x34c090	0x1b30b90	False		0x2a8	operator_new 0x2188170 0x1abbc50	0x2673418
0x269cc78	0x34c090	0x1b30be0	False		0x228	operator_new 0x2188170 0x3488e0 0x353bd0	0x26a2cc0 0x2673510
0x269cc88	0x34c090	0x1b30c50	False		0x2c0	operator_new 0x2188170 0x187b9e0	0x2673600 0x247a488
0x269cc98	0x34c090	0x1b30cc0	False		0x398	operator_new 0x2188170 0x187b9e0 0x34ba00	0x247a488 0x26736f8 0x24b38b8 0x24b39b0
0x269cca8	0x34c090	0x1b2dfa0	False		0x2a8	operator_new 0x2188170 0x187b9e0	0x2675378
0x269ccb8	0x34c090	0x1b2dff0	False		0x2a8	operator_new 0x2188170 0x1ababb0	0x2675470
0x269ccc8	0x34c090	0x1b2e040	False		0x80	operator_new 0x3488e0	0x3260510 0x2692368
0x269ccd8	0x34c090	0x1b2e0a0	False		0x2a8	operator_new 0x2188170 0x187b9e0	0x2675568
0x269cce8	0x34c090	0x1b2de40	False		0x2a8	operator_new 0x2188170 0x1ababb0	0x2675758
0x269ccf8	0x34c090	0x1b2de90	False		0x228	operator_new 0x2188170 0x3488e0 0x353bd0	0x26a2cc0 0x2675850
0x269cd08	0x34c090	0x1b2df00	False		0x2a8	operator_new 0x2188170 0x1ababb0	0x2675940
0x269cd18	0x34c090	0x1b2df50	False		0x2a8	operator_new 0x2188170 0x187b9e0	0x2675280
0x269cd28	0x34c090	0x1b2e250	False		0x228	operator_new 0x2188170 0x3488e0 0x353bd0	0x26a2cc0 0x2676008
0x269cd38	0x34c090	0x1b2e2c0	False		0x448	operator_new 0x2188170 0x1ababb0 0x353bd0	0x26760f8
0x269cd48	0x34c090	0x1b2e320	False		0x2a8	operator_new 0x2188170 0x187b9e0	0x2675a38
0x269cd58	0x34c090	0x1b2e370	False		0x2a8	operator_new 0x2188170 0x1ababb0	0x2675b30
0x269cd68	0x34c090	0x1b2e0f0	False		0x2a8	operator_new 0x2188170 0x1ababb0	0x2675e18
0x269cd78	0x34c090	0x1b2e140	False		0x2a8	operator_new 0x2188170 0x1ababb0	0x2675f10
0x269cd88	0x34c090	0x1b2e190	False		0x80	operator_new 0x3488e0	0x3260558 0x2692458
0x269cd98	0x34c090	0x1b2e1f0	False		0x80	operator_new 0x3488e0	0x3260570 0x2692188
0x269cda8	0x34c090	0x1b2e500	False		0x228	operator_new 0x2188170 0x3488e0 0x353bd0	0x26a2cc0 0x26767c0
0x269cdb8	0x34c090	0x1b2e570	False		0x2a8	operator_new 0x2188170 0x1ababb0	0x26768b0
0x269cdc8	0x34c090	0x1b2e5c0	False		0x2a8	operator_new 0x2188170 0x1ababb0	0x26761f0
0x269cdd8	0x34c090	0x1b2e610	False		0x2a8	operator_new 0x2188170 0x1ababb0	0x26762e8
0x269cde8	0x34c090	0x1b2e3c0	False		0x2a8	operator_new 0x2188170 0x1ababb0	0x2675c28
0x269cdf8	0x34c090	0x1b2e410	False		0x2a8	operator_new 0x2188170 0x1ababb0	0x2675d20
0x269ce08	0x34c090	0x1b2e460	False		0x2a8	operator_new 0x2188170 0x187b9e0	0x26765d0
0x269ce18	0x34c090	0x1b2e4b0	False		0x2a8	operator_new 0x2188170 0x1ababb0	0x26766c8
0x269ce28	0x34c090	0x1b2e7c0	False		0x2a8	operator_new 0x2188170 0x187b9e0	0x2676d78
0x269ce38	0x34c090	0x1b2e810	False		0x80	operator_new 0x3488e0	0x3260440 0x2692818
0x269ce48	0x34c090	0x1b2e870	False		0x80	operator_new 0x3488e0	0x325f418 0x2692548
0x269ce58	0x34c090	0x1b2e8d0	False		0x80	operator_new 0x3488e0	0x2692638
0x269ce68	0x34c090	0x1b2e660	False		0x80	operator_new 0x3488e0	0x325fcc0 0x2692278
0x269ce78	0x34c090	0x1b2e6c0	False		0x80	operator_new 0x3488e0	0x325fcb8 0x2692728
0x269ce88	0x34c090	0x1b2e720	False		0x2a8	operator_new 0x2188170 0x187b9e0	0x26763e0
0x269ce98	0x34c090	0x1b2e770	False		0x2a8	operator_new 0x2188170 0x187b9e0	0x26764d8
0x269cea8	0x34c090	0x1b2eae0	False		0x2a8	operator_new 0x2188170 0x1ababb0	0x26769a8
0x269ceb8	0x34c090	0x1b2eb30	False		0x228	operator_new 0x2188170 0x3488e0 0x353bd0	0x26a2cc0 0x2676aa0
0x269cec8	0x34c090	0x1b2eba0	False		0x228	operator_new 0x2188170 0x3488e0 0x353bd0	0x26a2cc0 0x2676b90
0x269ced8	0x34c090	0x1b2ec10	False		0x368	operator_new 0x2188170 0x187b9e0 0x34ba00	0x2676c80
0x269cee8	0x34c090	0x1b2e930	False		0x220	operator_new 0x2188170 0x3488e0 0x353bd0	0x2692bd8
0x269cef8	0x34c090	0x1b2e990	False		0x228	operator_new 0x2188170 0x3488e0 0x353bd0	0x26a2cc0 0x2676e70
0x269cf08	0x34c090	0x1b2ea00	False		0x228	operator_new 0x2188170 0x3488e0 0x353bd0	0x26a2cc0 0x2676f60
0x269cf18	0x34c090	0x1b2ea70	False		0x228	operator_new 0x2188170 0x3488e0 0x353bd0	0x26a2cc0 0x2677050
0x269cf28	0x34c090	0x1b2edf0	False		0x228	operator_new 0x2188170 0x3488e0 0x353bd0	0x26a2cc0 0x26776f8
0x269cf38	0x34c090	0x1b2ee60	False		0x80	operator_new 0x3488e0	0x325f2e8 0x2692908
0x269cf48	0x34c090	0x1b2eec0	False		0x80	operator_new 0x3488e0	0x325f2e8 0x26929f8
0x269cf58	0x34c090	0x1b2ef20	False		0x80	operator_new 0x3488e0	0x325f2e8 0x2692ae8
0x269cf68	0x34c090	0x1b2ec70	False		0x2a8	operator_new 0x2188170 0x187b9e0	0x2677510
0x269cf78	0x34c090	0x1b2ecc0	False		0x80	operator_new 0x3488e0	0x3260998 0x2692cc8
0x269cf88	0x34c090	0x1b2ed20	False		0x80	operator_new 0x3488e0	0x3260998 0x2692db8
0x269cf98	0x34c090	0x1b2ed80	False		0x228	operator_new 0x2188170 0x3488e0 0x353bd0	0x26a2cc0 0x2677608
0x269cfa8	0x34c090	0x1b2f0f0	False		0x2a8	operator_new 0x2188170 0x187b9e0	0x2677140
0x269cfb8	0x34c090	0x1b2f140	False		0x228	operator_new 0x2188170 0x3488e0 0x353bd0	0x26a2cc0 0x2677238
0x269cfc8	0x34c090	0x1b2f1b0	False		0x228	operator_new 0x2188170 0x3488e0 0x353bd0	0x26a2cc0 0x2677328
0x269cfd8	0x34c090	0x1b2f220	False		0x80 0x1	operator_new 0x3488e0 0x1c91c30	0x325f2e8 0x26c8860 0x26c85b0 0x26c8570
0x269cfe8	0x34c090	0x1b2ef80	False		0x80	operator_new 0x3488e0	0x325f2d8 0x268e768
0x269cff8	0x34c090	0x1b2efe0	False		0x80	operator_new 0x3488e0	0x268e488
0x269d008	0x34c090	0x1b2f040	False		0x80	operator_new 0x3488e0	0x268e580
0x269d018	0x34c090	0x1b2f0a0	False		0x2a8	operator_new 0x2188170 0x187b9e0	0x26777e8
0x269d028	0x34c090	0x1b2f4b0	False		0x80	operator_new 0x3488e0	0x325f2e8 0x268e678
0x269d038	0x34c090	0x1b2f510	False		0x228	operator_new 0x2188170 0x3488e0 0x353bd0	0x26a2cc0 0x2677e90
0x269d048	0x34c090	0x1b2f580	False		0x228	operator_new 0x2188170 0x3488e0 0x353bd0	0x26a2cc0 0x2677f80
0x269d058	0x34c090	0x1b2f5f0	False		0x228	operator_new 0x2188170 0x3488e0 0x353bd0	0x26a2cc0 0x26778e0
0x269d068	0x34c090	0x1b2f2d0	False		0x228 0x1	operator_new 0x3488e0 0x353bd0 0x1c91c30	0x26a2cc0 0x26c8950 0x26c85b0 0x26c8400
0x269d078	0x34c090	0x1b2f3a0	False		0x2a8	operator_new 0x2188170 0x187b9e0	0x2677418
0x269d088	0x34c090	0x1b2f3f0	False		0x2a8	operator_new 0x2188170 0x187b9e0	0x2677ca8
0x269d098	0x34c090	0x1b2f440	False		0x228	operator_new 0x2188170 0x3488e0 0x353bd0	0x26a2cc0 0x2677da0
0x269d0a8	0x34c090	0x1b2c840	False		0x228	operator_new 0x2188170 0x3488e0 0x353bd0	0x26a2cc0 0x2679490
0x269d0b8	0x34c090	0x1b2c8b0	False		0x228	operator_new 0x2188170 0x3488e0 0x353bd0	0x26a2cc0 0x2679580
0x269d0c8	0x34c090	0x1b2c920	False		0x228	operator_new 0x2188170 0x3488e0 0x353bd0	0x26a2cc0 0x2679670
0x269d0d8	0x34c090	0x1b2c990	False		0x228	operator_new 0x2188170 0x3488e0 0x353bd0	0x26a2cc0 0x2678fc8
0x269d0e8	0x34c090	0x1b2c6a0	False		0x228	operator_new 0x2188170 0x3488e0 0x353bd0	0x26a2cc0 0x2678af8
0x269d0f8	0x34c090	0x1b2c710	False		0x220	operator_new 0x2188170 0x3488e0 0x353bd0	0x26a2cc0 0x26793a0
0x269d108	0x34c090	0x1b2c780	False		0x80	operator_new 0x3488e0	0x325f378 0x2691828
0x269d118	0x34c090	0x1b2c7e0	False		0x80	operator_new 0x3488e0	0x325f378 0x2691918
0x269d128	0x34c090	0x1b2cb50	False		0x2a8	operator_new 0x2188170 0x187b9e0	0x2679b20
0x269d138	0x34c090	0x1b2cba0	False		0x80	operator_new 0x3488e0	0x325f068 0x2691fa8
0x269d148	0x34c090	0x1b2cc00	False		0x80	operator_new 0x3488e0	0x325f068 0x2692098
0x269d158	0x34c090	0x1b2cc60	False		0x220	operator_new 0x2188170 0x3488e0 0x353bd0	0x26a2cc0 0x2679c18
0x269d168	0x34c090	0x1b2ca00	False		0x80	operator_new 0x3488e0	0x325eff0 0x2691eb8
0x269d178	0x34c090	0x1b2ca60	False		0x3f8	operator_new 0x2188170 0x1af63b0	0x26790b8
0x269d188	0x34c090	0x1b2cab0	False		0x2a8	operator_new 0x2188170 0x187b9e0	0x26791b0
0x269d198	0x34c090	0x1b2cb00	False		0x2a8	operator_new 0x2188170 0x187b9e0	0x26792a8
0x269d1a8	0x34c090	0x1b2ce50	False		0x80	operator_new 0x3488e0	0x325f068 0x2691be8
0x269d1b8	0x34c090	0x1b2ceb0	False		0x228	operator_new 0x2188170 0x3488e0 0x353bd0	0x26a2cc0 0x2679940
0x269d1c8	0x34c090	0x1b2cf20	False		0x258	operator_new 0x2188170 0x3488e0 0x353bd0	0x2679a30 0x3260260
0x269d1d8	0x34c090	0x1b2cfb0	False		0x228	operator_new 0x2188170 0x3488e0 0x353bd0	0x26a2cc0 0x267a2c8
0x269d1e8	0x34c090	0x1b2ccd0	False		0x2a8	operator_new 0x2188170 0x187b9e0	0x2679d08
0x269d1f8	0x34c090	0x1b2cd20	False		0x2a8	operator_new 0x2188170 0x187b9e0	0x2679e00
0x269d208	0x34c090	0x1b2cd70	False		0x228	operator_new 0x2188170 0x3488e0 0x353bd0	0x26a2cc0 0x2679760
0x269d218	0x34c090	0x1b2cde0	False		0x228	operator_new 0x2188170 0x3488e0 0x353bd0	0x26a2cc0 0x2679850
0x269d228	0x34c090	0x1b2d1a0	False		0x80	operator_new 0x3488e0	0x3260850 0x2691cd8
0x269d238	0x34c090	0x1b2d200	False		0x228	operator_new 0x2188170 0x3488e0 0x353bd0	0x26a2cc0 0x2679fe8
0x269d248	0x34c090	0x1b2d270	False		0x2a8	operator_new 0x2188170 0x187b9e0	0x267a0d8
0x269d258	0x34c090	0x1b2d2c0	False		0x2a8	operator_new 0x2188170 0x187b9e0	0x267a1d0
0x269d268	0x34c090	0x1b2d020	False		0x228	operator_new 0x2188170 0x3488e0 0x353bd0	0x26a2cc0 0x267a3b8
0x269d278	0x34c090	0x1b2d090	False		0x3f8	operator_new 0x2188170 0x1af63b0	0x267a4a8
0x269d288	0x34c090	0x1b2d0e0	False		0x2a8	operator_new 0x2188170 0x1ababb0	0x267a5a0
0x269d298	0x34c090	0x1b2d130	False		0x228	operator_new 0x2188170 0x3488e0 0x353bd0	0x26a2cc0 0x2679ef8
0x269d2a8	0x34c090	0x1b2d480	False		0x2a8	operator_new 0x2188170 0x187b9e0	0x267ad50
0x269d2b8	0x34c090	0x1b2d4d0	False		0x2a8	operator_new 0x2188170 0x1ababb0	0x267a698
0x269d2c8	0x34c090	0x1b2d520	False		0x2a8	operator_new 0x2188170 0x1ababb0	0x267a790
0x269d2d8	0x34c090	0x1b2d570	False		0x2a8	operator_new 0x2188170 0x1ababb0	0x267a888
0x269d2e8	0x34c090	0x1b2d310	False		0x2a8	operator_new 0x187b9e0	0x269f748
0x269d2f8	0x34c090	0x1b2d350	False		0x228	operator_new 0x2188170 0x3488e0 0x353bd0	0x26a2cc0 0x267aa78
0x269d308	0x34c090	0x1b2d3c0	False		0x2a8	operator_new 0x2188170 0x1ababb0	0x267ab68
0x269d318	0x34c090	0x1b2d410	False		0x228	operator_new 0x2188170 0x3488e0 0x353bd0	0x26a2cc0 0x267ac60
0x269d328	0x34c090	0x1b2d700	False		0x80	operator_new 0x3488e0	0x3260850 0x2691dc8
0x269d338	0x34c090	0x1b2d760	False		0x2a8	operator_new 0x2188170 0x187b9e0	0x267ae48
0x269d348	0x34c090	0x1b2d7b0	False		0x2a8	operator_new 0x2188170 0x187b9e0	0x267af40
0x269d358	0x34c090	0x1b2d800	False		0x2a8	operator_new 0x2188170 0x187b9e0	0x267b510
0x269d368	0x34c090	0x1b2d5c0	False		0x2a8	operator_new 0x2188170 0x187b9e0	0x267a980
0x269d378	0x34c090	0x1b2d610	False		0x2a8	operator_new 0x2188170 0x187b9e0	0x267b038
0x269d388	0x34c090	0x1b2d660	False		0x2a8	operator_new 0x2188170 0x187b9e0	0x267b130
0x269d398	0x34c090	0x1b2d6b0	False		0x2a8	operator_new 0x2188170 0x1ababb0	0x267b228
0x269d3a8	0x34c090	0x1b2d990	False		0x2a8	operator_new 0x2188170 0x187b9e0	0x2674a00
0x269d3b8	0x34c090	0x1b2d9e0	False		0x2a8	operator_new 0x2188170 0x187b9e0	0x2674718
0x269d3c8	0x34c090	0x1b2da30	False		0x2a8	operator_new 0x2188170 0x187b9e0	0x2674810
0x269d3d8	0x34c090	0x1b2da80	False		0x2a8	operator_new 0x2188170 0x187b9e0	0x2674eb8
0x269d3e8	0x34c090	0x1b2d850	False		0x2a8	operator_new 0x2188170 0x187b9e0	0x267b608
0x269d3f8	0x34c090	0x1b2d8a0	False		0x2a8	operator_new 0x2188170 0x187b9e0	0x267b320
0x269d408	0x34c090	0x1b2d8f0	False		0x2a8	operator_new 0x2188170 0x187b9e0	0x267b418
0x269d418	0x34c090	0x1b2d940	False		0x2a8	operator_new 0x2188170 0x187b9e0	0x2674908
0x269d428	0x34c090	0x1b2dc90	False		0x220	operator_new 0x2188170 0x3488e0 0x353bd0	0x26a2cc0 0x2674be8
0x269d438	0x34c090	0x1b2dd00	False		0x220	operator_new 0x2188170 0x3488e0 0x353bd0	0x26a2cc0 0x2674cd8
0x269d448	0x34c090	0x1b2dd70	False		0x220	operator_new 0x2188170 0x3488e0 0x353bd0	0x26a2cc0 0x2674dc8
0x269d458	0x34c090	0x1b2dde0	False		0x450	operator_new 0x2188170 0x187b9e0 0x353bd0	0x2675660
0x269d468	0x34c090	0x1b2dad0	False		0x220	operator_new 0x2188170 0x3488e0 0x353bd0	0x26a2cc0 0x2674fb0
0x269d478	0x34c090	0x1b2db40	False		0x220	operator_new 0x2188170 0x3488e0 0x353bd0	0x26a2cc0 0x26750a0
0x269d488	0x34c090	0x1b2dbb0	False		0x220	operator_new 0x2188170 0x3488e0 0x353bd0	0x26a2cc0 0x2675190
0x269d498	0x34c090	0x1b2dc20	False		0x220	operator_new 0x2188170 0x3488e0 0x353bd0	0x26a2cc0 0x2674af8
0x269d4a8	0x34c090	0x1b2afa0	False		0xa8	operator_new 0x2188170 0x3488e0	0x267dc30 0x247a4d0 0x247a530
0x269d4b8	0x34c090	0x1b2b020	False		0x80	operator_new 0x3488e0	0x325f800 0x2690a18
0x269d4c8	0x34c090	0x1b2b080	False		0x230	operator_new 0x2188170 0x3488e0 0x353bd0	0x26a2cc0 0x267d598
0x269d4d8	0x34c090	0x1b2b100	False		0x80	operator_new 0x3488e0	0x325f378 0x2691198
0x269d4e8	0x34c090	0x1b2ae00	False		0x3c0	operator_new 0x2188170 0x3488e0 0x353bd0 0x353bd0	0x26a2cc0 0x267d0c8
0x269d4f8	0x34c090	0x1b2ae70	False		0x3c0	operator_new 0x2188170 0x3488e0 0x353bd0 0x353bd0	0x26a2cc0 0x267d958
0x269d508	0x34c090	0x1b2aee0	False		0x228	operator_new 0x2188170 0x3488e0 0x353bd0	0x26a2cc0 0x267da48
0x269d518	0x34c090	0x1b2af50	False		0x2a8	operator_new 0x2188170 0x1ababb0	0x267db38
0x269d528	0x34c090	0x1b2b2f0	False		0x228	operator_new 0x2188170 0x3488e0 0x353bd0	0x26a2cc0 0x267d778
0x269d538	0x34c090	0x1b2b360	False		0x228	operator_new 0x2188170 0x3488e0 0x353bd0	0x26a2cc0 0x267d868
0x269d548	0x34c090	0x1b2b3d0	False		0x228	operator_new 0x2188170 0x3488e0 0x353bd0	0x26a2cc0 0x267e100
0x269d558	0x34c090	0x1b2b440	False		0x2a8	operator_new 0x2188170 0x187b9e0	0x267e1f0
0x269d568	0x34c090	0x1b2b160	False		0x80	operator_new 0x3488e0	0x325f378 0x2691288
0x269d578	0x34c090	0x1b2b1c0	False		0x80	operator_new 0x3488e0	0x325f378 0x2691378
0x269d588	0x34c090	0x1b2b220	False		0x80	operator_new 0x3488e0	0x325f378 0x2690ec8
0x269d598	0x34c090	0x1b2b280	False		0x228	operator_new 0x2188170 0x3488e0 0x353bd0	0x26a2cc0 0x267d688
0x269d5a8	0x34c090	0x1b2b600	False		0x2a8	operator_new 0x2188170 0x187b9e0	0x267de18
0x269d5b8	0x34c090	0x1b2b650	False		0x448	operator_new 0x187b9e0 0x3549d0	0x269f840
0x269d5c8	0x34c090	0x1b2b6a0	False		0x2a8	operator_new 0x2188170 0x187b9e0	0x267df10
0x269d5d8	0x34c090	0x1b2b6f0	False		0x2a8	operator_new 0x2188170 0x1ababb0	0x267e008
0x269d5e8	0x34c090	0x1b2b490	False		0x220	operator_new 0x2188170 0x3488e0 0x353bd0	0x26a2cc0 0x267e2e8
0x269d5f8	0x34c090	0x1b2b500	False		0x2a8	operator_new 0x2188170 0x187b9e0	0x267e3d8
0x269d608	0x34c090	0x1b2b550	False		0x80	operator_new 0x3488e0	0x325f2a0 0x2690fb8
0x269d618	0x34c090	0x1b2b5b0	False		0x2a8	operator_new 0x2188170 0x187b9e0	0x267dd20
0x269d628	0x34c090	0x1b2b8a0	False		0x2a8	operator_new 0x2188170 0x187b9e0	0x267ea88
0x269d638	0x34c090	0x1b2b8f0	False		0x250	operator_new 0x2188170 0x3488e0 0x353bd0	0x26a2cc0 0x267eb80
0x269d648	0x34c090	0x1b2b980	False		0x218	operator_new 0x2188170 0x3488e0 0x353bd0	0x267e4d0
0x269d658	0x34c090	0x1b2b9d0	False		0x218	operator_new 0x2188170 0x3488e0 0x353bd0	0x267e5c0
0x269d668	0x34c090	0x1b2b740	False		0x2a8	operator_new 0x2188170 0x187b9e0	0x267e898
0x269d678	0x34c090	0x1b2b790	False		0x80	operator_new 0x3488e0	0x325fee0 0x26910a8
0x269d688	0x34c090	0x1b2b7f0	False		0x80	operator_new 0x3488e0	0x325f600 0x2691558
0x269d698	0x34c090	0x1b2b850	False		0x2a8	operator_new 0x2188170 0x187b9e0	0x267e990
0x269d6a8	0x34c090	0x1b2bc10	False		0x228	operator_new 0x2188170 0x3488e0 0x353bd0	0x26a2cc0 0x267f220
0x269d6b8	0x34c090	0x1b2bc80	False		0x228	operator_new 0x2188170 0x3488e0 0x353bd0	0x26a2cc0 0x267f310
0x269d6c8	0x34c090	0x1b2bcf0	False		0x80	operator_new 0x3488e0	0x325efa8 0x2691648
0x269d6d8	0x34c090	0x1b2bd50	False		0x220	operator_new 0x2188170 0x3488e0 0x353bd0	0x26a2cc0 0x267ec70
0x269d6e8	0x34c090	0x1b2ba20	False		0x5a0	operator_new 0x2188170 0x187b9e0 0x34ba00 0x34ecd0	0x267e6b0 0x24c7f80
0x269d6f8	0x34c090	0x1b2bac0	False		0x228	operator_new 0x2188170 0x3488e0 0x353bd0	0x26a2cc0 0x267e7a8
0x269d708	0x34c090	0x1b2bb30	False		0x228	operator_new 0x2188170 0x3488e0 0x353bd0	0x26a2cc0 0x267f040
0x269d718	0x34c090	0x1b2bba0	False		0x228	operator_new 0x2188170 0x3488e0 0x353bd0	0x26a2cc0 0x267f130
0x269d728	0x34c090	0x1b2bf20	False		0xe8	operator_new 0x3488e0	0x26c7e58 0x325f1f8 0x32607a0
0x269d738	0x34c090	0x1b2bfc0	False		0x250	operator_new 0x3488e0 0x353bd0	0x26c7f48 0x32607e0
0x269d748	0x34c090	0x1b2c040	False		0x80	operator_new 0x3488e0	0x32607f0 0x2691468
0x269d758	0x34c090	0x1b2c0a0	False		0x80	operator_new 0x3488e0	0x325f1e0 0x2691a08
0x269d768	0x34c090	0x1b2bdc0	False		0x2a8	operator_new 0x2188170 0x1ababb0	0x267ed60
0x269d778	0x34c090	0x1b2be10	False		0x2a8	operator_new 0x2188170 0x1ababb0	0x267ee58
0x269d788	0x34c090	0x1b2be60	False		0x228	operator_new 0x2188170 0x3488e0 0x353bd0	0x26a2cc0 0x267ef50
0x269d798	0x34c090	0x1b2bed0	False		0x2a8	operator_new 0x2188170 0x1ababb0	0x2678448
0x269d7a8	0x34c090	0x1b2c250	False		0x228	operator_new 0x2188170 0x3488e0 0x353bd0	0x26a2cc0 0x2678070
0x269d7b8	0x34c090	0x1b2c2c0	False		0x2a8	operator_new 0x2188170 0x187b9e0	0x2678160
0x269d7c8	0x34c090	0x1b2c310	False		0x2a8	operator_new 0x2188170 0x187b9e0	0x2678258
0x269d7d8	0x34c090	0x1b2c360	False		0x2a8	operator_new 0x2188170 0x187b9e0	0x2678350
0x269d7e8	0x34c090	0x1b2c100	False		0x2a8	operator_new 0x2188170 0x1ababb0	0x2678540
0x269d7f8	0x34c090	0x1b2c150	False		0x80	operator_new 0x3488e0	0x32607b8 0x2691af8
0x269d808	0x34c090	0x1b2c1b0	False		0x2a8	operator_new 0x2188170 0x1ababb0	0x2678638
0x269d818	0x34c090	0x1b2c200	False		0x2a8	operator_new 0x2188170 0x1ababb0	0x2678730
0x269d828	0x34c090	0x1b2c4f0	False		0x220	operator_new 0x2188170 0x3488e0 0x353bd0	0x26a2cc0 0x2678828
0x269d838	0x34c090	0x1b2c560	False		0x80	operator_new 0x3488e0	0x32603b0 0x2691738
0x269d848	0x34c090	0x1b2c5c0	False		0x228	operator_new 0x2188170 0x3488e0 0x353bd0	0x26a2cc0 0x2678918
0x269d858	0x34c090	0x1b2c630	False		0x228	operator_new 0x2188170 0x3488e0 0x353bd0	0x26a2cc0 0x2678a08
0x269d868	0x34c090	0x1b2c3b0	False		0x2a8	operator_new 0x2188170 0x187b9e0	0x2678be8
0x269d878	0x34c090	0x1b2c400	False		0x2a8	operator_new 0x2188170 0x187b9e0	0x2678ce0
0x269d888	0x34c090	0x1b2c450	False		0x2a8	operator_new 0x2188170 0x187b9e0	0x2678dd8
0x269d898	0x34c090	0x1b2c4a0	False		0x2a8	operator_new 0x2188170 0x1ababb0	0x2678ed0
0x269d8a8	0x34c090	0x1b29520	False		0x228	operator_new 0x2188170 0x3488e0 0x353bd0	0x26a2cc0 0x2682850
0x269d8b8	0x34c090	0x1b29590	False		0x228	operator_new 0x2188170 0x3488e0 0x353bd0	0x26a2cc0 0x26821b0
0x269d8c8	0x34c090	0x1b29600	False		0x3f8	operator_new 0x1af63b0	0x269f938
0x269d8d8	0x34c090	0x1b29640	False		0x2a8	operator_new 0x2188170 0x187b9e0	0x26822a0
0x269d8e8	0x34c090	0x1b29380	False		0x3c0	operator_new 0x3488e0 0x353bd0 0x3549d0	0x26a2cc0 0x26a0570
0x269d8f8	0x34c090	0x1b293f0	False		0x3c0	operator_new 0x3488e0 0x353bd0 0x3549d0	0x26a2cc0 0x26a0840
0x269d908	0x34c090	0x1b29460	False		0x3c0	operator_new 0x3488e0 0x353bd0 0x3549d0	0x26a2cc0 0x26a0930
0x269d918	0x34c090	0x1b294d0	False		0x250	operator_new 0x2188170 0x1afcc10	0x2682760
0x269d928	0x34c090	0x1b29830	False		0x228	operator_new 0x2188170 0x3488e0 0x353bd0	0x26a2cc0 0x2682ee8
0x269d938	0x34c090	0x1b298a0	False		0x80	operator_new 0x3488e0	0x3260110 0x2694f78
0x269d948	0x34c090	0x1b29900	False		0x80	operator_new 0x3488e0	0x3260110 0x2695068
0x269d958	0x34c090	0x1b29960	False		0x228	operator_new 0x2188170 0x3488e0 0x353bd0	0x26a2cc0 0x2682fd8
0x269d968	0x34c090	0x1b29690	False		0x2a8	operator_new 0x2188170 0x187b9e0	0x2682398
0x269d978	0x34c090	0x1b296e0	False		0x220	operator_new 0x2188170 0x3488e0 0x353bd0	0x26a2cc0 0x2682490
0x269d988	0x34c090	0x1b29750	False		0x220	operator_new 0x2188170 0x3488e0 0x353bd0	0x26a2cc0 0x2682d08
0x269d998	0x34c090	0x1b297c0	False		0x228	operator_new 0x2188170 0x3488e0 0x353bd0	0x26a2cc0 0x2682df8
0x269d9a8	0x34c090	0x1b29b60	False		0x80	operator_new 0x3488e0	0x3260158 0x2695518
0x269d9b8	0x34c090	0x1b29bc0	False		0x88	operator_new 0x3488e0	0x2682b28 0x3260158 0x3260170
0x269d9c8	0x34c090	0x1b29c40	False		0x228	operator_new 0x2188170 0x3488e0 0x353bd0	0x26a2cc0 0x2682c18
0x269d9d8	0x34c090	0x1b29cb0	False		0x228	operator_new 0x2188170 0x3488e0 0x353bd0	0x26a2cc0 0x267bac8
0x269d9e8	0x34c090	0x1b299d0	False		0x228	operator_new 0x2188170 0x3488e0 0x353bd0	0x26a2cc0 0x2682940
0x269d9f8	0x34c090	0x1b29a40	False		0x2a8	operator_new 0x2188170 0x187b9e0	0x2682a30
0x269da08	0x34c090	0x1b29a90	False		0x228	operator_new 0x2188170 0x3488e0 0x353bd0	0x26956f8
0x269da18	0x34c090	0x1b29b00	False		0x80	operator_new 0x3488e0	0x3260158 0x26957e8
0x269da28	0x34c090	0x1b29e70	False		0x80	operator_new 0x3488e0	0x325f2a0 0x2690b08
0x269da38	0x34c090	0x1b29ed0	False		0x448	operator_new 0x2188170 0x187b9e0 0x353bd0	0x267b700
0x269da48	0x34c090	0x1b29f30	False		0x80	operator_new 0x3488e0	0x325f2a0 0x2690bf8
0x269da58	0x34c090	0x1b29f90	False		0xb8	operator_new 0x3488e0	0x269fb18 0x325f2a0
0x269da68	0x34c090	0x1b29d20	False		0x2a8	operator_new 0x2188170 0x187b9e0	0x267bbb8
0x269da78	0x34c090	0x1b29d70	False		0x2a8	operator_new 0x2188170 0x1ababb0	0x267bcb0
0x269da88	0x34c090	0x1b29dc0	False		0x2a8	operator_new 0x2188170 0x1ababb0	0x267bda8
0x269da98	0x34c090	0x1b29e10	False		0x80	operator_new 0x3488e0	0x325fb38 0x2695608
0x269daa8	0x34c090	0x1b2a140	False		0x148	operator_new 0x2188170 0x3488e0 0x34ba00	0x267b9d8
0x269dab8	0x34c090	0x1b2a1b0	False		0x260	operator_new 0x2188170 0x1afcc10	0x269fc08 0x3260110
0x269dac8	0x34c090	0x1b2a220	False		0x80	operator_new 0x3488e0	0x2690dd8
0x269dad8	0x34c090	0x1b2a280	False		0x80	operator_new 0x3488e0	0x3260220 0x2690928
0x269dae8	0x34c090	0x1b2a000	False		0x80	operator_new 0x3488e0	0x325f2a0 0x2690ce8
0x269daf8	0x34c090	0x1b2a060	False		0x228	operator_new 0x2188170 0x3488e0 0x353bd0	0x26a2cc0 0x267b7f8
0x269db08	0x34c090	0x1b2a0d0	False		0x148	operator_new 0x2188170 0x3488e0 0x34ba00	0x267b8e8
0x269db18	0x34c090	0x1b2a4a0	False		0x228	operator_new 0x2188170 0x3488e0 0x353bd0	0x26a2cc0 0x267bea0
0x269db28	0x34c090	0x1b2a510	False		0x3c0	operator_new 0x3488e0 0x353bd0 0x3549d0	0x26a2cc0 0x269fde8
0x269db38	0x34c090	0x1b2a580	False		0x220	operator_new 0x2188170 0x3488e0 0x353bd0	0x26a2cc0 0x267bf90
0x269db48	0x34c090	0x1b2a5f0	False		0x4d8	operator_new 0x2188170 0x3488e0 0x34ecd0 0x34ecd0	0x267c080 0x325ef38 0x24b35c0
0x269db58	0x34c090	0x1b2a2e0	False		0x2e0	operator_new 0x2188170 0x1ababb0	0x267c260 0x325ef38
0x269db68	0x34c090	0x1b2a360	False		0x180	operator_new 0x2188170 0x34ba00 0x34ba00	0x267c358
0x269db78	0x34c090	0x1b2a3c0	False		0x220	operator_new 0x2188170 0x3488e0 0x353bd0	0x26a2cc0 0x267c450
0x269db88	0x34c090	0x1b2a430	False		0x228	operator_new 0x2188170 0x3488e0 0x353bd0	0x26a2cc0 0x267c540
0x269db98	0x34c090	0x1b2a910	False		0x318	operator_new 0x2188170 0x1ababb0	0x267ccf8 0x325ef38 0x325f608
0x269dba8	0x34c090	0x1b2a9c0	False		0x318	operator_new 0x2188170 0x1ababb0	0x267c630 0x325ef38 0x325f608
0x269dbb8	0x34c090	0x1b2aa70	False		0x2e8	operator_new 0x2188170 0x1ababb0	0x267c728 0x325ef38
0x269dbc8	0x34c090	0x1b2aaf0	False		0x2a8	operator_new 0x2188170 0x187b9e0	0x267c820
0x269dbd8	0x34c090	0x1b2a6b0	False		0x2e0	operator_new 0x2188170 0x3488e0 0x34ecd0	0x267c170 0x325ef38 0x24b35c0
0x269dbe8	0x34c090	0x1b2a760	False		0x2a8	operator_new 0x2188170 0x1ababb0	0x267ca10
0x269dbf8	0x34c090	0x1b2a7b0	False		0x318	operator_new 0x2188170 0x1ababb0	0x267cb08 0x325ef38 0x325f608
0x269dc08	0x34c090	0x1b2a860	False		0x318	operator_new 0x2188170 0x1ababb0	0x267cc00 0x325ef38 0x325f608
0x269dc18	0x34c090	0x1b2ac80	False		0x2a8	operator_new 0x2188170 0x187b9e0	0x267d4a0
0x269dc28	0x34c090	0x1b2acd0	False		0x2a8	operator_new 0x2188170 0x187b9e0	0x267cdf0
0x269dc38	0x34c090	0x1b2ad20	False		0x228	operator_new 0x2188170 0x3488e0 0x353bd0	0x26a2cc0 0x267cee8
0x269dc48	0x34c090	0x1b2ad90	False		0x3c0	operator_new 0x2188170 0x3488e0 0x353bd0 0x353bd0	0x26a2cc0 0x267cfd8
0x269dc58	0x34c090	0x1b2ab40	False		0x2a8	operator_new 0x2188170 0x187b9e0	0x267c918
0x269dc68	0x34c090	0x1b2ab90	False		0x2a8	operator_new 0x2188170 0x187b9e0	0x267d1b8
0x269dc78	0x34c090	0x1b2abe0	False		0x2a8	operator_new 0x2188170 0x187b9e0	0x267d2b0
0x269dc88	0x34c090	0x1b2ac30	False		0x2a8	operator_new 0x2188170 0x187b9e0	0x267d3a8
0x269dc98	0x34c090	0x1b27a60	False		0x188	operator_new 0x2188170 0x34ba00 0x34ba00	0x267ff58
0x269dca8	0x34c090	0x1b27ac0	False		0x158	operator_new 0x2188170 0x3488e0 0x2188170 0x34ba00	0x269c0f8 0x2680050
0x269dcb8	0x34c090	0x1b27b50	False		0x158	operator_new 0x2188170 0x3488e0 0x2188170 0x34ba00	0x269c0f8 0x2680140
0x269dcc8	0x34c090	0x1b27be0	False		0x308	operator_new 0x2188170 0x187b9e0	0x2680230
0x269dcd8	0x34c090	0x1b278a0	False		0x80	operator_new 0x3488e0	0x2694618
0x269dce8	0x34c090	0x1b27900	False		0x228	operator_new 0x2188170 0x3488e0 0x353bd0	0x26a2cc0 0x267f5e0
0x269dcf8	0x34c090	0x1b27970	False		0x2f0	operator_new 0x2188170 0x1ababb0	0x267f6d0 0x325ef38
0x269dd08	0x34c090	0x1b27a00	False		0x80	operator_new 0x3488e0	0x325fc10 0x2694ca8
0x269dd18	0x34c090	0x1b27e50	False		0x228	operator_new 0x2188170 0x3488e0 0x353bd0	0x26a2cc0 0x267fe68
0x269dd28	0x34c090	0x1b27ec0	False		0x228	operator_new 0x2188170 0x3488e0 0x353bd0	0x26a2cc0 0x26806f8
0x269dd38	0x34c090	0x1b27f30	False		0x228	operator_new 0x2188170 0x3488e0 0x353bd0	0x26a2cc0 0x26807e8
0x269dd48	0x34c090	0x1b27fa0	False		0x2b0	operator_new 0x2188170 0x187b9e0	0x26808d8
0x269dd58	0x34c090	0x1b27c80	False		0x80	operator_new 0x3488e0	0x325ef38 0x2694d98
0x269dd68	0x34c090	0x1b27ce0	False		0x250	operator_new 0x2188170 0x3488e0 0x353bd0	0x26a2cc0 0x267fb98
0x269dd78	0x34c090	0x1b27d70	False		0x228	operator_new 0x2188170 0x3488e0 0x353bd0	0x26a2cc0 0x267fc88
0x269dd88	0x34c090	0x1b27de0	False		0x228	operator_new 0x2188170 0x3488e0 0x353bd0	0x26a2cc0 0x267fd78
0x269dd98	0x34c090	0x1b28190	False		0x2a8	operator_new 0x2188170 0x1ababb0	0x2680600
0x269dda8	0x34c090	0x1b281e0	False		0x228	operator_new 0x2188170 0x3488e0 0x353bd0	0x26a2cc0 0x2680e90
0x269ddb8	0x34c090	0x1b28250	False		0x3c0	operator_new 0x3488e0 0x353bd0 0x3549d0	0x26a2cc0 0x26a0b18
0x269ddc8	0x34c090	0x1b282c0	False		0x3c0	operator_new 0x3488e0 0x353bd0 0x3549d0	0x26a2cc0 0x269ffd0
0x269ddd8	0x34c090	0x1b27ff0	False		0x90	operator_new 0x3488e0	0x26809d0 0x325f2b0
0x269dde8	0x34c090	0x1b28070	False		0x5a0	operator_new 0x2188170 0x1af63b0 0x353bd0	0x2680328 0x325f208
0x269ddf8	0x34c090	0x1b280d0	False		0x228	operator_new 0x2188170 0x3488e0 0x353bd0	0x26a2cc0 0x2680418
0x269de08	0x34c090	0x1b28140	False		0x2a8	operator_new 0x2188170 0x1ababb0	0x2680508
0x269de18	0x34c090	0x1b28520	False		0x228	operator_new 0x2188170 0x3488e0 0x353bd0	0x26a2cc0 0x2680ac0
0x269de28	0x34c090	0x1b28590	False		0x80	operator_new 0x3488e0	0x325f840 0x26949d8
0x269de38	0x34c090	0x1b285f0	False		0x228	operator_new 0x2188170 0x3488e0 0x353bd0	0x26a2cc0 0x2680bb0
0x269de48	0x34c090	0x1b28660	False		0x80	operator_new 0x3488e0	0x325fd48 0x2694ac8
0x269de58	0x34c090	0x1b28330	False		0x560	operator_new 0x3488e0 0x353bd0 0x3549d0 0x3549d0	0x26a00c0
0x269de68	0x34c090	0x1b283b0	False		0x508	operator_new 0x2188170 0x187b9e0 0x34ba00 0x353bd0	0x269fed8 0x2680f80
0x269de78	0x34c090	0x1b28420	False		0x848	operator_new 0x2188170 0x187b9e0 0x34ba00 0x353bd0 0x353bd0 0x353bd0	0x269fed8 0x2681078
0x269de88	0x34c090	0x1b284b0	False		0x558	operator_new 0x2188170 0x3488e0 0x353bd0 0x353bd0 0x353bd0	0x2681170
0x269de98	0x34c090	0x1b28840	False		0x2e8	operator_new 0x2188170 0x187b9e0	0x2680ca0 0x325f948
0x269dea8	0x34c090	0x1b288c0	False		0x2a8	operator_new 0x2188170 0x187b9e0	0x2680d98
0x269deb8	0x34c090	0x1b28910	False		0x2a8	operator_new 0x2188170 0x187b9e0	0x2681638
0x269dec8	0x34c090	0x1b28960	False		0x2a8	operator_new 0x2188170 0x1ababb0	0x2681730
0x269ded8	0x34c090	0x1b286c0	False		0x80	operator_new 0x3488e0	0x325fd48 0x2694bb8
0x269dee8	0x34c090	0x1b28720	False		0x80	operator_new 0x3488e0	0x325fd48 0x2695158
0x269def8	0x34c090	0x1b28780	False		0x80	operator_new 0x3488e0	0x325f948 0x2695248
0x269df08	0x34c090	0x1b287e0	False		0x80	operator_new 0x3488e0	0x325f948 0x2695338
0x269df18	0x34c090	0x1b28bb0	False		0x2a8	operator_new 0x2188170 0x1ababb0	0x2681350
0x269df28	0x34c090	0x1b28c00	False		0x2a8	operator_new 0x2188170 0x1ababb0	0x2681448
0x269df38	0x34c090	0x1b28c50	False		0x2a8	operator_new 0x2188170 0x1ababb0	0x2681540
0x269df48	0x34c090	0x1b28ca0	False		0x2a8	operator_new 0x2188170 0x1ababb0	0x2681dd0
0x269df58	0x34c090	0x1b289b0	False		0x220	operator_new 0x3488e0 0x353bd0	0x26a01b0
0x269df68	0x34c090	0x1b28a00	False		0x258	operator_new 0x2188170 0x3488e0 0x353bd0	0x26a2cc0 0x2681828
0x269df78	0x34c090	0x1b28aa0	False		0x258	operator_new 0x2188170 0x3488e0 0x353bd0	0x26a2cc0 0x2681918
0x269df88	0x34c090	0x1b28b40	False		0x228	operator_new 0x2188170 0x3488e0 0x353bd0	0x26a2cc0 0x2681260
0x269df98	0x34c090	0x1b28e40	False		0x3c0	operator_new 0x3488e0 0x353bd0 0x3549d0	0x26a2cc0 0x26a02a0
0x269dfa8	0x34c090	0x1b28eb0	False		0x2c0	operator_new 0x2188170 0x3488e0 0x34ecd0	0x247a488 0x2681b00 0x24c7f80
0x269dfb8	0x34c090	0x1b28f50	False		0x80	operator_new 0x3488e0	0x325f2b0 0x2695428
0x269dfc8	0x34c090	0x1b28fb0	False		0x80	operator_new 0x3488e0	0x325fd48 0x2694e88
0x269dfd8	0x34c090	0x1b28cf0	False		0x2a8	operator_new 0x2188170 0x1ababb0	0x2681ec8
0x269dfe8	0x34c090	0x1b28d40	False		0x2a8	operator_new 0x2188170 0x1ababb0	0x2681fc0
0x269dff8	0x34c090	0x1b28d90	False		0x2a8	operator_new 0x2188170 0x1ababb0	0x26820b8
0x269e008	0x34c090	0x1b28de0	False		0x448	operator_new 0x2188170 0x187b9e0 0x353bd0	0x2681a08
0x269e018	0x34c090	0x1b291b0	False		0x3c8	operator_new 0x3488e0 0x353bd0 0x3549d0	0x26a2cc0 0x26a0390
0x269e028	0x34c090	0x1b29230	False		0x3c0	operator_new 0x3488e0 0x353bd0 0x3549d0	0x26a2cc0 0x26a0660
0x269e038	0x34c090	0x1b292a0	False		0x3c0	operator_new 0x3488e0 0x353bd0 0x3549d0	0x26a2cc0 0x26a0750
0x269e048	0x34c090	0x1b29310	False		0x3c0	operator_new 0x3488e0 0x353bd0 0x3549d0	0x26a2cc0 0x26a0480
0x269e058	0x34c090	0x1b29010	False		0x250	operator_new 0x2188170 0x1afcc10	0x2681bf0
0x269e068	0x34c090	0x1b29060	False		0x228	operator_new 0x2188170 0x3488e0 0x353bd0	0x26a2cc0 0x2681ce0
0x269e078	0x34c090	0x1b290d0	False		0x228	operator_new 0x2188170 0x3488e0 0x353bd0	0x26a2cc0 0x2682580
0x269e088	0x34c090	0x1b29140	False		0x3c0	operator_new 0x2188170 0x3488e0 0x353bd0 0x353bd0	0x26a2cc0 0x2682670
0x269e098	0x34c090	0x1b26180	False		0x80	operator_new 0x3488e0	0x325f940 0x2694348
0x269e0a8	0x34c090	0x1b261e0	False		0x2a8	operator_new 0x2188170 0x187b9e0	0x2684db0
0x269e0b8	0x34c090	0x1b26230	False		0x2a8	operator_new 0x2188170 0x187b9e0	0x2684ea8
0x269e0c8	0x34c090	0x1b26280	False		0x2a8	operator_new 0x2188170 0x187b9e0	0x26847e0
0x269e0d8	0x34c090	0x1b26040	False		0x2a8	operator_new 0x2188170 0x187b9e0	0x2684220
0x269e0e8	0x34c090	0x1b26090	False		0x2a8	operator_new 0x2188170 0x187b9e0	0x2684318
0x269e0f8	0x34c090	0x1b260e0	False		0x2a8	operator_new 0x2188170 0x1ababb0	0x2684bc0
0x269e108	0x34c090	0x1b26130	False		0x2a8	operator_new 0x2188170 0x187b9e0	0x2684cb8
0x269e118	0x34c090	0x1b26410	False		0x2a8	operator_new 0x2188170 0x187b9e0	0x2685460
0x269e128	0x34c090	0x1b26460	False		0x2d8	operator_new 0x2188170 0x187b9e0	0x2685558 0x24b8e30
0x269e138	0x34c090	0x1b264f0	False		0x2a8	operator_new 0x2188170 0x187b9e0	0x2685650
0x269e148	0x34c090	0x1b26540	False		0x220	operator_new 0x2188170 0x3488e0 0x353bd0	0x26a2cc0 0x2684fa0
0x269e158	0x34c090	0x1b262d0	False		0x2a8	operator_new 0x2188170 0x1ababb0	0x26848d8
0x269e168	0x34c090	0x1b26320	False		0x2a8	operator_new 0x2188170 0x187b9e0	0x26849d0
0x269e178	0x34c090	0x1b26370	False		0x2a8	operator_new 0x2188170 0x187b9e0	0x2684ac8
0x269e188	0x34c090	0x1b263c0	False		0x2a8	operator_new 0x2188170 0x187b9e0	0x2685368
0x269e198	0x34c090	0x1b26750	False		0x80	operator_new 0x3488e0	0x2694168
0x269e1a8	0x34c090	0x1b267b0	False		0x230	operator_new 0x2188170 0x3488e0 0x353bd0	0x26a2cc0 0x2685180 0x325fa88
0x269e1b8	0x34c090	0x1b26830	False		0x80	operator_new 0x3488e0	0x325fa88 0x2694708
0x269e1c8	0x34c090	0x1b26890	False		0x2a8	operator_new 0x2188170 0x1ababb0	0x2685270
0x269e1d8	0x34c090	0x1b265b0	False		0x228	operator_new 0x3488e0 0x353bd0	0x26a2cc0 0x26a0d30
0x269e1e8	0x34c090	0x1b26610	False		0x220	operator_new 0x2188170 0x3488e0 0x353bd0	0x2693f88
0x269e1f8	0x34c090	0x1b26680	False		0x228	operator_new 0x2188170 0x3488e0 0x353bd0	0x26a2cc0 0x2685090
0x269e208	0x34c090	0x1b266f0	False		0x80	operator_new 0x3488e0	0x2694078
0x269e218	0x34c090	0x1b26a90	False		0x3c0	operator_new 0x3488e0 0x353bd0 0x3549d0	0x26a2cc0 0x266cf50
0x269e228	0x34c090	0x1b26b00	False		0x3c0	operator_new 0x3488e0 0x353bd0 0x3549d0	0x26a2cc0 0x266ce60
0x269e238	0x34c090	0x1b26b70	False		0x3c0	operator_new 0x3488e0 0x353bd0 0x3549d0	0x26a2cc0 0x26a0f10
0x269e248	0x34c090	0x1b26be0	False		0x2a8	operator_new 0x2188170 0x187b9e0	0x2685b28
0x269e258	0x34c090	0x1b268e0	False		0x80	operator_new 0x3488e0	0x325fa88 0x26947f8
0x269e268	0x34c090	0x1b26940	False		0x220	operator_new 0x2188170 0x3488e0 0x353bd0	0x26948e8
0x269e278	0x34c090	0x1b269a0	False		0x250	operator_new 0x3488e0 0x353bd0	0x26a0e20 0x325f1b0
0x269e288	0x34c090	0x1b26a20	False		0x3c0	operator_new 0x3488e0 0x353bd0 0x3549d0	0x26a2cc0 0x26a1000
0x269e298	0x34c090	0x1b26d70	False		0x2e0	operator_new 0x1ababb0	0x26a0a20 0x325ef38
0x269e2a8	0x34c090	0x1b26de0	False		0x448	operator_new 0x2188170 0x187b9e0 0x353bd0	0x2685840
0x269e2b8	0x34c090	0x1b26e40	False		0x448	operator_new 0x2188170 0x187b9e0 0x353bd0	0x2685938
0x269e2c8	0x34c090	0x1b26ea0	False		0x2a8	operator_new 0x2188170 0x187b9e0	0x2685a30
0x269e2d8	0x34c090	0x1b26c30	False		0x2a8	operator_new 0x2188170 0x187b9e0	0x2685c20
0x269e2e8	0x34c090	0x1b26c80	False		0x2a8	operator_new 0x2188170 0x187b9e0	0x2685d18
0x269e2f8	0x34c090	0x1b26cd0	False		0x2a8	operator_new 0x2188170 0x187b9e0	0x2685e10
0x269e308	0x34c090	0x1b26d20	False		0x2a8	operator_new 0x2188170 0x1ababb0	0x2685748
0x269e318	0x34c090	0x1b27060	False		0x2a8	operator_new 0x2188170 0x187b9e0	0x2685f08
0x269e328	0x34c090	0x1b270b0	False		0x2a8	operator_new 0x2188170 0x187b9e0	0x2686000
0x269e338	0x34c090	0x1b27100	False		0x2a8	operator_new 0x2188170 0x187b9e0	0x26860f8
0x269e348	0x34c090	0x1b27150	False		0x2a8	operator_new 0x2188170 0x187b9e0	0x26861f0
0x269e358	0x34c090	0x1b26ef0	False		0x2a8	operator_new 0x2188170 0x187b9e0	0x26862e8
0x269e368	0x34c090	0x1b26f40	False		0x228	operator_new 0x2188170 0x3488e0 0x353bd0	0x26a2cc0 0x26863e0
0x269e378	0x34c090	0x1b26fb0	False		0x448	operator_new 0x2188170 0x1ababb0 0x353bd0	0x26864d0
0x269e388	0x34c090	0x1b27010	False		0x2a8	operator_new 0x2188170 0x187b9e0	0x26865c8
0x269e398	0x34c090	0x1b272f0	False		0x228	operator_new 0x2188170 0x3488e0 0x353bd0	0x26a2cc0 0x26866c0
0x269e3a8	0x34c090	0x1b27360	False		0x228	operator_new 0x2188170 0x3488e0 0x353bd0	0x26a2cc0 0x26867b0
0x269e3b8	0x34c090	0x1b273d0	False		0x228	operator_new 0x2188170 0x3488e0 0x353bd0	0x26a2cc0 0x26868a0
0x269e3c8	0x34c090	0x1b27440	False		0x80	operator_new 0x3488e0	0x325fc10 0x2694438
0x269e3d8	0x34c090	0x1b271a0	False		0x2a8	operator_new 0x2188170 0x187b9e0	0x2686a80
0x269e3e8	0x34c090	0x1b271f0	False		0x2a8	operator_new 0x2188170 0x187b9e0	0x2686b78
0x269e3f8	0x34c090	0x1b27240	False		0x2a8	operator_new 0x2188170 0x187b9e0	0x2686c70
0x269e408	0x34c090	0x1b27290	False		0x2b0	operator_new 0x2188170 0x187b9e0	0x2686d68 0x325f7a8
0x269e418	0x34c090	0x1b27680	False		0x228	operator_new 0x2188170 0x3488e0 0x353bd0	0x26a2cc0 0x267f9b0
0x269e428	0x34c090	0x1b276f0	False		0x698	operator_new 0x2188170 0x34ba00 0x34ecd0 0x34ecd0 0x34ba00 0x34ba00	0x267faa0 0x24c7f80
0x269e438	0x34c090	0x1b277c0	False		0x228	operator_new 0x2188170 0x3488e0 0x353bd0	0x26a2cc0 0x267f400
0x269e448	0x34c090	0x1b27830	False		0x228	operator_new 0x2188170 0x3488e0 0x353bd0	0x26a2cc0 0x267f4f0
0x269e458	0x34c090	0x1b274a0	False		0xe8	operator_new 0x2188170 0x3488e0	0x2686990 0x325fc10 0x325fc38
0x269e468	0x34c090	0x1b27550	False		0x88	operator_new 0x3488e0	0x267f7c8 0x325f7a8
0x269e478	0x34c090	0x1b275c0	False		0x448	operator_new 0x2188170 0x187b9e0 0x353bd0	0x267f8b8
0x269e488	0x34c090	0x1b27620	False		0x80	operator_new 0x3488e0	0x2694528
0x269e498	0x34c090	0x1b247d0	False		0x2a8	operator_new 0x2188170 0x187b9e0	0x268a910
0x269e4a8	0x34c090	0x1b24820	False		0x228	operator_new 0x2188170 0x3488e0 0x353bd0	0x26a2cc0 0x2698278
0x269e4b8	0x34c090	0x1b24890	False		0x80	operator_new 0x3488e0	0x325f208 0x2698ae8
0x269e4c8	0x34c090	0x1b248f0	False		0x80	operator_new 0x3488e0	0x325f208 0x2698bd8
0x269e4d8	0x34c090	0x1b24630	False		0x220	operator_new 0x2188170 0x3488e0 0x353bd0	0x26a2cc0 0x2689e98
0x269e4e8	0x34c090	0x1b246a0	False		0x220	operator_new 0x2188170 0x3488e0 0x353bd0	0x26a2cc0 0x268a728
0x269e4f8	0x34c090	0x1b24710	False		0x2a8	operator_new 0x2188170 0x187b9e0	0x268a818
0x269e508	0x34c090	0x1b24760	False		0x228	operator_new 0x2188170 0x3488e0 0x353bd0	0x26a2cc0 0x2698188
0x269e518	0x34c090	0x1b24b40	False		0x258	operator_new 0x3488e0 0x353bd0	0x26a10f0 0x325f4d8
0x269e528	0x34c090	0x1b24bc0	False		0x220	operator_new 0x2188170 0x3488e0 0x353bd0	0x26a2cc0 0x268a368
0x269e538	0x34c090	0x1b24c30	False		0xb0	operator_new 0x2188170 0x3488e0	0x268a458 0x325f208
0x269e548	0x34c090	0x1b24cb0	False		0x228	operator_new 0x2188170 0x3488e0 0x353bd0	0x26a2cc0 0x268a548 0x325ef60
0x269e558	0x34c090	0x1b24950	False		0x80	operator_new 0x3488e0	0x325f960 0x2698cc8
0x269e568	0x34c090	0x1b249b0	False		0x228	operator_new 0x2188170 0x3488e0 0x353bd0	0x26a2cc0 0x2698728
0x269e578	0x34c090	0x1b24a20	False		0x228	operator_new 0x2188170 0x3488e0 0x353bd0	0x26a2cc0 0x2698818
0x269e588	0x34c090	0x1b24a90	False		0xe8	operator_new 0x2188170 0x3488e0	0x268aa08 0x325f948 0x325f960
0x269e598	0x34c090	0x1b24f00	False		0x2a8	operator_new 0x2188170 0x187b9e0	0x26835a0
0x269e5a8	0x34c090	0x1b24f50	False		0x2a8	operator_new 0x2188170 0x187b9e0	0x2683698
0x269e5b8	0x34c090	0x1b24fa0	False		0x2a8	operator_new 0x2188170 0x187b9e0	0x2683790
0x269e5c8	0x34c090	0x1b24ff0	False		0x2a8	operator_new 0x2188170 0x187b9e0	0x26830c8
0x269e5d8	0x34c090	0x1b24d20	False		0x228	operator_new 0x2188170 0x3488e0 0x353bd0	0x26a2cc0 0x2698908
0x269e5e8	0x34c090	0x1b24d90	False		0x80	operator_new 0x3488e0	0x325efc0 0x26989f8
0x269e5f8	0x34c090	0x1b24df0	False		0x2e8	operator_new 0x2188170 0x3488e0 0x34ecd0	0x268a638 0x325ef38 0x24b35c0
0x269e608	0x34c090	0x1b24eb0	False		0x2a8	operator_new 0x2188170 0x1ababb0	0x26834a8
0x269e618	0x34c090	0x1b25190	False		0x2a8	operator_new 0x2188170 0x1abbc50	0x2683d58
0x269e628	0x34c090	0x1b251e0	False		0x3f0	operator_new 0x3488e0 0x3549d0 0x353bd0	0x26a11e0
0x269e638	0x34c090	0x1b25270	False		0x3f0	operator_new 0x3488e0 0x3549d0 0x353bd0	0x26a12d0
0x269e648	0x34c090	0x1b25300	False		0x218	operator_new 0x3488e0 0x3549d0	0x26a13c0
0x269e658	0x34c090	0x1b25040	False		0x2a8	operator_new 0x2188170 0x187b9e0	0x26831c0
0x269e668	0x34c090	0x1b25090	False		0x2a8	operator_new 0x2188170 0x187b9e0	0x26832b8
0x269e678	0x34c090	0x1b250e0	False		0x448	operator_new 0x2188170 0x1ababb0 0x353bd0	0x26833b0
0x269e688	0x34c090	0x1b25140	False		0x2a8	operator_new 0x2188170 0x187b9e0	0x2683c60
0x269e698	0x34c090	0x1b254e0	False		0x340	operator_new 0x2188170 0x3488e0 0x353bd0	0x26a2cc0 0x2683f48 0x247b078
0x269e6a8	0x34c090	0x1b25570	False		0x2a8	operator_new 0x2188170 0x187b9e0	0x2683888
0x269e6b8	0x34c090	0x1b255c0	False		0x2a8	operator_new 0x2188170 0x187b9e0	0x2683980
0x269e6c8	0x34c090	0x1b25610	False		0x228	operator_new 0x2188170 0x3488e0 0x353bd0	0x26a2cc0 0x2692ea8
0x269e6d8	0x34c090	0x1b25350	False		0x80	operator_new 0x3488e0	0x325fc00 0x2693268
0x269e6e8	0x34c090	0x1b253b0	False		0x228	operator_new 0x2188170 0x3488e0 0x353bd0	0x26a2cc0 0x2693358
0x269e6f8	0x34c090	0x1b25420	False		0x228	operator_new 0x2188170 0x3488e0 0x353bd0	0x26a2cc0 0x2693448
0x269e708	0x34c090	0x1b25490	False		0x2a8	operator_new 0x2188170 0x187b9e0	0x2683e50
0x269e718	0x34c090	0x1b25860	False		0x220	operator_new 0x2188170 0x3488e0 0x353bd0	0x26a2cc0 0x2684500
0x269e728	0x34c090	0x1b258d0	False		0x228	operator_new 0x2188170 0x3488e0 0x353bd0	0x26a2cc0 0x2693088
0x269e738	0x34c090	0x1b25940	False		0x228	operator_new 0x2188170 0x3488e0 0x353bd0	0x26a2cc0 0x2693178
0x269e748	0x34c090	0x1b259b0	False		0x228	operator_new 0x2188170 0x3488e0 0x353bd0	0x26a2cc0 0x2693718
0x269e758	0x34c090	0x1b25680	False		0x228	operator_new 0x2188170 0x3488e0 0x353bd0	0x26a2cc0 0x2692f98
0x269e768	0x34c090	0x1b256f0	False		0x3c0	operator_new 0x2188170 0x3488e0 0x353bd0 0x3549d0	0x26a2cc0 0x26a14b0 0x2683a78
0x269e778	0x34c090	0x1b25780	False		0x220	operator_new 0x2188170 0x3488e0 0x353bd0	0x26a2cc0 0x2683b70
0x269e788	0x34c090	0x1b257f0	False		0x220	operator_new 0x2188170 0x3488e0 0x353bd0	0x26a2cc0 0x2684410
0x269e798	0x34c090	0x1b25b70	False		0x80	operator_new 0x3488e0	0x325ff28 0x2693538
0x269e7a8	0x34c090	0x1b25bd0	False		0x80	operator_new 0x3488e0	0x325ff38 0x2693628
0x269e7b8	0x34c090	0x1b25c30	False		0x80	operator_new 0x3488e0	0x325f2b0 0x2693bc8
0x269e7c8	0x34c090	0x1b25c90	False		0x228	operator_new 0x3488e0 0x353bd0	0x26a0c08 0x325f780
0x269e7d8	0x34c090	0x1b25a20	False		0x2a8	operator_new 0x2188170 0x187b9e0	0x26845f0
0x269e7e8	0x34c090	0x1b25a70	False		0x2a8	operator_new 0x2188170 0x187b9e0	0x26846e8
0x269e7f8	0x34c090	0x1b25ac0	False		0x2a8	operator_new 0x2188170 0x187b9e0	0x2684038
0x269e808	0x34c090	0x1b25b10	False		0x80	operator_new 0x3488e0	0x325f308 0x2693808
0x269e818	0x34c090	0x1b25ea0	False		0x228	operator_new 0x2188170 0x3488e0 0x353bd0	0x26a2cc0 0x26938f8
0x269e828	0x34c090	0x1b25f10	False		0x228	operator_new 0x2188170 0x3488e0 0x353bd0	0x26a2cc0 0x26939e8
0x269e838	0x34c090	0x1b25f80	False		0x80	operator_new 0x3488e0	0x325ff58 0x2693ad8
0x269e848	0x34c090	0x1b25fe0	False		0x80	operator_new 0x3488e0	0x325ff40 0x2694258
0x269e858	0x34c090	0x1b25cf0	False		0x228	operator_new 0x2188170 0x3488e0 0x353bd0	0x26a2cc0 0x2693cb8
0x269e868	0x34c090	0x1b25d60	False		0x228	operator_new 0x2188170 0x3488e0 0x353bd0	0x26a2cc0 0x2693da8
0x269e878	0x34c090	0x1b25dd0	False		0x80	operator_new 0x3488e0	0x325ff28 0x2693e98
0x269e888	0x34c090	0x1b25e30	False		0x228	operator_new 0x2188170 0x3488e0 0x353bd0	0x26a2cc0 0x2684130
0x269e898	0x34c090	0x1b22d40	False		0x220	operator_new 0x3488e0 0x3549d0	0x26a27d8
0x269e8a8	0x34c090	0x1b22d90	False		0x218	operator_new 0x2188170 0x3488e0 0x353bd0	0x26887b8
0x269e8b8	0x34c090	0x1b22de0	False		0x220	operator_new 0x3488e0 0x3549d0	0x26a26e8
0x269e8c8	0x34c090	0x1b22e30	False		0x220	operator_new 0x3488e0 0x3549d0	0x26a1698
0x269e8d8	0x34c090	0x1b22c00	False		0x2a8	operator_new 0x2188170 0x1ababb0	0x26969f0
0x269e8e8	0x34c090	0x1b22c50	False		0x2a8	operator_new 0x2188170 0x1ababb0	0x2697178
0x269e8f8	0x34c090	0x1b22ca0	False		0x2a8	operator_new 0x2188170 0x1ababb0	0x2697270
0x269e908	0x34c090	0x1b22cf0	False		0x2a8	operator_new 0x2188170 0x1ababb0	0x2697368
0x269e918	0x34c090	0x1b230a0	False		0x2e0	operator_new 0x2188170 0x1ababb0	0x2689218
0x269e928	0x34c090	0x1b23120	False		0x350	operator_new 0x2188170 0x1ababb0	0x2689310 0x325ef38 0x325f948 0x24b5ae8 0x247a358
0x269e938	0x34c090	0x1b23210	False		0x2b0	operator_new 0x1ababb0	0x26a1880
0x269e948	0x34c090	0x1b23250	False		0x80	operator_new 0x3488e0	0x325f1c0 0x2696f98
0x269e958	0x34c090	0x1b22e80	False		0x80	operator_new 0x3488e0	0x325ef60 0x2696ea8
0x269e968	0x34c090	0x1b22ee0	False		0x2d8	operator_new 0x2188170 0x3488e0 0x34ecd0	0x2689038 0x24b35c0
0x269e978	0x34c090	0x1b22f90	False		0x4e8	operator_new 0x2188170 0x3488e0 0x34ecd0 0x34ecd0	0x26a15a8 0x24b35c0 0x247a488
0x269e988	0x34c090	0x1b23050	False		0x250	operator_new 0x2188170 0x1afcc10	0x2689128
0x269e998	0x34c090	0x1b23430	False		0x450	operator_new 0x1abbc50 0x3549d0	0x26a1978
0x269e9a8	0x34c090	0x1b23490	False		0x2a8	operator_new 0x2188170 0x1ababb0	0x2688c68
0x269e9b8	0x34c090	0x1b234e0	False		0x448	operator_new 0x1ababb0 0x3549d0	0x26a1a70
0x269e9c8	0x34c090	0x1b23530	False		0x260	operator_new 0x3488e0 0x353bd0	0x26a2cc0 0x26a1d58 0x325f038
0x269e9d8	0x34c090	0x1b232b0	False		0x80	operator_new 0x3488e0	0x325f1c0 0x2697088
0x269e9e8	0x34c090	0x1b23310	False		0x80	operator_new 0x3488e0	0x325f560 0x2697730
0x269e9f8	0x34c090	0x1b23370	False		0x228	operator_new 0x2188170 0x3488e0 0x353bd0	0x26a2cc0 0x2697820
0x269ea08	0x34c090	0x1b233e0	False		0x2a8	operator_new 0x2188170 0x1abbc50	0x2697910
0x269ea18	0x34c090	0x1b23780	False		0x260	operator_new 0x3488e0 0x353bd0	0x26a2cc0 0x26a1f40 0x325ef68
0x269ea28	0x34c090	0x1b23820	False		0x80	operator_new 0x3488e0	0x325ef68 0x2697640
0x269ea38	0x34c090	0x1b23880	False		0x2e8	operator_new 0x187b9e0	0x26a1e48 0x325ef68
0x269ea48	0x34c090	0x1b238f0	False		0x2e8	operator_new 0x187b9e0	0x26a2218 0x325ef68
0x269ea58	0x34c090	0x1b235d0	False		0x80	operator_new 0x3488e0	0x325f038 0x2697460
0x269ea68	0x34c090	0x1b23630	False		0x80	operator_new 0x3488e0	0x325f038 0x2697550
0x269ea78	0x34c090	0x1b23690	False		0x3b8	operator_new 0x187b9e0 0x34ba00	0x26a1c60 0x325f038
0x269ea88	0x34c090	0x1b23730	False		0x2a8	operator_new 0x2188170 0x187b9e0	0x2688d60
0x269ea98	0x34c090	0x1b23b80	False		0x228	operator_new 0x2188170 0x3488e0 0x353bd0	0x26a2cc0 0x2697cd8
0x269eaa8	0x34c090	0x1b23bf0	False		0x228	operator_new 0x2188170 0x3488e0 0x353bd0	0x26a2cc0 0x2697dc8
0x269eab8	0x34c090	0x1b23c60	False		0x228	operator_new 0x2188170 0x3488e0 0x353bd0	0x26a2cc0 0x2697eb8
0x269eac8	0x34c090	0x1b23cd0	False		0x228	operator_new 0x2188170 0x3488e0 0x353bd0	0x26a2cc0 0x2697fa8
0x269ead8	0x34c090	0x1b23960	False		0x2e8	operator_new 0x187b9e0	0x26a2310 0x325f008
0x269eae8	0x34c090	0x1b239d0	False		0x2e0	operator_new 0x187b9e0	0x26a2030 0x325f3e8
0x269eaf8	0x34c090	0x1b23a40	False		0x260	operator_new 0x3488e0 0x353bd0	0x26a2cc0 0x26a2128 0x325f038
0x269eb08	0x34c090	0x1b23ae0	False		0x258	operator_new 0x2188170 0x3488e0 0x353bd0	0x26a2cc0 0x2688e58
0x269eb18	0x34c090	0x1b23ef0	False		0x228	operator_new 0x2188170 0x3488e0 0x353bd0	0x26a2cc0 0x2698458
0x269eb28	0x34c090	0x1b23f60	False		0x228	operator_new 0x2188170 0x3488e0 0x353bd0	0x26a2cc0 0x2698548
0x269eb38	0x34c090	0x1b23fd0	False		0x220	operator_new 0x2188170 0x3488e0 0x353bd0	0x26a2cc0 0x2688f48
0x269eb48	0x34c090	0x1b24040	False		0x228	operator_new 0x2188170 0x3488e0 0x353bd0	0x26a2cc0 0x2698638
0x269eb58	0x34c090	0x1b23d40	False		0x228	operator_new 0x2188170 0x3488e0 0x353bd0	0x26a2cc0 0x2697a08
0x269eb68	0x34c090	0x1b23db0	False		0x80	operator_new 0x3488e0	0x325fdb8 0x2697af8
0x269eb78	0x34c090	0x1b23e10	False		0x228	operator_new 0x2188170 0x3488e0 0x353bd0	0x26a2cc0 0x2697be8
0x269eb88	0x34c090	0x1b23e80	False		0x228	operator_new 0x2188170 0x3488e0 0x353bd0	0x26a2cc0 0x2698368
0x269eb98	0x34c090	0x1b241f0	False		0x2a8	operator_new 0x2188170 0x1ababb0	0x2689408
0x269eba8	0x34c090	0x1b24240	False		0x88	operator_new 0x3488e0	0x2689500
0x269ebb8	0x34c090	0x1b242b0	False		0x2a8	operator_new 0x2188170 0x1ababb0	0x26895f0
0x269ebc8	0x34c090	0x1b24300	False		0x2a8	operator_new 0x2188170 0x1ababb0	0x26896e8
0x269ebd8	0x34c090	0x1b240b0	False		0x2a8	operator_new 0x2188170 0x1ababb0	0x26897e0
0x269ebe8	0x34c090	0x1b24100	False		0x2a8	operator_new 0x2188170 0x1ababb0	0x26898d8
0x269ebf8	0x34c090	0x1b24150	False		0x2a8	operator_new 0x2188170 0x1ababb0	0x26899d0
0x269ec08	0x34c090	0x1b241a0	False		0x2a8	operator_new 0x2188170 0x1ababb0	0x2689ac8
0x269ec18	0x34c090	0x1b244b0	False		0x2a8	operator_new 0x2188170 0x1ababb0	0x268a270
0x269ec28	0x34c090	0x1b24500	False		0x2a8	operator_new 0x2188170 0x1ababb0	0x2689bc0
0x269ec38	0x34c090	0x1b24550	False		0x220	operator_new 0x2188170 0x3488e0 0x353bd0	0x26a2cc0 0x2689cb8
0x269ec48	0x34c090	0x1b245c0	False		0x220	operator_new 0x2188170 0x3488e0 0x353bd0	0x26a2cc0 0x2689da8
0x269ec58	0x34c090	0x1b24350	False		0x2a8	operator_new 0x2188170 0x1ababb0	0x2689f88
0x269ec68	0x34c090	0x1b243a0	False		0x2a8	operator_new 0x2188170 0x1ababb0	0x268a080
0x269ec78	0x34c090	0x1b243f0	False		0x228	operator_new 0x2188170 0x3488e0 0x353bd0	0x26a2cc0 0x2698098
0x269ec88	0x34c090	0x1b24460	False		0x2a8	operator_new 0x2188170 0x1ababb0	0x268a178
0x269ec98	0x34c090	0x1b212a0	False		0x228	operator_new 0x2188170 0x3488e0 0x353bd0	0x26a2cc0 0x269c008
0x269eca8	0x34c090	0x1b21310	False		0x220	operator_new 0x2188170 0x3488e0 0x353bd0	0x26a2cc0 0x2687310
0x269ecb8	0x34c090	0x1b21380	False		0x2a8	operator_new 0x2188170 0x187b9e0	0x269b968
0x269ecc8	0x34c090	0x1b213d0	False		0x228	operator_new 0x2188170 0x3488e0 0x353bd0	0x26a2cc0 0x269ba60
0x269ecd8	0x34c090	0x1b210d0	False		0x258	operator_new 0x3488e0 0x353bd0	0x26a2cc0 0x26a28c8
0x269ece8	0x34c090	0x1b21150	False		0x228	operator_new 0x2188170 0x3488e0 0x353bd0	0x26a2cc0 0x269be28
0x269ecf8	0x34c090	0x1b211c0	False		0x228	operator_new 0x2188170 0x3488e0 0x353bd0	0x26a2cc0 0x269bf18
0x269ed08	0x34c090	0x1b21230	False		0x220	operator_new 0x2188170 0x3488e0 0x353bd0	0x26a2cc0 0x2687220
0x269ed18	0x34c090	0x1b21600	False		0x228	operator_new 0x2188170 0x3488e0 0x353bd0	0x26a2cc0 0x2695d88
0x269ed28	0x34c090	0x1b21670	False		0x228	operator_new 0x2188170 0x3488e0 0x353bd0	0x26a2cc0 0x2695e78
0x269ed38	0x34c090	0x1b216e0	False		0x228	operator_new 0x2188170 0x3488e0 0x353bd0	0x26a2cc0 0x26958d8
0x269ed48	0x34c090	0x1b21750	False		0x80	operator_new 0x3488e0	0x325f370 0x26959c8
0x269ed58	0x34c090	0x1b21440	False		0x228	operator_new 0x2188170 0x3488e0 0x353bd0	0x26a2cc0 0x269bb50
0x269ed68	0x34c090	0x1b214b0	False		0x228	operator_new 0x2188170 0x3488e0 0x353bd0	0x26a2cc0 0x269bc40
0x269ed78	0x34c090	0x1b21520	False		0x228	operator_new 0x2188170 0x3488e0 0x353bd0	0x26a2cc0 0x2695ba8
0x269ed88	0x34c090	0x1b21590	False		0x228	operator_new 0x2188170 0x3488e0 0x353bd0	0x26a2cc0 0x2695c98
0x269ed98	0x34c090	0x1b21960	False		0x220	operator_new 0x2188170 0x3488e0 0x353bd0	0x2696520
0x269eda8	0x34c090	0x1b219c0	False		0x448	operator_new 0x187b9e0 0x353bd0	0x26a2408
0x269edb8	0x34c090	0x1b21a10	False		0x448	operator_new 0x2188170 0x187b9e0 0x353bd0	0x2696428 0x2696610
0x269edc8	0x34c090	0x1b21a70	False		0x220	operator_new 0x2188170 0x3488e0 0x353bd0	0x26a2cc0 0x26874f0
0x269edd8	0x34c090	0x1b217b0	False		0x228	operator_new 0x2188170 0x3488e0 0x353bd0	0x26a2cc0 0x2695ab8
0x269ede8	0x34c090	0x1b21820	False		0x3c8	operator_new 0x2188170 0x3488e0 0x353bd0 0x353bd0	0x26a2cc0 0x2687400 0x325ef60
0x269edf8	0x34c090	0x1b218a0	False		0x448	operator_new 0x2188170 0x187b9e0 0x353bd0	0x2696330
0x269ee08	0x34c090	0x1b21900	False		0x448	operator_new 0x2188170 0x187b9e0 0x353bd0	0x2696428
0x269ee18	0x34c090	0x1b21ca0	False		0x220	operator_new 0x2188170 0x3488e0 0x353bd0	0x26a2cc0 0x26879a0
0x269ee28	0x34c090	0x1b21d10	False		0x220	operator_new 0x2188170 0x3488e0 0x353bd0	0x26a2cc0 0x2687a90
0x269ee38	0x34c090	0x1b21d80	False		0x220	operator_new 0x2188170 0x3488e0 0x353bd0	0x26a2cc0 0x2687b80
0x269ee48	0x34c090	0x1b21df0	False		0x220	operator_new 0x2188170 0x3488e0 0x353bd0	0x26a2cc0 0x2687c70
0x269ee58	0x34c090	0x1b21ae0	False		0x220	operator_new 0x2188170 0x3488e0 0x353bd0	0x26a2cc0 0x2686e60
0x269ee68	0x34c090	0x1b21b50	False		0x220	operator_new 0x2188170 0x3488e0 0x353bd0	0x26a2cc0 0x2686f50
0x269ee78	0x34c090	0x1b21bc0	False		0x220	operator_new 0x2188170 0x3488e0 0x353bd0	0x26a2cc0 0x2687040
0x269ee88	0x34c090	0x1b21c30	False		0x220	operator_new 0x2188170 0x3488e0 0x353bd0	0x26a2cc0 0x2687130
0x269ee98	0x34c090	0x1b22020	False		0x220	operator_new 0x2188170 0x3488e0 0x353bd0	0x26a2cc0 0x2688120
0x269eea8	0x34c090	0x1b22090	False		0x220	operator_new 0x2188170 0x3488e0 0x353bd0	0x26a2cc0 0x2688210
0x269eeb8	0x34c090	0x1b22100	False		0x220	operator_new 0x2188170 0x3488e0 0x353bd0	0x26a2cc0 0x2688300
0x269eec8	0x34c090	0x1b22170	False		0x220	operator_new 0x2188170 0x3488e0 0x353bd0	0x26a2cc0 0x26883f0
0x269eed8	0x34c090	0x1b21e60	False		0x220	operator_new 0x2188170 0x3488e0 0x353bd0	0x26a2cc0 0x26875e0
0x269eee8	0x34c090	0x1b21ed0	False		0x220	operator_new 0x2188170 0x3488e0 0x353bd0	0x26a2cc0 0x26876d0
0x269eef8	0x34c090	0x1b21f40	False		0x220	operator_new 0x2188170 0x3488e0 0x353bd0	0x26a2cc0 0x26877c0
0x269ef08	0x34c090	0x1b21fb0	False		0x220	operator_new 0x2188170 0x3488e0 0x353bd0	0x26a2cc0 0x26878b0
0x269ef18	0x34c090	0x1b223a0	False		0x220	operator_new 0x2188170 0x3488e0 0x353bd0	0x26a2cc0 0x26888a8
0x269ef28	0x34c090	0x1b22410	False		0x220	operator_new 0x2188170 0x3488e0 0x353bd0	0x26a2cc0 0x2688998
0x269ef38	0x34c090	0x1b22480	False		0x260	operator_new 0x2188170 0x3488e0 0x353bd0	0x2688a88 0x253ff98
0x269ef48	0x34c090	0x1b22520	False		0x228	operator_new 0x2188170 0x3488e0 0x353bd0	0x26a2cc0 0x2695f68
0x269ef58	0x34c090	0x1b221e0	False		0x220	operator_new 0x2188170 0x3488e0 0x353bd0	0x26a2cc0 0x2687d60
0x269ef68	0x34c090	0x1b22250	False		0x220	operator_new 0x2188170 0x3488e0 0x353bd0	0x26a2cc0 0x2687e50
0x269ef78	0x34c090	0x1b222c0	False		0x220	operator_new 0x2188170 0x3488e0 0x353bd0	0x26a2cc0 0x2687f40
0x269ef88	0x34c090	0x1b22330	False		0x220	operator_new 0x2188170 0x3488e0 0x353bd0	0x26a2cc0 0x2688030
0x269ef98	0x34c090	0x1b22730	False		0x228	operator_new 0x2188170 0x3488e0 0x353bd0	0x26a2cc0 0x2696148
0x269efa8	0x34c090	0x1b227a0	False		0x450	operator_new 0x187b9e0 0x3549d0	0x26a2500
0x269efb8	0x34c090	0x1b22800	False		0x3f8	operator_new 0x3488e0 0x3549d0 0x353bd0	0x26a25f8
0x269efc8	0x34c090	0x1b228a0	False		0x3b8	operator_new 0x2188170 0x3488e0 0x353bd0 0x353bd0	0x26886c8
0x269efd8	0x34c090	0x1b22590	False		0x220	operator_new 0x2188170 0x3488e0 0x353bd0	0x26a2cc0 0x2688b78
0x269efe8	0x34c090	0x1b22600	False		0x220	operator_new 0x2188170 0x3488e0 0x353bd0	0x26a2cc0 0x26884e0
0x269eff8	0x34c090	0x1b22670	False		0x228	operator_new 0x2188170 0x3488e0 0x353bd0	0x26a2cc0 0x2696058
0x269f008	0x34c090	0x1b226e0	False		0x2a8	operator_new 0x2188170 0x187b9e0	0x26885d0
0x269f018	0x34c090	0x1b22aa0	False		0x228	operator_new 0x2188170 0x3488e0 0x353bd0	0x26a2cc0 0x2696db8
0x269f028	0x34c090	0x1b22b10	False		0x2a8	operator_new 0x2188170 0x1ababb0	0x2696708
0x269f038	0x34c090	0x1b22b60	False		0x2a8	operator_new 0x2188170 0x1ababb0	0x2696800
0x269f048	0x34c090	0x1b22bb0	False		0x2a8	operator_new 0x2188170 0x1ababb0	0x26968f8
0x269f058	0x34c090	0x1b22900	False		0x2a8	operator_new 0x2188170 0x1ababb0	0x2696238
0x269f068	0x34c090	0x1b22950	False		0x228	operator_new 0x2188170 0x3488e0 0x353bd0	0x26a2cc0 0x2696ae8
0x269f078	0x34c090	0x1b229c0	False		0x228	operator_new 0x2188170 0x3488e0 0x353bd0	0x26a2cc0 0x2696bd8
0x269f088	0x34c090	0x1b22a30	False		0x228	operator_new 0x2188170 0x3488e0 0x353bd0	0x26a2cc0 0x2696cc8
0x269f098	0x34c090	0x1b1fba0	False		0x3f8	operator_new 0x2188170 0x1af63b0	0x268cb68
0x269f0a8	0x34c090	0x1b1fbf0	False		0x3f8	operator_new 0x2188170 0x1af63b0	0x268cc60
0x269f0b8	0x34c090	0x1b1fc40	False		0x3f8	operator_new 0x2188170 0x1af63b0	0x268c598
0x269f0c8	0x34c090	0x1b1fc90	False		0x3f8	operator_new 0x2188170 0x1af63b0	0x268c690
0x269f0d8	0x34c090	0x1b1fa40	False		0x228	operator_new 0x2188170 0x3488e0 0x353bd0	0x26a2cc0 0x268bff0
0x269f0e8	0x34c090	0x1b1fab0	False		0x3f8	operator_new 0x2188170 0x1af63b0	0x268c0e0
0x269f0f8	0x34c090	0x1b1fb00	False		0x3f8	operator_new 0x2188170 0x1af63b0	0x268c978
0x269f108	0x34c090	0x1b1fb50	False		0x3f8	operator_new 0x2188170 0x1af63b0	0x268ca70
0x269f118	0x34c090	0x1b1fe20	False		0x3f8	operator_new 0x2188170 0x1af63b0	0x268d328
0x269f128	0x34c090	0x1b1fe70	False		0x3f8	operator_new 0x2188170 0x1af63b0	0x268d420
0x269f138	0x34c090	0x1b1fec0	False		0x3f8	operator_new 0x2188170 0x1af63b0	0x268cd58
0x269f148	0x34c090	0x1b1ff10	False		0x3f8	operator_new 0x2188170 0x1af63b0	0x268ce50
0x269f158	0x34c090	0x1b1fce0	False		0x3f8	operator_new 0x2188170 0x1af63b0	0x268c788
0x269f168	0x34c090	0x1b1fd30	False		0x3f8	operator_new 0x2188170 0x1af63b0	0x268c880
0x269f178	0x34c090	0x1b1fd80	False		0x3f8	operator_new 0x2188170 0x1af63b0	0x268d138
0x269f188	0x34c090	0x1b1fdd0	False		0x3f8	operator_new 0x2188170 0x1af63b0	0x268d230
0x269f198	0x34c090	0x1b200a0	False		0x3f8	operator_new 0x2188170 0x1af63b0	0x268dae8
0x269f1a8	0x34c090	0x1b200f0	False		0x3f8	operator_new 0x2188170 0x1af63b0	0x268dbe0
0x269f1b8	0x34c090	0x1b20140	False		0x3f8	operator_new 0x2188170 0x1af63b0	0x268d518
0x269f1c8	0x34c090	0x1b20190	False		0x3f8	operator_new 0x2188170 0x1af63b0	0x268d610
0x269f1d8	0x34c090	0x1b1ff60	False		0x3f8	operator_new 0x2188170 0x1af63b0	0x268cf48
0x269f1e8	0x34c090	0x1b1ffb0	False		0x3f8	operator_new 0x2188170 0x1af63b0	0x268d040
0x269f1f8	0x34c090	0x1b20000	False		0x3f8	operator_new 0x2188170 0x1af63b0	0x268d8f8
0x269f208	0x34c090	0x1b20050	False		0x3f8	operator_new 0x2188170 0x1af63b0	0x268d9f0
0x269f218	0x34c090	0x1b20320	False		0x3f8	operator_new 0x2188170 0x1af63b0	0x268e298
0x269f228	0x34c090	0x1b20370	False		0x3f8	operator_new 0x2188170 0x1af63b0	0x268e390
0x269f238	0x34c090	0x1b203c0	False		0x228	operator_new 0x2188170 0x3488e0 0x353bd0	0x26a2cc0 0x269a168
0x269f248	0x34c090	0x1b20430	False		0x480	operator_new 0x2188170 0x1ababb0 0x353bd0	0x268dcd8
0x269f258	0x34c090	0x1b201e0	False		0x3f8	operator_new 0x2188170 0x1af63b0	0x268d708
0x269f268	0x34c090	0x1b20230	False		0x3f8	operator_new 0x2188170 0x1af63b0	0x268d800
0x269f278	0x34c090	0x1b20280	False		0x3f8	operator_new 0x2188170 0x1af63b0	0x268e0a8
0x269f288	0x34c090	0x1b202d0	False		0x3f8	operator_new 0x2188170 0x1af63b0	0x268e1a0
0x269f298	0x34c090	0x1b20680	False		0x228	operator_new 0x2188170 0x3488e0 0x353bd0	0x26a2cc0 0x2699f88
0x269f2a8	0x34c090	0x1b206f0	False		0x228	operator_new 0x2188170 0x3488e0 0x353bd0	0x26a2cc0 0x269a728
0x269f2b8	0x34c090	0x1b20760	False		0x228	operator_new 0x2188170 0x3488e0 0x353bd0	0x26a2cc0 0x269a818
0x269f2c8	0x34c090	0x1b207d0	False		0x228	operator_new 0x2188170 0x3488e0 0x353bd0	0x26a2cc0 0x269a908
0x269f2d8	0x34c090	0x1b204c0	False		0x228	operator_new 0x2188170 0x3488e0 0x353bd0	0x26a2cc0 0x269a258
0x269f2e8	0x34c090	0x1b20530	False		0x228	operator_new 0x2188170 0x3488e0 0x353bd0	0x26a2cc0 0x2699cb8
0x269f2f8	0x34c090	0x1b205a0	False		0x228	operator_new 0x2188170 0x3488e0 0x353bd0	0x26a2cc0 0x2699da8
0x269f308	0x34c090	0x1b20610	False		0x228	operator_new 0x2188170 0x3488e0 0x353bd0	0x26a2cc0 0x2699e98
0x269f318	0x34c090	0x1b20980	False		0x2a8	operator_new 0x2188170 0x187b9e0	0x269a630
0x269f328	0x34c090	0x1b209d0	False		0x2a8	operator_new 0x2188170 0x187b9e0	0x269aed0
0x269f338	0x34c090	0x1b20a20	False		0x2a8	operator_new 0x2188170 0x187b9e0	0x269afc8
0x269f348	0x34c090	0x1b20a70	False		0x2a8	operator_new 0x2188170 0x187b9e0	0x269b0c0
0x269f358	0x34c090	0x1b20840	False		0x2a8	operator_new 0x2188170 0x1ababb0	0x269a9f8
0x269f368	0x34c090	0x1b20890	False		0x2a8	operator_new 0x2188170 0x1ababb0	0x269a348
0x269f378	0x34c090	0x1b208e0	False		0x2a8	operator_new 0x2188170 0x1ababb0	0x269a440
0x269f388	0x34c090	0x1b20930	False		0x2a8	operator_new 0x2188170 0x1ababb0	0x269a538
0x269f398	0x34c090	0x1b20c00	False		0x2a8	operator_new 0x2188170 0x187b9e0	0x269ace0
0x269f3a8	0x34c090	0x1b20c50	False		0x2a8	operator_new 0x2188170 0x1ababb0	0x269add8
0x269f3b8	0x34c090	0x1b20ca0	False		0x2a8	operator_new 0x2188170 0x187b9e0	0x269b690
0x269f3c8	0x34c090	0x1b20cf0	False		0x80	operator_new 0x3488e0	0x325f948 0x269b788
0x269f3d8	0x34c090	0x1b20ac0	False		0x2a8	operator_new 0x2188170 0x187b9e0	0x269b1b8
0x269f3e8	0x34c090	0x1b20b10	False		0x2b0	operator_new 0x2188170 0x187b9e0	0x269aaf0
0x269f3f8	0x34c090	0x1b20b60	False		0x250	operator_new 0x2188170 0x1afcc10	0x268ddd0
0x269f408	0x34c090	0x1b20bb0	False		0x2a8	operator_new 0x2188170 0x187b9e0	0x269abe8
0x269f418	0x34c090	0x1b20f10	False		0x2a8	operator_new 0x2188170 0x1ababb0	0x269b4a0
0x269f428	0x34c090	0x1b20f60	False		0x2a8	operator_new 0x2188170 0x1ababb0	0x269b598
0x269f438	0x34c090	0x1b20fb0	False		0x2a8	operator_new 0x2188170 0x1ababb0	0x269bd30
0x269f448	0x34c090	0x1b21000	False		0x260	operator_new 0x2188170 0x3488e0 0x353bd0 0x15f770	0x26a2cc0 0x268dfb8 0x2a02d78 0x2a02d90 0x32601a0
0x269f458	0x34c090	0x1b20d50	False		0x320	operator_new 0x2188170 0x1ababb0	0x268dec0 0x325f948 0x325f960
0x269f468	0x34c090	0x1b20e10	False		0x80	operator_new 0x3488e0	0x325f948 0x269b878
0x269f478	0x34c090	0x1b20e70	False		0x2a8	operator_new 0x2188170 0x1ababb0	0x269b2b0
0x269f488	0x34c090	0x1b20ec0	False		0x2a8	operator_new 0x2188170 0x1ababb0	0x269b3a8
0x269f498	0x34c090	0x1b1e820	False		0x90	operator_new 0x3488e0	0x247a488 0x2698ea8
0x269f4a8	0x34c090	0x1b1e8a0	False		0x90	operator_new 0x3488e0	0x247a488 0x2698f98
0x269f4b8	0x34c090	0x1b1e920	False		0x90	operator_new 0x3488e0	0x247a488 0x2699088
0x269f4c8	0x34c090	0x1b1e9a0	False		0x228	operator_new 0x2188170 0x3488e0 0x353bd0	0x26a2cc0 0x2699448
0x269f4d8	0x34c090	0x1b1e7a0	False		0x90	operator_new 0x3488e0	0x247a488 0x2698db8
0x269f4e8	0x34c090	0x1b1ebd0	False		0x80	operator_new 0x3488e0	0x3260008 0x2699268
0x269f4f8	0x34c090	0x1b1ec30	False		0x258	operator_new 0x2188170 0x3488e0 0x353bd0	0x26a2cc0 0x268b0a0
0x269f508	0x34c090	0x1b1ecd0	False		0x220	operator_new 0x2188170 0x3488e0 0x353bd0	0x26a2cc0 0x2699358
0x269f518	0x34c090	0x1b1ed40	False		0x80	operator_new 0x3488e0	0x325f1c0 0x2699ad8
0x269f528	0x34c090	0x1b1ea10	False		0x228	operator_new 0x2188170 0x3488e0 0x353bd0	0x26a2cc0 0x2699538
0x269f538	0x34c090	0x1b1ea80	False		0x228	operator_new 0x2188170 0x3488e0 0x353bd0	0x26a2cc0 0x2699628
0x269f548	0x34c090	0x1b1eaf0	False		0x3c0	operator_new 0x2188170 0x3488e0 0x353bd0 0x353bd0	0x26a2cc0 0x2699718
0x269f558	0x34c090	0x1b1eb60	False		0x228	operator_new 0x2188170 0x3488e0 0x353bd0	0x26a2cc0 0x2699178
0x269f568	0x34c090	0x1b1ef00	False		0x220	operator_new 0x2188170 0x3488e0 0x353bd0	0x26a2cc0 0x268ace0
0x269f578	0x34c090	0x1b1ef70	False		0x220	operator_new 0x2188170 0x3488e0 0x353bd0	0x26a2cc0 0x268add0
0x269f588	0x34c090	0x1b1efe0	False		0x220	operator_new 0x2188170 0x3488e0 0x353bd0	0x26a2cc0 0x268b560
0x269f598	0x34c090	0x1b1f050	False		0x3c0	operator_new 0x2188170 0x3488e0 0x353bd0 0x353bd0	0x26a2cc0 0x268b650 0x268b750
0x269f5a8	0x34c090	0x1b1eda0	False		0x220	operator_new 0x2188170 0x3488e0 0x353bd0	0x26a2cc0 0x2699bc8
0x269f5b8	0x34c090	0x1b1ee10	False		0x258	operator_new 0x1a9a740	
0x269f5c8	0x34c090	0x1b1ee40	False		0x258	operator_new 0x2188170 0x1a9a740	0x268aaf8
0x269f5d8	0x34c090	0x1b1ee90	False		0x220	operator_new 0x2188170 0x3488e0 0x353bd0	0x26a2cc0 0x268abf0
0x269f5e8	0x34c090	0x1b1f2a0	False		0xc0	operator_new 0x2188170 0x34ba00	0x268b370
0x269f5f8	0x34c090	0x1b1f2f0	False		0x330	operator_new 0x1a9dd40	
0x269f608	0x34c090	0x1b1f320	False		0x330	operator_new 0x2188170 0x1a9dd40	0x268b468
0x269f618	0x34c090	0x1b1f370	False		0x330	operator_new 0x2188170 0x1a9dd40	0x268bd10
0x269f628	0x34c090	0x1b1f0d0	False		0x3c0	operator_new 0x2188170 0x3488e0 0x353bd0 0x353bd0	0x26a2cc0 0x268b650 0x268b850
0x269f638	0x34c090	0x1b1f150	False		0x3c0	operator_new 0x3488e0 0x353bd0 0x3549d0	0x26a2cc0 0x26a2ab0
0x269f648	0x34c090	0x1b1f1c0	False		0x220	operator_new 0x2188170 0x3488e0 0x353bd0	0x26a2cc0 0x268b190
0x269f658	0x34c090	0x1b1f230	False		0x220	operator_new 0x2188170 0x3488e0 0x353bd0	0x26a2cc0 0x268b280
0x269f668	0x34c090	0x1b1f480	False		0x3c0	operator_new 0x2188170 0x3488e0 0x353bd0 0x353bd0	0x26a2cc0 0x268ba40
0x269f678	0x34c090	0x1b1f4f0	False		0x228	operator_new 0x2188170 0x3488e0 0x353bd0	0x26a2cc0 0x268bb30 0x325ef60
0x269f688	0x34c090	0x1b1f560	False		0x80	operator_new 0x3488e0	0x32600d8 0x2699808
0x269f698	0x34c090	0x1b1f5c0	False		0x228	operator_new 0x2188170 0x3488e0 0x353bd0	0x26a2cc0 0x268bc20 0x325f3a8
0x269f6a8	0x34c090	0x1b1f3c0	False		0x330	operator_new 0x2188170 0x1a9dd40	0x268be08
0x269f6b8	0x34c090	0x1b1f410	False		0x220	operator_new 0x2188170 0x3488e0 0x353bd0	0x26a2cc0 0x268b950
0x269f6c8	0x34c090	0x1b1f8b0	False		0x80	operator_new 0x3488e0	0x325d858 0x26998f8
0x269f6d8	0x34c090	0x1b1f910	False		0x80	operator_new 0x3488e0	0x325d858 0x26999e8
0x269f6e8	0x34c090	0x1b1f970	False		0x228	operator_new 0x2188170 0x3488e0 0x353bd0	0x26a2cc0 0x268bf00
0x269f6f8	0x34c090	0x1b1f9e0	False		0x80	operator_new 0x3488e0	0x325efc0 0x269a078
0x269f708	0x34c090	0x1b1f630	False		0x228	operator_new 0x2188170 0x3488e0 0x353bd0	0x26a2cc0 0x268c1d8 0x325f760
0x269f718	0x34c090	0x1b1f6a0	False		0x260	operator_new 0x2188170 0x3488e0 0x353bd0	0x26a2cc0 0x268c2c8 0x325ef38
0x269f728	0x34c090	0x1b1f750	False		0x248	operator_new 0x2188170 0x3488e0 0x353bd0	0x26a2cc0 0x268c3b8 0x325f2b0 0x24b3e30 0x24b3df8 0x24b3e38
0x269f738	0x34c090	0x1b1f800	False		0x248	operator_new 0x2188170 0x3488e0 0x353bd0	0x26a2cc0 0x268c4a8 0x325f2b0 0x24b3e30 0x24b3df8 0x24b3e38
