# id	name_rva	name	descriptor_rva	call_site_rva	registrar_rva=0x1d15270
11	0x2478128	id	0x337b400	0x172ea7
21	0x247b56c	idtype	0x337b520	0x172ec0
22	0x247b560	machineid	0x337b640	0x172ed9
24	0x247b578	filelist	0x337b760	0x172ef2
25	0x247b574	dir	0x337b880	0x172f0b
26	0x247b594	file	0x337b9a0	0x172f24
27	0x247aaa0	name	0x337bac0	0x172f3d
28	0x247b588	noOfFrames	0x337bbe0	0x172f56
29	0x247b5a4	fonts	0x337bd00	0x172f6f
30	0x247b59c	font	0x337be20	0x172f88
31	0x247b5b0	height	0x337bf40	0x172fa1
32	0x247a8a8	x	0x337c060	0x172fba
33	0x247b5ac	y	0x337c180	0x172fd3
34	0x247b5c0	fontName	0x337c2a0	0x172fec
35	0x247b5b8	charSet	0x337c3c0	0x173005
36	0x247b5dc	xFile	0x337c4e0	0x17301e
37	0x247b5d0	textureFile	0x337c600	0x173037
38	0x247b5f8	textureFile1	0x337c720	0x173050
39	0x247b5e8	textureFile2	0x337c840	0x173069
40	0x247b618	textureFile3	0x337c960	0x173082
41	0x247b608	textureFile4	0x337ca80	0x17309b
42	0x247b638	textureFile5	0x337cba0	0x1730b4
43	0x247b628	textureFile6	0x337ccc0	0x1730cd
44	0x247b658	textureFile7	0x337cde0	0x1730e6
45	0x247b648	textureFile8	0x337cf00	0x1730ff
46	0x247b670	textureFile9	0x337d020	0x173118
47	0x247b668	size	0x337d140	0x173131
48	0x247b690	fullScreen	0x337d260	0x17314a
469	0x247b680	borderless	0x337d380	0x173163
49	0x247b6a4	cube	0x337d4a0	0x17317c
50	0x24afcec	center	0x337d5c0	0x173195
51	0x247b69c	side	0x337d6e0	0x1731ae
52	0x247b6c0	animatedMesh	0x337d800	0x1731c7
53	0x247b6b0	spriteTypes	0x337d920	0x1731e0
54	0x247b6e0	spriteType	0x337da40	0x1731f9
55	0x247b6d0	objectTypes	0x337db60	0x173212
56	0x247b700	cubeType	0x337dc80	0x17322b
57	0x247b6f0	meshType	0x337dda0	0x173244
58	0x247b728	mapMeshType	0x337dec0	0x17325d
59	0x247b710	animatedMeshType	0x337dfe0	0x173276
60	0x247b740	sprites	0x337e100	0x17328f
61	0x247b734	sprite	0x337e220	0x1732a8
62	0x247b750	objects	0x337e340	0x1732c1
63	0x247b748	group	0x337e460	0x1732da
64	0x247b760	animation	0x337e580	0x1732f3
65	0x247b758	object	0x337e6a0	0x17330c
66	0x247b780	defaultAnimationTime	0x337e7c0	0x173325
67	0x247b770	particleType	0x337e8e0	0x17333e
68	0x247b7b0	flareType	0x337ea00	0x173357
69	0x2478138	nr	0x337eb20	0x173370
70	0x247b798	resizeableSpriteType	0x337ec40	0x173389
71	0x247b7d0	textSpriteType	0x337ed60	0x1733a2
72	0x247b7c0	lightType	0x337ee80	0x1733bb
73	0x247b7f0	diffuse	0x337efa0	0x1733d4
74	0x247b7e0	specular	0x337f0c0	0x1733ed
75	0x247b808	ambient	0x337f1e0	0x173406
76	0x247b7f8	position	0x337f300	0x17341f
77	0x247b818	direction	0x337f420	0x173438
78	0x247b810	range	0x337f540	0x173451
79	0x247b838	falloff	0x337f660	0x17346a
80	0x247b828	attenuation	0x337f780	0x173483
81	0x247b844	theta	0x337f8a0	0x17349c
82	0x247b840	phi	0x337f9c0	0x1734b5
83	0x247b858	lightTypes	0x337fae0	0x1734ce
84	0x247b84c	light	0x337fc00	0x1734e7
85	0x247b870	corneredTileSpriteType	0x337fd20	0x173500
86	0x247b864	color	0x337fe40	0x173519
87	0x247b890	arrowType	0x337ff60	0x173532
88	0x247b888	endAt	0x3380080	0x17354b
89	0x247b8ac	effect	0x33801a0	0x173564
90	0x247b8a0	effectFile	0x33802c0	0x17357d
91	0x247b8c8	primitiveType	0x33803e0	0x173596
92	0x247b8b8	xAnimationFile	0x3380500	0x1735af
93	0x247b8e4	scale	0x3380620	0x1735c8
94	0x247b8d8	mapTextType	0x3380740	0x1735e1
95	0x247b900	graphicsSettings	0x3380860	0x1735fa
96	0x247b8f0	refreshRate	0x3380980	0x173613
1203	0x247b928	refreshCap	0x3380aa0	0x17362c
97	0x247b918	firstRun	0x3380bc0	0x173645
98	0x247b940	userAnisotropy	0x3380ce0	0x17365e
99	0x247b938	shadows	0x3380e00	0x173677
100	0x247b960	panelType	0x3380f20	0x173690
101	0x247b950	seasonInfo	0x3381040	0x1736a9
102	0x247b97c	origo	0x3381160	0x1736c2
103	0x247b970	cameraMove	0x3381280	0x1736db
104	0x247b98c	camera	0x33813a0	0x1736f4
105	0x2479d0c	start	0x33814c0	0x17370d
106	0x247b984	stop	0x33815e0	0x173726
107	0x247b998	target	0x3381700	0x17373f
108	0x247b994	up	0x3381820	0x173758
109	0x247b9a8	duration	0x3381940	0x173771
110	0x247b9a0	speed	0x3381a60	0x17378a
111	0x247b9c8	anti_alias_geometry	0x3381b80	0x1737a3
112	0x247b9b8	shadow_effect	0x3381ca0	0x1737bc
113	0x247b9e8	dynamic_lights	0x3381dc0	0x1737d5
114	0x247b9dc	format	0x3381ee0	0x1737ee
115	0x247ba00	left	0x3382000	0x173807
116	0x247b9f8	right	0x3382120	0x173820
117	0x247ba10	centre	0x3382240	0x173839
118	0x247ba08	gamma	0x3382360	0x173852
119	0x247a804	normal	0x3382480	0x17386b
120	0x247ba28	width	0x33825a0	0x173884
578	0x247ba18	centerPosition	0x33826c0	0x17389d
606	0x247ba3c	trail	0x33827e0	0x1738b6
607	0x247ba30	billboard	0x3382900	0x1738cf
673	0x247ba60	preload_textures	0x3382a20	0x1738e8
991	0x247ba48	additive_animation	0x3382b40	0x173901
994	0x247ba90	blend_shape	0x3382c60	0x17391a
1075	0x247ba78	flowmap_intensity	0x3382d80	0x173933
1200	0x247bac0	spritesheet_animation	0x3382ea0	0x17394c
1201	0x247baa0	spritesheet_animation_loop	0x3382fc0	0x173965
1202	0x247bae8	hue_shift	0x33830e0	0x17397e
121	0x247bad8	gregoriandat	0x3383200	0x173997
122	0x247bafc	year	0x3383320	0x1739b0
123	0x247baf4	month	0x3383440	0x1739c9
124	0x247bb0c	day	0x3383560	0x1739e2
125	0x247bb04	newday	0x3383680	0x1739fb
126	0x247bb20	guitypes	0x33837a0	0x173a14
127	0x247bb10	guiButtonType	0x33838c0	0x173a2d
128	0x247bb40	upSprite	0x33839e0	0x173a46
129	0x247bb30	downSprite	0x3383b00	0x173a5f
130	0x247bb60	dissableSprite	0x3383c20	0x173a78
131	0x247bb50	overSprite	0x3383d40	0x173a91
132	0x247bb80	quadTextureSprite	0x3383e60	0x173aaa
133	0x247bb70	textBoxType	0x3383f80	0x173ac3
134	0x247bba0	borderSize	0x33840a0	0x173adc
135	0x247bb94	parent	0x33841c0	0x173af5
136	0x247bbc0	leftButton	0x33842e0	0x173b0e
137	0x247bbb0	rightButton	0x3384400	0x173b27
138	0x247bbd4	slider	0x3384520	0x173b40
139	0x247bbcc	track	0x3384640	0x173b59
140	0x247bbf0	scrollbarType	0x3384760	0x173b72
141	0x247bbe0	priority	0x3384880	0x173b8b
142	0x247bc08	buttonDrag	0x33849a0	0x173ba4
143	0x247bc00	text	0x3384ac0	0x173bbd
144	0x247bc28	maxHeight	0x3384be0	0x173bd6
145	0x247bc18	maxWidth	0x3384d00	0x173bef
146	0x247bc48	tooltip	0x3384e20	0x173c08
147	0x247bc38	tooltipText	0x3384f40	0x173c21
148	0x247bc60	delayedTooltipText	0x3385060	0x173c3a
149	0x247bc50	minValue	0x3385180	0x173c53
150	0x247bc88	maxValue	0x33852a0	0x173c6c
151	0x247bc78	stepSize	0x33853c0	0x173c85
152	0x247bca8	startValue	0x33854e0	0x173c9e
153	0x247bc98	horizontal	0x3385600	0x173cb7
154	0x247bcc8	staydownbutton	0x3385720	0x173cd0
155	0x247bcb8	windowType	0x3385840	0x173ce9
156	0x247bce8	background	0x3385960	0x173d02
157	0x247bcd8	moveable	0x3385a80	0x173d1b
158	0x247bd08	resizeableWindow	0x3385ba0	0x173d34
159	0x247bcf8	radioButton	0x3385cc0	0x173d4d
160	0x247bd38	radioButtonGroupType	0x3385de0	0x173d66
161	0x247bd20	verticalScrollbar	0x3385f00	0x173d7f
162	0x247bd68	horizontalScrollbar	0x3386020	0x173d98
163	0x247bd50	scrollbargroupType	0x3386140	0x173db1
164	0x247bd90	radioScrollbar	0x3386260	0x173dca
165	0x247bd80	dontRender	0x3386380	0x173de3
166	0x247bdb0	horizontalBorder	0x33864a0	0x173dfc
167	0x247bda0	verticalBorder	0x33865c0	0x173e15
168	0x247bdd8	listBoxItemType	0x33866e0	0x173e2e
169	0x247bdc8	listBoxType	0x3386800	0x173e47
170	0x247bdf8	editBoxType	0x3386920	0x173e60
171	0x247bde8	3dButtonType	0x3386a40	0x173e79
172	0x247be18	buttonMesh	0x3386b60	0x173e92
173	0x247be08	buttonText	0x3386c80	0x173eab
174	0x247be38	buttonFont	0x3386da0	0x173ec4
175	0x247be28	3dposition	0x3386ec0	0x173edd
176	0x247be58	fixedsize	0x3386fe0	0x173ef6
177	0x247be48	3dIconType	0x3387100	0x173f0f
178	0x247be70	positionType	0x3387220	0x173f28
179	0x247be64	layout	0x3387340	0x173f41
180	0x247be88	multiSpriteButtonType	0x3387460	0x173f5a
181	0x247be80	icon	0x3387580	0x173f73
182	0x247beb0	iconType	0x33876a0	0x173f8c
183	0x247bea0	dropDown	0x33877c0	0x173fa5
184	0x247bed8	heading	0x33878e0	0x173fbe
185	0x247bec0	dropDownMenuType	0x3387a00	0x173fd7
186	0x247beec	step	0x3387b20	0x173ff0
187	0x247bee0	language	0x3387c40	0x174009
188	0x247a7e0	l_english	0x3387d60	0x174022
189	0x247bf08	l_french	0x3387e80	0x17403b
190	0x247bef8	l_german	0x3387fa0	0x174054
191	0x247bf18	l_swedish	0x33880c0	0x17406d
192	0x247bf14	gui	0x33881e0	0x174086
193	0x247bf38	graphics	0x3388300	0x17409f
194	0x247bf28	orientation	0x3388420	0x1740b8
195	0x247bf58	checkbox	0x3388540	0x1740d1
196	0x247bf48	checkboxType	0x3388660	0x1740ea
197	0x247bf78	truncate	0x3388780	0x174103
473	0x247bf68	max_resolution	0x33888a0	0x17411c
581	0x247bfa0	colors	0x33889c0	0x174135
587	0x247bf88	ignore_tab_navigation	0x3388ae0	0x17414e
612	0x247bfc0	containerWindowType	0x3388c00	0x174167
613	0x247bfa8	extendedScrollbarType	0x3388d20	0x174180
614	0x247bfe8	add_horizontal	0x3388e40	0x174199
615	0x247bfd8	max_slots	0x3388f60	0x1741b2
616	0x247c010	max_slots_vertical	0x3389080	0x1741cb
617	0x247bff8	max_slots_horizontal	0x33891a0	0x1741e4
618	0x247c038	padding	0x33892c0	0x1741fd
619	0x247c028	slotsize	0x33893e0	0x174216
620	0x247c058	dropDownBoxType	0x3389500	0x17422f
621	0x247c040	show_animation_type	0x3389620	0x174248
622	0x247c080	hide_animation_type	0x3389740	0x174261
623	0x247c068	show_animation_time	0x3389860	0x17427a
624	0x247c0a8	hide_animation_time	0x3389980	0x174293
625	0x247c098	buttontype	0x3389aa0	0x1742ac
626	0x247c0d8	scroll_wheel_factor	0x3389bc0	0x1742c5
627	0x247c0c0	autohide_scrollbars	0x3389ce0	0x1742de
628	0x247c100	drag_scroll	0x3389e00	0x1742f7
629	0x247c0f0	gridboxtype	0x3389f20	0x174310
630	0x247c11c	margin	0x338a040	0x174329
631	0x247c110	clipping	0x338a160	0x174342
632	0x24afcf8	upper_left	0x338a280	0x17435b
633	0x24afcd0	upper_right	0x338a3a0	0x174374
634	0x24afce0	lower_left	0x338a4c0	0x17438d
635	0x24afcb0	lower_right	0x338a5e0	0x1743a6
636	0x24afcc0	center_up	0x338a700	0x1743bf
637	0x24afc90	center_down	0x338a820	0x1743d8
638	0x247c138	increaseButton	0x338a940	0x1743f1
639	0x247c128	decreaseButton	0x338aa60	0x17440a
640	0x247c158	tileSize	0x338ab80	0x174423
641	0x247c148	clickonly	0x338aca0	0x17443c
642	0x247c178	expandButton	0x338adc0	0x174455
643	0x247c168	expandedWindow	0x338aee0	0x17446e
644	0x247c1a0	contractOnLeave	0x338b000	0x174487
645	0x247c188	hideHeaderOnExpand	0x338b120	0x1744a0
646	0x247c1c0	expandedOnTop	0x338b240	0x1744b9
647	0x247c1b0	browserType	0x338b360	0x1744d2
648	0x247c1e0	curveGraphType	0x338b480	0x1744eb
5020	0x247c1d0	snappoint	0x338b5a0	0x174504
5021	0x247c200	snappoint_center	0x338b6c0	0x17451d
656	0x247c1f0	scrollbar_side	0x338b7e0	0x174536
657	0x247c228	fade_time	0x338b900	0x17454f
658	0x247c218	fade_type	0x338ba20	0x174568
659	0x247c240	cursor_offset	0x338bb40	0x174581
674	0x247c234	auto	0x338bc60	0x17459a
675	0x247c254	min	0x338bd80	0x1745b3
676	0x247c250	max	0x338bea0	0x1745cc
831	0x247c270	selection_offset	0x338bfc0	0x1745e5
833	0x247c258	ignore_special_chars	0x338c0e0	0x1745fe
858	0x247c2a0	hitbox_margin	0x338c200	0x174617
892	0x247c288	allow_multi_line	0x338c320	0x174630
893	0x247c2c0	limited_height	0x338c440	0x174649
918	0x247c2b0	spinnerType	0x338c560	0x174662
948	0x247c2e0	wraparound	0x338c680	0x17467b
949	0x247c2d0	single_choice	0x338c7a0	0x174694
996	0x247c300	max_characters	0x338c8c0	0x1746ad
1001	0x247c2f0	wrap_text	0x338c9e0	0x1746c6
1038	0x247c320	max_height	0x338cb00	0x1746df
1039	0x247c310	min_height	0x338cc20	0x1746f8
1040	0x247c340	max_width	0x338cd40	0x174711
1041	0x247c330	min_width	0x338ce60	0x17472a
1042	0x247c360	if_resolution	0x338cf80	0x174743
1048	0x247c350	default_frame	0x338d0a0	0x17475c
1049	0x247c388	sprite_sheet_sprite_type	0x338d1c0	0x174775
1065	0x247c370	dynamic_extra_height	0x338d2e0	0x17478e
1066	0x247c3b8	dynamic_extra_height_max	0x338d400	0x1747a7
1067	0x247c3a8	dynamic_extra_y	0x338d520	0x1747c0
1068	0x247c3f0	dynamic_extra_y_max	0x338d640	0x1747d9
1081	0x247c3d8	if_scaled_resolution	0x338d760	0x1747f2
1083	0x24afca0	center_left	0x338d880	0x17480b
1084	0x24afc70	center_right	0x338d9a0	0x174824
1092	0x247c418	text_offset	0x338dac0	0x17483d
1093	0x247c408	is_dynamic	0x338dbe0	0x174856
1094	0x247c440	is_hover	0x338dd00	0x17486f
655	0x247c428	legacy_lazy_load	0x338de20	0x174888
198	0x247c460	receiver	0x338df40	0x1748a1
199	0x247c450	tickstamp	0x338e060	0x1748ba
200	0x247c478	ordertype	0x338e180	0x1748d3
201	0x247c46c	server	0x338e2a0	0x1748ec
202	0x24781cc	client	0x338e3c0	0x174905
203	0x247c4a0	commandlist	0x338e4e0	0x17491e
204	0x247c488	istargetasynchronous	0x338e600	0x174937
205	0x247c4c0	port	0x338e720	0x174950
206	0x247c4b0	string_address	0x338e840	0x174969
207	0x247c4d0	session_name	0x338e960	0x174982
208	0x247c4c8	status	0x338ea80	0x17499b
209	0x247c4f0	address	0x338eba0	0x1749b4
210	0x247c4e0	basic_type	0x338ecc0	0x1749cd
211	0x247c500	standardchatmessage	0x338ede0	0x1749e6
666	0x247c4f8	private	0x338ef00	0x1749ff
212	0x247c528	alluserlist	0x338f020	0x174a18
213	0x247c518	announcedone	0x338f140	0x174a31
214	0x247c548	channel	0x338f260	0x174a4a
215	0x247c538	chattext	0x338f380	0x174a63
216	0x247c560	banuser	0x338f4a0	0x174a7c
217	0x247c550	datetime	0x338f5c0	0x174a95
218	0x247c578	handler	0x338f6e0	0x174aae
219	0x247c568	identity	0x338f800	0x174ac7
220	0x247c588	key	0x338f920	0x174ae0
221	0x247c580	message	0x338fa40	0x174af9
222	0x247c598	password	0x338fb60	0x174b12
223	0x247c58c	rank	0x338fc80	0x174b2b
224	0x247c5ac	row	0x338fda0	0x174b44
225	0x247c5a4	type	0x338fec0	0x174b5d
226	0x247c5b4	user	0x338ffe0	0x174b76
227	0x247c5b0	win	0x3390100	0x174b8f
228	0x247c5c8	userslist	0x3390220	0x174ba8
229	0x247820c	game	0x3390340	0x174bc1
710	0x247c5bc	button	0x3390460	0x174bda
711	0x247c5e8	gfxtype	0x3390580	0x174bf3
712	0x247c5d8	buttongfx	0x33906a0	0x174c0c
713	0x247c5f8	framesize	0x33907c0	0x174c25
714	0x247c5f0	editbox	0x33908e0	0x174c3e
715	0x247c610	editboxgfx	0x3390a00	0x174c57
716	0x247c604	align	0x3390b20	0x174c70
717	0x247c628	template	0x3390c40	0x174c89
718	0x247c61c	using	0x3390d60	0x174ca2
719	0x247c648	enableintersectionmask	0x3390e80	0x174cbb
720	0x247c638	scrollbar	0x3390fa0	0x174cd4
721	0x247c668	page	0x33910c0	0x174ced
722	0x247c660	value	0x33911e0	0x174d06
723	0x247c688	maxverticalslots	0x3391300	0x174d1f
724	0x247c670	maxhorizontalslots	0x3391420	0x174d38
725	0x247c6b0	fixedgridbox	0x3391540	0x174d51
726	0x247c6a0	scrollarea	0x3391660	0x174d6a
727	0x247c6e0	scrollwidget	0x3391780	0x174d83
728	0x247c6c0	scrollbarpolicy_vertical	0x33918a0	0x174d9c
729	0x247c700	scrollbarpolicy_horizontal	0x33919c0	0x174db5
730	0x247c6f0	viewportwidget	0x3391ae0	0x174dce
731	0x247c730	parentanchor	0x3391c00	0x174de7
732	0x247c720	widgetanchor	0x3391d20	0x174e00
733	0x247c750	layoutanchor	0x3391e40	0x174e19
734	0x247c740	layoutdirection	0x3391f60	0x174e32
735	0x247c770	fontsize	0x3392080	0x174e4b
736	0x247c760	fontcolor	0x33921a0	0x174e64
737	0x247c790	selectioncolor	0x33922c0	0x174e7d
738	0x247c780	cursorcolor	0x33923e0	0x174e96
739	0x247c7a8	maxcharacters	0x3392500	0x174eaf
740	0x247c7a0	checked	0x3392620	0x174ec8
741	0x247c7c8	checkbutton	0x3392740	0x174ee1
742	0x247c7b8	checkbuttongfx	0x3392860	0x174efa
743	0x247c7e0	highlightchecked	0x3392980	0x174f13
744	0x247c7d4	tabbar	0x3392aa0	0x174f2c
745	0x247c808	stackedwidget	0x3392bc0	0x174f45
746	0x247c7f8	tabwidget	0x3392ce0	0x174f5e
747	0x247c824	addtab	0x3392e00	0x174f77
748	0x247c818	tabbutton	0x3392f20	0x174f90
749	0x247c848	tabcontent	0x3393040	0x174fa9
750	0x247c830	scrollbaralign_vertical	0x3393160	0x174fc2
751	0x247c870	scrollbaralign_horizontal	0x3393280	0x174fdb
752	0x247c858	autoresizeviewport	0x33933a0	0x174ff4
753	0x247c8a0	tabbar_widget	0x33934c0	0x17500d
754	0x247c890	content_widget	0x33935e0	0x175026
755	0x247c8b8	addcolumn	0x3393700	0x17503f
756	0x247c8b0	addrow	0x3393820	0x175058
757	0x247c8d8	texticon	0x3393940	0x175071
758	0x247c8c8	iconsize	0x3393a60	0x17508a
759	0x247c8f8	uv	0x3393b80	0x1750a3
760	0x247c8e8	tooltipwidget	0x3393ca0	0x1750bc
761	0x247c918	spriteborder	0x3393dc0	0x1750d5
762	0x247c900	spriteborder_top	0x3393ee0	0x1750ee
763	0x247c940	spriteborder_bottom	0x3394000	0x175107
764	0x247c928	spriteborder_left	0x3394120	0x175120
765	0x247c968	spriteborder_right	0x3394240	0x175139
766	0x247c958	textformatting	0x3394360	0x175152
767	0x247c990	progressbar	0x3394480	0x17516b
768	0x247c980	progressbargfx	0x33945a0	0x175184
769	0x247c9b0	framedprogressbargfx	0x33946c0	0x17519d
770	0x247c9a0	progresstexture	0x33947e0	0x1751b6
771	0x247c9d8	noprogresstexture	0x3394900	0x1751cf
772	0x247c9c8	invertprogress	0x3394a20	0x1751e8
773	0x247ab00	enabled	0x3394b40	0x175201
774	0x247c9f8	visible	0x3394c60	0x17521a
775	0x247c9f0	onclick	0x3394d80	0x175233
776	0x247ca10	loopinterval	0x3394ea0	0x17524c
777	0x247ca00	shaderfile	0x3394fc0	0x175265
778	0x247ca38	effectname	0x33950e0	0x17527e
779	0x247ca20	animatedbuttongfx	0x3395200	0x175297
780	0x247ca50	intersectionmask	0x3395320	0x1752b0
801	0x247ca44	window	0x3395440	0x1752c9
802	0x247ca78	windowgfx	0x3395560	0x1752e2
803	0x247ca68	righttoleft	0x3395680	0x1752fb
804	0x247ca90	bottomtotop	0x33957a0	0x175314
805	0x247ca84	hbox	0x33958c0	0x17532d
806	0x247cab8	vbox	0x33959e0	0x175346
807	0x247caa0	layoutpolicy_horizontal	0x3395b00	0x17535f
808	0x247cae0	layoutpolicy_vertical	0x3395c20	0x175378
809	0x247cac0	layoutstretchfactor_horizontal	0x3395d40	0x175391
810	0x247cb08	layoutstretchfactor_vertical	0x3395e60	0x1753aa
811	0x247caf8	preferredsize	0x3395f80	0x1753c3
812	0x247cb38	minimumsize	0x33960a0	0x1753dc
813	0x247cb28	maximumsize	0x33961c0	0x1753f5
814	0x247cb58	margin_left	0x33962e0	0x17540e
815	0x247cb48	margin_right	0x3396400	0x175427
816	0x247cb78	margin_top	0x3396520	0x175440
817	0x247cb68	margin_bottom	0x3396640	0x175459
818	0x247cb90	resizable	0x3396760	0x175472
819	0x247cb88	movable	0x3396880	0x17548b
821	0x247cba4	elide	0x33969a0	0x1754a4
824	0x247cb9c	modal	0x3396ac0	0x1754bd
825	0x247cbb8	modality	0x3396be0	0x1754d6
826	0x247cbb0	icongfx	0x3396d00	0x1754ef
838	0x247cbd8	default	0x3396e20	0x175508
839	0x247cbc8	focuspolicy	0x3396f40	0x175521
840	0x247cbf0	tabfocusroot	0x3397060	0x17553a
841	0x247cbe0	taborder	0x3397180	0x175553
842	0x247cc10	upframe	0x33972a0	0x17556c
843	0x247cc00	downframe	0x33973c0	0x175585
844	0x247cc28	overframe	0x33974e0	0x17559e
845	0x247cc18	disableframe	0x3397600	0x1755b7
846	0x247cc40	framedbuttongfx	0x3397720	0x1755d0
849	0x247cc34	list	0x3397840	0x1755e9
850	0x247cc5c	item	0x3397960	0x175602
851	0x247cc50	active_item	0x3397a80	0x17561b
852	0x247cc80	droptarget	0x3397ba0	0x175634
853	0x247cc68	oneditingfinished	0x3397cc0	0x17564d
854	0x247cca0	ontextchanged	0x3397de0	0x175666
855	0x247cc90	selectedindex	0x3397f00	0x17567f
856	0x247ccc0	deferredtemplate	0x3398020	0x175698
857	0x247ccb0	texttooltip	0x3398140	0x1756b1
859	0x247ccf0	scrollbar_vertical	0x3398260	0x1756ca
860	0x247ccd8	scrollbar_horizontal	0x3398380	0x1756e3
861	0x247cd18	dec_button	0x33984a0	0x1756fc
862	0x247cd08	inc_button	0x33985c0	0x175715
863	0x247cd38	autoresize	0x33986e0	0x17572e
864	0x247cd28	container	0x3398800	0x175747
865	0x247cd50	autoresizescrollarea	0x3398920	0x175760
866	0x247cd44	tree	0x3398a40	0x175779
867	0x247cd70	button_trigger	0x3398b60	0x175792
868	0x247cd68	press	0x3398c80	0x1757ab
869	0x247cd90	release	0x3398da0	0x1757c4
870	0x247cd80	doubleclick	0x3398ec0	0x1757dd
871	0x247cdac	indent	0x3398fe0	0x1757f6
872	0x247cd98	reorder_on_mouse	0x3399100	0x17580f
891	0x247cdc4	types	0x3399220	0x175828
894	0x247cdb8	textures	0x3399340	0x175841
895	0x247cde8	constantbuffers	0x3399460	0x17585a
896	0x247cdd0	shortcutbindings	0x3399580	0x175873
897	0x247ce08	datacontext	0x33996a0	0x17588c
898	0x247cdf8	colorpicker	0x33997c0	0x1758a5
899	0x247ce28	oncolorchanged	0x33998e0	0x1758be
904	0x247ce18	widgetsettings	0x3399a00	0x1758d7
917	0x247ce48	contextmenu	0x3399b20	0x1758f0
919	0x247ce38	expand_item	0x3399c40	0x175909
920	0x247ce70	restrictparent_min	0x3399d60	0x175922
921	0x247ce58	restrictparent_max	0x3399e80	0x17593b
922	0x247ce98	flowcontainer	0x3399fa0	0x175954
923	0x247ce88	tooltip_delayed	0x339a0c0	0x17596d
946	0x247ceb8	dynamicgridbox	0x339a1e0	0x175986
947	0x247cea8	wheelstep	0x339a300	0x17599f
969	0x247ced8	mirror	0x339a420	0x1759b8
970	0x247cec8	ignoreinvisible	0x339a540	0x1759d1
973	0x247cef0	resizeparent	0x339a660	0x1759ea
974	0x247cee0	tooltip_type	0x339a780	0x175a03
975	0x247cf18	tooltip_parentanchor	0x339a8a0	0x175a1c
976	0x247cf00	tooltip_widgetanchor	0x339a9c0	0x175a35
977	0x247cf40	tooltip_offset	0x339aae0	0x175a4e
999	0x247cf30	fonttintcolor	0x339ac00	0x175a67
1000	0x247cf60	tintcolor	0x339ad20	0x175a80
1002	0x247cf50	datamodel	0x339ae40	0x175a99
1006	0x247cf88	filter_mouse	0x339af60	0x175ab2
1007	0x247cf70	datahandler_update	0x339b080	0x175acb
1019	0x247cfa8	tooltip_enabled	0x339b1a0	0x175ae4
1037	0x247cf98	onvaluechanged	0x339b2c0	0x175afd
230	0x247cfc8	dummy	0x339b3e0	0x175b16
231	0x247cfb8	sound_fx_volume	0x339b500	0x175b2f
232	0x247a960	music_volume	0x339b620	0x175b48
233	0x247cfe8	scroll_speed	0x339b740	0x175b61
234	0x247cfd0	camera_rotation_speed	0x339b860	0x175b7a
235	0x247d008	zoom_speed	0x339b980	0x175b93
236	0x247cff8	mouse_speed	0x339baa0	0x175bac
237	0x247a940	master_volume	0x339bbc0	0x175bc5
238	0x247d028	version	0x339bce0	0x175bde
239	0x247d018	executable	0x339be00	0x175bf7
240	0x247d040	data	0x339bf20	0x175c10
241	0x247d030	animatedType	0x339c040	0x175c29
242	0x247d058	requeststartown	0x339c160	0x175c42
243	0x247d048	startown	0x339c280	0x175c5b
244	0x247d078	changeowner	0x339c3a0	0x175c74
245	0x247d068	newowner	0x339c4c0	0x175c8d
246	0x247d098	vsync	0x339c5e0	0x175ca6
247	0x247d088	debugmonitor	0x339c700	0x175cbf
248	0x24782c4	debug	0x339c820	0x175cd8
249	0x247d0ac	pdxa	0x339c940	0x175cf1
250	0x247d0a0	versionName	0x339ca60	0x175d0a
251	0x247d0bc	frames	0x339cb80	0x175d23
252	0x247d0b4	frame	0x339cca0	0x175d3c
253	0x247d0d0	stance	0x339cdc0	0x175d55
254	0x247d0c8	indices	0x339cee0	0x175d6e
255	0x247d0e8	noOfTriangles	0x339d000	0x175d87
256	0x247d0d8	noOfVertices	0x339d120	0x175da0
257	0x247d108	vertices	0x339d240	0x175db9
258	0x247d0f8	l_italian	0x339d360	0x175dd2
259	0x247d128	l_spanish	0x339d480	0x175deb
260	0x247d118	l_polish	0x339d5a0	0x175e04
261	0x247d148	textblock	0x339d6c0	0x175e1d
262	0x247d138	systemmessage	0x339d7e0	0x175e36
263	0x247d170	personalmessage	0x339d900	0x175e4f
264	0x247d158	requestusersgames	0x339da20	0x175e68
265	0x247d190	requestgame	0x339db40	0x175e81
266	0x247d180	sendgame	0x339dc60	0x175e9a
267	0x247d1b0	bodytexture	0x339dd80	0x175eb3
268	0x247d1a0	colortwo	0x339dea0	0x175ecc
269	0x247d1d0	static	0x339dfc0	0x175ee5
270	0x247d1c0	animatedmaptext	0x339e0e0	0x175efe
271	0x247d1e0	maskedShieldType	0x339e200	0x175f17
272	0x247d1d8	spacing	0x339e320	0x175f30
273	0x247d208	membername	0x339e440	0x175f49
274	0x247d1f8	progressbartype	0x339e560	0x175f62
275	0x247d228	transparencecheck	0x339e680	0x175f7b
276	0x247d218	soundeffect	0x339e7a0	0x175f94
277	0x247d240	pitch	0x339e8c0	0x175fad
278	0x247d23c	pan	0x339e9e0	0x175fc6
279	0x247d258	voicetype	0x339eb00	0x175fdf
280	0x247d248	soundeffects	0x339ec20	0x175ff8
281	0x247d278	upsound	0x339ed40	0x176011
282	0x247d268	downsound	0x339ee60	0x17602a
283	0x247d290	oversound	0x339ef80	0x176043
284	0x247d280	clicksound	0x339f0a0	0x17605c
285	0x247d2a8	lockable	0x339f1c0	0x176075
286	0x247d29c	drag	0x339f2e0	0x17608e
287	0x247d2cc	volume	0x339f400	0x1760a7
288	0x247d2b8	instantTextBoxType	0x339f520	0x1760c0
289	0x247d2f0	shortcut	0x339f640	0x1760d9
290	0x247d2d8	writetochatbuffer	0x339f760	0x1760f2
291	0x247d310	chatbuffer	0x339f880	0x17610b
292	0x247d300	chatmessage	0x339f9a0	0x176124
293	0x247d330	loadType	0x339fac0	0x17613d
294	0x247d320	norefcount	0x339fbe0	0x176156
295	0x247d350	bitmapfont	0x339fd00	0x17616f
296	0x247d340	bitmapfonts	0x339fe20	0x176188
297	0x247d378	colorcodes	0x339ff40	0x1761a1
298	0x247d360	progressbar3dType	0x33a0060	0x1761ba
299	0x247d398	countrychat	0x33a0180	0x1761d3
300	0x247d388	locatorname	0x33a02a0	0x1761ec
301	0x247d3b0	locatormatrix	0x33a03c0	0x176205
302	0x247d3a8	adapter	0x33a04e0	0x17621e
303	0x247d3d8	gunSmoke	0x33a0600	0x176237
304	0x247d3c0	EffectStartFrame	0x33a0720	0x176250
305	0x247d3f8	starttransfer	0x33a0840	0x176269
306	0x247d3e8	sendchunk	0x33a0960	0x176282
307	0x247d418	chunkreceived	0x33a0a80	0x17629b
308	0x247d408	ledger_data	0x33a0ba0	0x1762b4
309	0x247d438	ledger_data_x	0x33a0cc0	0x1762cd
310	0x247d428	ledger_data_y	0x33a0de0	0x1762e6
311	0x247d460	income_statistics	0x33a0f00	0x1762ff
312	0x247d448	nation_size_statistics	0x33a1020	0x176318
313	0x247d480	inflation_statistics	0x33a1140	0x176331
314	0x247d474	offset	0x33a1260	0x17634a
315	0x247d4b0	multisampling	0x33a1380	0x176363
316	0x247d498	anisotropicFiltering	0x33a14a0	0x17637c
317	0x247d4c8	upper	0x33a15c0	0x176395
318	0x247d4c0	lower	0x33a16e0	0x1763ae
319	0x247d4e8	allwaystransparent	0x33a1800	0x1763c7
470	0x247d4d0	alwaystransparent	0x33a1920	0x1763e0
320	0x247d510	threeDguiType	0x33a1a40	0x1763f9
321	0x247d500	shadowSize	0x33a1b60	0x176412
322	0x247a970	ambient_volume	0x33a1c80	0x17642b
323	0x247d528	luafunction_buttonclick	0x33a1da0	0x176444
324	0x247d520	l_czech	0x33a1ec0	0x17645d
325	0x247d548	l_hungarian	0x33a1fe0	0x176476
326	0x247d540	l_dutch	0x33a2100	0x17648f
327	0x247d568	l_portugese	0x33a2220	0x1764a8
328	0x247d558	l_russian	0x33a2340	0x1764c1
329	0x247d588	l_finnish	0x33a2460	0x1764da
330	0x247d578	actorfile	0x33a2580	0x1764f3
331	0x247d59c	idle	0x33a26a0	0x17650c
332	0x247d594	attack	0x33a27c0	0x176525
333	0x247d5c4	move	0x33a28e0	0x17653e
334	0x247d5a8	OverlappingElementsBoxType	0x33a2a00	0x176557
335	0x247d5e0	luaClick	0x33a2b20	0x176570
336	0x247d5d0	tileSpriteType	0x33a2c40	0x176589
337	0x247d5f8	retargeting	0x33a2d60	0x1765a2
338	0x247d5ec	attach	0x33a2e80	0x1765bb
339	0x247d618	PieChartType	0x33a2fa0	0x1765d4
340	0x247d608	BarGraphType	0x33a30c0	0x1765ed
341	0x247d638	billboardType	0x33a31e0	0x176606
342	0x247d628	rotation	0x33a3300	0x17661f
343	0x247d650	offset2	0x33a3420	0x176638
344	0x247d648	offset3	0x33a3540	0x176651
345	0x247d668	offset4	0x33a3660	0x17666a
346	0x247d658	font_size	0x33a3780	0x176683
347	0x247d680	anisotropic_filtering	0x33a38a0	0x17669c
348	0x247d670	multi_sampling	0x33a39c0	0x1766b5
349	0x247d6a0	scrollingSprite	0x33a3ae0	0x1766ce
350	0x247d698	node	0x33a3c00	0x1766e7
351	0x247d6c0	attachId	0x33a3d20	0x176700
352	0x247d6b0	rangeLimitMin	0x33a3e40	0x176719
353	0x247d6e8	rangeLimitMax	0x33a3f60	0x176732
354	0x247d6d0	rangeLimitMinIcon	0x33a4080	0x17674b
355	0x247d708	rangeLimitMaxIcon	0x33a41a0	0x176764
356	0x247d6f8	useRangeLimit	0x33a42c0	0x17677d
357	0x247aa24	none	0x33a43e0	0x176796
358	0x247d730	BarChartType	0x33a4500	0x1767af
359	0x247d720	long_float	0x33a4620	0x1767c8
360	0x247d750	LineChartType	0x33a4740	0x1767e1
361	0x247d740	linewidth	0x33a4860	0x1767fa
362	0x247d768	flipu	0x33a4980	0x176813
363	0x247d760	flipv	0x33a4aa0	0x17682c
364	0x247d788	pdx_tooltip	0x33a4bc0	0x176845
365	0x247d770	pdx_tooltip_delayed	0x33a4ce0	0x17685e
366	0x247d7a8	use_animation	0x33a4e00	0x176877
367	0x247d798	vertical	0x33a4f20	0x176890
368	0x247d7c8	cull_distance	0x33a5040	0x1768a9
369	0x247d7b8	tilingCenter	0x33a5160	0x1768c2
370	0x247d7e8	color_override	0x33a5280	0x1768db
371	0x247d7d8	first_on_top	0x33a53a0	0x1768f4
372	0x247d808	path	0x33a54c0	0x17690d
373	0x247d7f8	dependencies	0x33a55e0	0x176926
374	0x247d818	steam_id	0x33a5700	0x17693f
375	0x247d810	pdx_id	0x33a5820	0x176958
376	0x247d838	archive	0x33a5940	0x176971
377	0x247d828	checksum	0x33a5a60	0x17698a
378	0x247d858	affects_checksum	0x33a5b80	0x1769a3
379	0x247d840	has_set_language	0x33a5ca0	0x1769bc
380	0x247d880	click_to_front	0x33a5dc0	0x1769d5
381	0x247d870	gamersgate_id	0x33a5ee0	0x1769ee
382	0x247d8a0	replace_path	0x33a6000	0x176a07
383	0x247d890	user_dir	0x33a6120	0x176a20
384	0x247d8c0	pdxmesh	0x33a6240	0x176a39
385	0x247d8b0	pdxparticle	0x33a6360	0x176a52
386	0x247d8e0	diplomacy_construction	0x33a6480	0x176a6b
387	0x247d8c8	merchant_construction	0x33a65a0	0x176a84
388	0x247d910	chat_message	0x33a66c0	0x176a9d
389	0x247d8f8	chat_user_joined	0x33a67e0	0x176ab6
390	0x247d940	chat_user_left	0x33a6900	0x176acf
391	0x247d920	chat_user_joined_channel	0x33a6a20	0x176ae8
392	0x247d968	chat_user_left_channel	0x33a6b40	0x176b01
393	0x247d950	chat_new_channel	0x33a6c60	0x176b1a
394	0x247d990	chat_close_channel	0x33a6d80	0x176b33
395	0x247d980	chat_sync	0x33a6ea0	0x176b4c
396	0x247d9b0	chat_request_sync	0x33a6fc0	0x176b65
397	0x247d9a4	cursor	0x33a70e0	0x176b7e
398	0x247d9d8	show_position	0x33a7200	0x176b97
399	0x247d9c8	hide_position	0x33a7320	0x176bb0
400	0x247d9f8	animation_type	0x33a7440	0x176bc9
401	0x247d9e8	animation_time	0x33a7560	0x176be2
402	0x247da18	accelerated	0x33a7680	0x176bfb
403	0x247da08	decelerated	0x33a77a0	0x176c14
404	0x247da30	smoothstep	0x33a78c0	0x176c2d
405	0x247da24	linear	0x33a79e0	0x176c46
406	0x247da50	can_be_lowres	0x33a7b00	0x176c5f
407	0x247da40	particle	0x33a7c20	0x176c78
408	0x247da70	subsystem	0x33a7d40	0x176c91
409	0x247da60	max_amount	0x33a7e60	0x176caa
410	0x247da90	emission	0x33a7f80	0x176cc3
411	0x247da80	velocity	0x33a80a0	0x176cdc
412	0x247daa0	life	0x33a81c0	0x176cf5
413	0x247da9c	yaw	0x33a82e0	0x176d0e
414	0x247dab0	force	0x33a8400	0x176d27
415	0x247daa8	texture	0x33a8520	0x176d40
416	0x247a0d4	end	0x33a8640	0x176d59
417	0x247dabc	amount	0x33a8760	0x176d72
418	0x247dab8	op	0x33a8880	0x176d8b
419	0x247dacc	repeat	0x33a89a0	0x176da4
420	0x247dac4	curve	0x33a8ac0	0x176dbd
421	0x247dad8	z	0x33a8be0	0x176dd6
422	0x247dad4	w	0x33a8d00	0x176def
423	0x247dae4	alpha	0x33a8e20	0x176e08
424	0x2478298	time	0x33a8f40	0x176e21
425	0x247dadc	mass	0x33a9060	0x176e3a
426	0x247daf4	sort	0x33a9180	0x176e53
427	0x247daec	invert	0x33a92a0	0x176e6c
428	0x247db00	r	0x33a93c0	0x176e85
429	0x247dafc	g	0x33a94e0	0x176e9e
430	0x247db08	b	0x33a9600	0x176eb7
431	0x247db04	a	0x33a9720	0x176ed0
432	0x247db14	shader	0x33a9840	0x176ee9
433	0x247db0c	roll	0x33a9960	0x176f02
434	0x247db30	particle_pitch	0x33a9a80	0x176f1b
435	0x247db20	particle_roll	0x33a9ba0	0x176f34
436	0x247db48	intensity	0x33a9cc0	0x176f4d
437	0x247db40	radius	0x33a9de0	0x176f66
438	0x247db5c	entity	0x33a9f00	0x176f7f
439	0x247db54	state	0x33aa020	0x176f98
440	0x247db6c	event	0x33aa140	0x176fb1
441	0x247db64	sound	0x33aa260	0x176fca
442	0x247db90	animation_speed	0x33aa380	0x176fe3
443	0x247db78	animation_blend_time	0x33aa4a0	0x176ffc
444	0x247dba8	loop_animation	0x33aa5c0	0x177015
445	0x247dba0	min_gui	0x33aa6e0	0x17702e
446	0x247dbc8	chance	0x33aa800	0x177047
447	0x247dbb8	clone_entity	0x33aa920	0x177060
448	0x247dbd8	keep_particle	0x33aaa40	0x177079
449	0x247dbd0	clone	0x33aab60	0x177092
450	0x247dbf8	loop_time	0x33aac80	0x1770ab
451	0x247dbe8	frame_animation	0x33aada0	0x1770c4
452	0x247dc20	animation_rate_fps	0x33aaec0	0x1770dd
453	0x247dc08	animation_rate_spf	0x33aafe0	0x1770f6
454	0x247dc48	looping	0x33ab100	0x17710f
455	0x247dc38	play_on_show	0x33ab220	0x177128
456	0x247dc60	frameAnimatedSpriteType	0x33ab340	0x177141
457	0x247dc50	pause_on_loop	0x33ab460	0x17715a
458	0x247dc90	hint_tag	0x33ab580	0x177173
459	0x247dc78	disable_time_widget	0x33ab6a0	0x17718c
460	0x247dcb0	childsystem	0x33ab7c0	0x1771a5
461	0x247dca0	border_color	0x33ab8e0	0x1771be
462	0x247dcc8	always_load	0x33aba00	0x1771d7
463	0x247dcbc	tags	0x33abb20	0x1771f0
464	0x247dcf0	picture	0x33abc40	0x177209
465	0x247dcd8	emission_pulse_duration	0x33abd60	0x177222
466	0x247dd08	emission_pulse_silence	0x33abe80	0x17723b
467	0x247dcf8	greater_than	0x33abfa0	0x177254
468	0x247dd30	less_than	0x33ac0c0	0x17726d
471	0x247dd20	division	0x33ac1e0	0x177286
472	0x247dd50	next_state	0x33ac300	0x17729f
474	0x247dd40	trigger_once	0x33ac420	0x1772b8
475	0x247dd70	state_time	0x33ac540	0x1772d1
476	0x247dd60	time_offset	0x33ac660	0x1772ea
477	0x247dd90	velocity_yaw	0x33ac780	0x177303
478	0x247dd80	velocity_pitch	0x33ac8a0	0x17731c
479	0x247ddb0	emitter_yaw	0x33ac9c0	0x177335
480	0x247dda0	emitter_pitch	0x33acae0	0x17734e
481	0x247ddd8	emitter_type	0x33acc00	0x177367
482	0x247ddc0	sphere_emitter_radius	0x33acd20	0x177380
483	0x247de00	sphere_emitter_yaw	0x33ace40	0x177399
484	0x247dde8	sphere_emitter_pitch	0x33acf60	0x1773b2
485	0x247de28	box_emitter_x	0x33ad080	0x1773cb
486	0x247de18	box_emitter_y	0x33ad1a0	0x1773e4
487	0x247de40	box_emitter_z	0x33ad2c0	0x1773fd
488	0x247de38	steps	0x33ad3e0	0x177416
489	0x247de68	overlay	0x33ad500	0x17742f
490	0x247de50	animationmaskfile	0x33ad620	0x177448
491	0x247de88	animationtexturefile	0x33ad740	0x177461
492	0x247de70	animationrotation	0x33ad860	0x17747a
493	0x247deb0	animationlooping	0x33ad980	0x177493
494	0x247dea0	animationtime	0x33adaa0	0x1774ac
495	0x247ded8	animationdelay	0x33adbc0	0x1774c5
496	0x247dec8	animationtype	0x33adce0	0x1774de
497	0x247df00	animationblendmode	0x33ade00	0x1774f7
498	0x247dee8	animationtexturescale	0x33adf20	0x177510
499	0x247df28	default_state	0x33ae040	0x177529
500	0x247df18	cull_radius	0x33ae160	0x177542
501	0x247df48	playback_rate	0x33ae280	0x17755b
502	0x247df38	animationframes	0x33ae3a0	0x177574
503	0x247df70	animationrotationoffset	0x33ae4c0	0x17758d
504	0x247df58	animationtriggerframes	0x33ae5e0	0x1775a6
505	0x247dfa0	propagate_state	0x33ae700	0x1775bf
507	0x247df88	smoothListboxType	0x33ae820	0x1775d8
508	0x247dfb8	game_data	0x33ae940	0x1775f1
509	0x247dfb0	ui	0x33aea60	0x17760a
510	0x247dfd0	font_definition	0x33aeb80	0x177623
511	0x247dfc8	locator	0x33aeca0	0x17763c
512	0x247dfe8	parent_joint	0x33aedc0	0x177655
513	0x247dfe0	hsv	0x33aeee0	0x17766e
514	0x247e000	bold	0x33af000	0x177687
515	0x247dff8	italic	0x33af120	0x1776a0
516	0x247e018	underline	0x33af240	0x1776b9
517	0x247e008	strikethrough	0x33af360	0x1776d2
518	0x247e030	hyperlink	0x33af480	0x1776eb
519	0x247e024	label	0x33af5a0	0x177704
520	0x247e050	image	0x33af6c0	0x17771d
521	0x247e040	localization	0x33af7e0	0x177736
522	0x247e068	includes	0x33af900	0x17774f
523	0x247e058	samplers	0x33afa20	0x177768
524	0x247e084	index	0x33afb40	0x177781
525	0x247e078	magfilter	0x33afc60	0x17779a
526	0x247e0a0	minfilter	0x33afd80	0x1777b3
527	0x247e090	mipfilter	0x33afea0	0x1777cc
528	0x247e0c0	addressu	0x33affc0	0x1777e5
529	0x247e0b0	addressv	0x33b00e0	0x1777fe
530	0x247e0e0	mipmaplodbias	0x33b0200	0x177817
531	0x247e0d0	mipmapmaxlod	0x33b0320	0x177830
532	0x247e100	mipmapminlod	0x33b0440	0x177849
533	0x247e0f0	vertexstruct	0x33b0560	0x177862
534	0x247e120	constantbuffer	0x33b0680	0x17787b
535	0x247e110	vertexshader	0x33b07a0	0x177894
536	0x247e140	pixelshader	0x33b08c0	0x1778ad
537	0x247e130	maincode	0x33b09e0	0x1778c6
538	0x247e158	code	0x33b0b00	0x1778df
539	0x247e150	defines	0x33b0c20	0x1778f8
540	0x247e170	blendstate	0x33b0d40	0x177911
541	0x247e160	blendenable	0x33b0e60	0x17792a
542	0x247e190	alphatocoverage	0x33b0f80	0x177943
543	0x247e180	alphatest	0x33b10a0	0x17795c
544	0x247e1b0	sourceblend	0x33b11c0	0x177975
545	0x247e1a0	destblend	0x33b12e0	0x17798e
546	0x247e1d0	blendop	0x33b1400	0x1779a7
547	0x247e1c0	sourcealpha	0x33b1520	0x1779c0
548	0x247e1e8	destalpha	0x33b1640	0x1779d9
549	0x247e1d8	blendopalpha	0x33b1760	0x1779f2
550	0x247e210	writemask	0x33b1880	0x177a0b
551	0x247e1f8	depthstencilstate	0x33b19a0	0x177a24
552	0x247e230	depthenable	0x33b1ac0	0x177a3d
553	0x247e220	depthwritemask	0x33b1be0	0x177a56
554	0x247e250	depthfunction	0x33b1d00	0x177a6f
555	0x247e240	stencilenable	0x33b1e20	0x177a88
556	0x247e278	stencilreadmask	0x33b1f40	0x177aa1
557	0x247e260	stencilwritemask	0x33b2060	0x177aba
558	0x247e2a0	frontstencilfailop	0x33b2180	0x177ad3
559	0x247e288	frontstencildepthfailop	0x33b22a0	0x177aec
560	0x247e2d0	frontstencilpassop	0x33b23c0	0x177b05
561	0x247e2b8	frontstencilfunc	0x33b24e0	0x177b1e
562	0x247e2f8	rasterizerstate	0x33b2600	0x177b37
563	0x247e2e8	fillmode	0x33b2720	0x177b50
564	0x247e318	cullmode	0x33b2840	0x177b69
565	0x247e308	frontccw	0x33b2960	0x177b82
566	0x247e338	depthbias	0x33b2a80	0x177b9b
567	0x247e328	depthbiasclamp	0x33b2ba0	0x177bb4
568	0x247e350	slopescaledepthbias	0x33b2cc0	0x177bcd
569	0x247e348	scissor	0x33b2de0	0x177be6
570	0x247e378	multisample	0x33b2f00	0x177bff
571	0x247e368	framedirectiony	0x33b3020	0x177c18
572	0x247e398	get_state_from_parent	0x33b3140	0x177c31
573	0x247840c	music	0x33b3260	0x177c4a
574	0x247e388	local_space	0x33b3380	0x177c63
575	0x247e3b8	local_force	0x33b34a0	0x177c7c
576	0x247e3b0	sender	0x33b35c0	0x177c95
577	0x247e3c8	masking_texture	0x33b36e0	0x177cae
579	0x247e3c4	rgb	0x33b3800	0x177cc7
580	0x247e3e0	hex	0x33b3920	0x177ce0
582	0x247e3d8	loop	0x33b3a40	0x177cf9
583	0x247e400	instancing	0x33b3b60	0x177d12
584	0x247e3e8	stop_on_state_change	0x33b3c80	0x177d2b
585	0x247e428	no_clicksound	0x33b3da0	0x177d44
586	0x247e410	dev_master_volume	0x33b3ec0	0x177d5d
588	0x247e450	sounds	0x33b3fe0	0x177d76
589	0x247e438	volume_random_offset	0x33b4100	0x177d8f
590	0x247e468	min_distance	0x33b4220	0x177da8
591	0x247e458	max_distance	0x33b4340	0x177dc1
592	0x247e480	height_scale	0x33b4460	0x177dda
593	0x247e478	weight	0x33b4580	0x177df3
594	0x247e4a8	weighted_sound	0x33b46a0	0x177e0c
595	0x247e490	icons_add_height	0x33b47c0	0x177e25
596	0x247e4c8	particle_yaw	0x33b48e0	0x177e3e
597	0x247e4b8	rotation_speed	0x33b4a00	0x177e57
598	0x247e4f0	rotation_speed_yaw	0x33b4b20	0x177e70
599	0x247e4d8	rotation_speed_pitch	0x33b4c40	0x177e89
600	0x247e520	rotation_speed_roll	0x33b4d60	0x177ea2
601	0x247e508	vertical_alignment	0x33b4e80	0x177ebb
602	0x247e53c	top	0x33b4fa0	0x177ed4
603	0x247e534	bottom	0x33b50c0	0x177eed
604	0x247e548	icon_scale	0x33b51e0	0x177f06
605	0x247e540	is3d	0x33b5300	0x177f1f
608	0x247e560	slave_particles	0x33b5420	0x177f38
609	0x247e554	video	0x33b5540	0x177f51
610	0x247e588	affects_compatability	0x33b5660	0x177f6a
611	0x247e570	supported_version	0x33b5780	0x177f83
649	0x247e5b8	callback_type	0x33b58a0	0x177f9c
650	0x247e5a0	callback_argument	0x33b59c0	0x177fb5
651	0x247e5d0	web_link	0x33b5ae0	0x177fce
652	0x247e5c8	widget	0x33b5c00	0x177fe7
653	0x247e5f0	machine	0x33b5d20	0x178000
654	0x247e5e0	gui_scale	0x33b5e40	0x178019
660	0x247e608	text_color_code	0x33b5f60	0x178032
661	0x247e5f8	directory	0x33b6080	0x17804b
662	0x247e628	file_extension	0x33b61a0	0x178064
663	0x247e618	sub_directories	0x33b62c0	0x17807d
664	0x247e648	show_sound	0x33b63e0	0x178096
665	0x247e638	hide_sound	0x33b6500	0x1780af
667	0x247e660	maxanisotropy	0x33b6620	0x1780c8
668	0x247e654	unum64	0x33b6740	0x1780e1
669	0x247e688	camera_speed	0x33b6860	0x1780fa
670	0x247e670	centered_zoom_in	0x33b6980	0x178113
671	0x247e6a8	camera_tilt	0x33b6aa0	0x17812c
672	0x247e698	camera_strategy	0x33b6bc0	0x178145
677	0x247e6c8	meshsettings	0x33b6ce0	0x17815e
678	0x247e6b8	shader_file	0x33b6e00	0x178177
679	0x247e6ec	hide	0x33b6f20	0x178190
680	0x247e6d8	autohide_scrollbar	0x33b7040	0x1781a9
699	0x247e710	max_audible	0x33b7160	0x1781c2
700	0x247e6f8	max_audible_behaviour	0x33b7280	0x1781db
701	0x247e730	delay_random_offset	0x33b73a0	0x1781f4
702	0x247e720	fade_out	0x33b74c0	0x17820d
703	0x247e758	fade_in	0x33b75e0	0x178226
704	0x247e748	start_event	0x33b7700	0x17823f
705	0x247e770	flag_date	0x33b7820	0x178258
706	0x247e760	flag_days	0x33b7940	0x178271
707	0x247e788	use_special_chars	0x33b7a60	0x17828a
708	0x247e77c	style	0x33b7b80	0x1782a3
709	0x247e7c0	fontstyle	0x33b7ca0	0x1782bc
781	0x247e7a0	looping_volume_random_offset	0x33b7dc0	0x1782d5
782	0x247e7f0	looping_delay_random_offset	0x33b7ee0	0x1782ee
783	0x247e7d0	random_sound_when_looping	0x33b8000	0x178307
784	0x247e820	pregain	0x33b8120	0x178320
785	0x247e810	postgain	0x33b8240	0x178339
786	0x247e834	ratio	0x33b8360	0x178352
787	0x247e828	threshold	0x33b8480	0x17836b
788	0x247e850	attacktime	0x33b85a0	0x178384
789	0x247e840	releasetime	0x33b86c0	0x17839d
790	0x247e870	compressor	0x33b87e0	0x1783b6
791	0x247e860	playbackrate	0x33b8900	0x1783cf
792	0x247e8a8	playbackrate_random_offset	0x33b8a20	0x1783e8
793	0x247e880	looping_playbackrate_random_offset	0x33b8b40	0x178401
794	0x247e8e0	category	0x33b8c60	0x17841a
795	0x247e8c8	master_compressor	0x33b8d80	0x178433
796	0x247e908	music_compressor	0x33b8ea0	0x17844c
797	0x247e8f0	default_clicksound	0x33b8fc0	0x178465
798	0x247e938	default_oversound	0x33b90e0	0x17847e
799	0x247e920	default_downsound	0x33b9200	0x178497
800	0x247e960	default_upsound	0x33b9320	0x1784b0
820	0x247e950	launcher_sound	0x33b9440	0x1784c9
822	0x247e988	remote_file_id	0x33b9560	0x1784e2
823	0x247e970	description_file	0x33b9680	0x1784fb
827	0x247e9a8	textcolors	0x33b97a0	0x178514
828	0x247e998	appendtext	0x33b98c0	0x17852d
829	0x247e9c8	fontfiles	0x33b99e0	0x178546
830	0x247e9b8	multiline	0x33b9b00	0x17855f
832	0x247e9f0	open_categories	0x33b9c20	0x178578
834	0x247e9d8	bitmapfont_override	0x33b9d40	0x178591
835	0x247ea18	languages	0x33b9e60	0x1785aa
836	0x247ea00	third_party_warn	0x33b9f80	0x1785c3
837	0x247ea48	third_party_content	0x33ba0a0	0x1785dc
847	0x247ea28	pdx_tooltip_anchor_offset	0x33ba1c0	0x1785f5
848	0x247ea70	pdx_tooltip_anchor_orientation	0x33ba2e0	0x17860e
873	0x247ea60	closed_position	0x33ba400	0x178627
874	0x247eaa0	open_position	0x33ba520	0x178640
875	0x247ea90	peek_position	0x33ba640	0x178659
876	0x247eac0	peek_check_top_left	0x33ba760	0x178672
877	0x247eab0	peek_check_size	0x33ba880	0x17868b
878	0x247eaf0	graceful_exit	0x33ba9a0	0x1786a4
879	0x247ead8	depthwriteenable	0x33baac0	0x1786bd
880	0x247eb18	backstencilfailop	0x33babe0	0x1786d6
881	0x247eb00	backstencildepthfailop	0x33bad00	0x1786ef
882	0x247eb40	backstencilpassop	0x33bae20	0x178708
883	0x247eb30	backstencilfunc	0x33baf40	0x178721
884	0x247eb68	depthclip	0x33bb060	0x17873a
885	0x247eb58	samplemodeu	0x33bb180	0x178753
886	0x247eb88	samplemodev	0x33bb2a0	0x17876c
887	0x247eb78	samplemodew	0x33bb3c0	0x178785
888	0x247eba0	texturesampler	0x33bb4e0	0x17879e
889	0x247eb98	sampler	0x33bb600	0x1787b7
890	0x247ebb8	srgb	0x33bb720	0x1787d0
900	0x247ebb0	flag	0x33bb840	0x1787e9
901	0x247ebc8	tick	0x33bb960	0x178802
902	0x247ebc0	input	0x33bba80	0x17881b
903	0x247ebe4	output	0x33bbba0	0x178834
905	0x247ebd0	use_parent_nodes	0x33bbcc0	0x17884d
906	0x247ec00	default_ime_text_color	0x33bbde0	0x178866
907	0x247ebf0	ime_text_color	0x33bbf00	0x17887f
908	0x247ec28	ime_composition_background	0x33bc020	0x178898
924	0x247ec18	ttf_font	0x33bc140	0x1788b1
925	0x247ec58	ttf_size	0x33bc260	0x1788ca
926	0x247ec48	vertical_offset	0x33bc380	0x1788e3
927	0x247ec78	lineheight_override	0x33bc4a0	0x1788fc
928	0x247ec68	soundgroup	0x33bc5c0	0x178915
929	0x247eca0	soundgroups	0x33bc6e0	0x17892e
930	0x247ec90	soundoverride	0x33bc800	0x178947
931	0x247ecc0	if_current_state	0x33bc920	0x178960
932	0x247ecb0	navRight	0x33bca40	0x178979
933	0x247ece0	navUp	0x33bcb60	0x178992
934	0x247ecd8	navLeft	0x33bcc80	0x1789ab
935	0x247ed00	navDown	0x33bcda0	0x1789c4
936	0x247ece8	defaultSelection	0x33bcec0	0x1789dd
937	0x247ed18	actionShortCut	0x33bcfe0	0x1789f6
938	0x247ed08	gui_safe_ratio	0x33bd100	0x178a0f
939	0x247ed38	display_index	0x33bd220	0x178a28
940	0x247ed28	input_type	0x33bd340	0x178a41
941	0x247ed50	tooltip_mode_enabled	0x33bd460	0x178a5a
942	0x247ed48	editor	0x33bd580	0x178a73
943	0x247ed78	editor_postfix	0x33bd6a0	0x178a8c
944	0x247ed68	flipdirection	0x33bd7c0	0x178aa5
945	0x247ed98	rail_id	0x33bd8e0	0x178abe
950	0x247ed88	filename	0x33bda00	0x178ad7
951	0x247edb8	timestamp	0x33bdb20	0x178af0
952	0x247eda0	remote_timestamp	0x33bdc40	0x178b09
953	0x247eddc	sync	0x33bdd60	0x178b22
954	0x247edc8	localizable_name	0x33bde80	0x178b3b
955	0x247ee00	extents	0x33bdfa0	0x178b54
956	0x247ede8	detail_blend_range	0x33be0c0	0x178b6d
957	0x247ee20	normal_height_scale	0x33be1e0	0x178b86
958	0x247ee08	simple_effect_height	0x33be300	0x178b9f
959	0x247ee50	skirt_height_factor	0x33be420	0x178bb8
960	0x247ee38	mip_lerp_start_height	0x33be540	0x178bd1
961	0x247ee78	mip_lerp_distance	0x33be660	0x178bea
962	0x247ee68	water_height	0x33be780	0x178c03
963	0x247eea8	underwater_factor	0x33be8a0	0x178c1c
964	0x247ee90	detail_tile_factor	0x33be9c0	0x178c35
965	0x247eed0	water_color	0x33beae0	0x178c4e
966	0x247eec0	computeshader	0x33bec00	0x178c67
967	0x247eef0	numthreads	0x33bed20	0x178c80
968	0x247eee0	rwbuffer	0x33bee40	0x178c99
971	0x247ef10	greater_eq_than	0x33bef60	0x178cb2
972	0x247ef00	less_eq_than	0x33bf080	0x178ccb
978	0x247ef2c	etag	0x33bf1a0	0x178ce4
979	0x247ef20	platform	0x33bf2c0	0x178cfd
980	0x247b548	mod_tags	0x33bf3e0	0x178d16
981	0x247ef50	pops_id	0x33bf500	0x178d2f
982	0x247ef38	extra_soundgroups	0x33bf620	0x178d48
983	0x247ef70	sync_status	0x33bf740	0x178d61
984	0x247ef58	setitemsizefromcell	0x33bf860	0x178d7a
985	0x247ef90	project	0x33bf980	0x178d93
986	0x247ef80	animations	0x33bfaa0	0x178dac
987	0x247efa8	materials	0x33bfbc0	0x178dc5
988	0x247ef98	export_path	0x33bfce0	0x178dde
989	0x247efc8	target_exe	0x33bfe00	0x178df7
990	0x247efb8	mergetool	0x33bff20	0x178e10
992	0x247eff0	parameter	0x33c0040	0x178e29
993	0x247efd8	conflict_resolved	0x33c0160	0x178e42
995	0x247f010	shared_pose_entity	0x33c0280	0x178e5b
997	0x247f000	attribute	0x33c03a0	0x178e74
998	0x247f038	stencilref	0x33c04c0	0x178e8d
1004	0x247f028	height_offset	0x33c05e0	0x178ea6
1005	0x247f060	uv_scale	0x33c0700	0x178ebf
1008	0x247f048	multi_sampling_quality	0x33c0820	0x178ed8
1009	0x247f080	spherical	0x33c0940	0x178ef1
1010	0x247f070	cylindrical	0x33c0a60	0x178f0a
1011	0x247f0a0	cartesian	0x33c0b80	0x178f23
1012	0x247f090	override	0x33c0ca0	0x178f3c
1013	0x247f0c8	soundeffectoverride	0x33c0dc0	0x178f55
1014	0x247f0b0	soundeffectoverrides	0x33c0ee0	0x178f6e
1015	0x247f0f0	soundfileoverrides	0x33c1000	0x178f87
1016	0x247f0e0	is_extra	0x33c1120	0x178fa0
1017	0x247f118	prevent_random_repetition	0x33c1240	0x178fb9
1018	0x247f108	sort_order	0x33c1360	0x178fd2
1020	0x247f148	hard_check	0x33c1480	0x178feb
1021	0x247f138	local_check	0x33c15a0	0x179004
1022	0x247f168	randomlog	0x33c16c0	0x17901d
1023	0x247f158	hotjoinlog	0x33c17e0	0x179036
1024	0x247f190	randomlog_stack	0x33c1900	0x17904f
1025	0x247f178	randomlog_frames	0x33c1a20	0x179068
1026	0x247f1b0	deep_sync_scan	0x33c1b40	0x179081
1027	0x247f1a0	entitygfx	0x33c1c60	0x17909a
1028	0x247f1d0	cameracontrolwidget	0x33c1d80	0x1790b3
1029	0x247f1c0	entity_instance	0x33c1ea0	0x1790cc
1030	0x247f1f8	entity_enable_sound	0x33c1fc0	0x1790e5
1031	0x247f1e8	camera_position	0x33c20e0	0x1790fe
1032	0x247f220	camera_zoom_limits	0x33c2200	0x179117
1033	0x247f210	camera_look_at	0x33c2320	0x179130
1034	0x247f248	camera_near_far	0x33c2440	0x179149
1035	0x247f238	realtime	0x33c2560	0x179162
1036	0x247f268	camera_fov_y_degrees	0x33c2680	0x17917b
1043	0x247f258	ai_posted	0x33c27a0	0x179194
1044	0x247f288	num64	0x33c28c0	0x1791ad
1045	0x247f280	msgr_id	0x33c29e0	0x1791c6
1046	0x247b4ec	dlcs	0x33c2b00	0x1791df
1047	0x247f2a0	categories	0x33c2c20	0x1791f8
1050	0x247f290	hide_if_unowned	0x33c2d40	0x179211
1051	0x247f2c8	change_landingpage	0x33c2e60	0x17922a
1052	0x247f2b0	hide_if_dlc_owned	0x33c2f80	0x179243
1053	0x247f2e8	recommendations	0x33c30a0	0x17925c
1054	0x247f2dc	show	0x33c31c0	0x179275
1055	0x247f310	microsoft_store_id	0x33c32e0	0x17928e
1056	0x247f2f8	affects_gameplay	0x33c3400	0x1792a7
1057	0x247f338	erosion_in	0x33c3520	0x1792c0
1058	0x247f328	erosion_out	0x33c3640	0x1792d9
1059	0x247f360	gog_store_id	0x33c3760	0x1792f2
1060	0x247f348	paradoxplaza_store_url	0x33c3880	0x17930b
1061	0x247f378	hide_unowned_content	0x33c39a0	0x179324
1062	0x247f370	not	0x33c3ac0	0x17933d
1063	0x247f39c	not_eq	0x33c3be0	0x179356
1064	0x247a920	renderer	0x33c3d00	0x17936f
1076	0x247f390	line_break	0x33c3e20	0x179388
1078	0x247f3b8	forbidden_start	0x33c3f40	0x1793a1
1079	0x247f3a8	randomcache	0x33c4060	0x1793ba
1080	0x247f3d8	inline_script	0x33c4180	0x1793d3
1082	0x247f3c8	editor_format	0x33c42a0	0x1793ec
1085	0x247f408	zip_checksum	0x33c43c0	0x179405
1086	0x247f3e8	respect_parent_boundaries	0x33c44e0	0x17941e
1087	0x247f438	precise_mouse_wheel	0x33c4600	0x179437
1088	0x247f418	mouse_wheel_acceleration	0x33c4720	0x179450
1089	0x247f468	mouse_wheel_base_speed	0x33c4840	0x179469
1090	0x247f450	smooth_scrolling	0x33c4960	0x179482
1091	0x247f490	concepts_show_missing_dlc	0x33c4a80	0x17949b
10000	0x247f480	hidden_effect	0x33c4ba0	0x1794b4
10001	0x247f4b0	custom_tooltip	0x33c4cc0	0x1794cd
10002	0x247f4ac	if	0x33c4de0	0x1794e6
10003	0x247f4d0	end_all_treaties_with	0x33c4f00	0x1794ff
10004	0x247f4c0	random_list	0x33c5020	0x179518
10005	0x247f4f8	locked_random_list	0x33c5140	0x179531
10006	0x247f4e8	remove_deposit	0x33c5260	0x17954a
10007	0x247f520	add_blocker	0x33c5380	0x179563
10008	0x247f510	set_owner	0x33c54a0	0x17957c
10009	0x247f548	unemploy_pop	0x33c55c0	0x179595
10010	0x247f530	check_planet_employment	0x33c56e0	0x1795ae
10011	0x247f570	change_species_portrait	0x33c5800	0x1795c7
10012	0x247f558	clear_pop_category	0x33c5920	0x1795e0
10013	0x247f5a0	add_random_non_blocker_deposit	0x33c5a40	0x1795f9
10014	0x247f588	remove_random_building	0x33c5b60	0x179612
10015	0x247f5d8	remove_all_buildings	0x33c5c80	0x17962b
10016	0x247f5c0	repair_all_buildings	0x33c5da0	0x179644
10017	0x247f610	downgrade_all_buildings	0x33c5ec0	0x17965d
10018	0x247f5f0	downgrade_buildings_of_type	0x33c5fe0	0x179676
10019	0x247f638	validate_and_repair_planet_buildings_and_districts	0x33c6100	0x17968f
10020	0x247f628	remove_holding	0x33c6220	0x1796a8
10021	0x247f680	reset_decline	0x33c6340	0x1796c1
10022	0x247f670	add_holding	0x33c6460	0x1796da
10023	0x247f6a0	give_technology	0x33c6580	0x1796f3
10024	0x247f690	add_building	0x33c66a0	0x17970c
10025	0x247f6c8	ruin_building	0x33c67c0	0x179725
10026	0x247f6b0	disable_building	0x33c68e0	0x17973e
10027	0x247f6f0	change_background_ethic	0x33c6a00	0x179757
10028	0x247f6d8	change_background_job	0x33c6b20	0x179770
10029	0x247f718	background_planet	0x33c6c40	0x179789
10030	0x247f708	background_job	0x33c6d60	0x1797a2
10031	0x247f748	add_planet_devastation	0x33c6e80	0x1797bb
10032	0x247f730	create_half_species	0x33c6fa0	0x1797d4
10033	0x247f778	set_immortal	0x33c70c0	0x1797ed
10034	0x247f760	freeze_leader_age	0x33c71e0	0x179806
10035	0x247f7a0	add_planet_modifier	0x33c7300	0x17981f
10036	0x247f788	add_country_modifier	0x33c7420	0x179838
10037	0x247f7d0	remove_planet_modifier	0x33c7540	0x179851
10038	0x247f7b8	calculate_modifier	0x33c7660	0x17986a
10039	0x247f800	establish_branch_office	0x33c7780	0x179883
10040	0x247f7e8	close_branch_office	0x33c78a0	0x17989c
10041	0x247f828	remove_country_modifier	0x33c79c0	0x1798b5
10042	0x247f818	clear_blockers	0x33c7ae0	0x1798ce
10043	0x247f858	set_built_species	0x33c7c00	0x1798e7
10044	0x247f840	set_first_contact_flag	0x33c7d20	0x179900
10045	0x247f888	set_situation_flag	0x33c7e40	0x179919
10046	0x247f870	set_agreement_flag	0x33c7f60	0x179932
10047	0x247f8b8	set_federation_flag	0x33c8080	0x17994b
10048	0x247f8a0	set_country_flag	0x33c81a0	0x179964
10049	0x247f8e8	set_country_code_flags	0x33c82c0	0x17997d
10050	0x247f8d0	set_faction_properties	0x33c83e0	0x179996
10051	0x247f918	set_planet_flag	0x33c8500	0x1799af
10052	0x247f900	set_carrier_flag	0x33c8620	0x1799c8
10053	0x247f938	set_fleet_flag	0x33c8740	0x1799e1
10054	0x247f928	set_ship_flag	0x33c8860	0x1799fa
10055	0x247f960	set_astral_rift_flag	0x33c8980	0x179a13
10056	0x247f948	set_mission_flag	0x33c8aa0	0x179a2c
10057	0x247f990	remove_first_contact_flag	0x33c8bc0	0x179a45
10058	0x247f978	remove_situation_flag	0x33c8ce0	0x179a5e
10059	0x247f9c8	remove_agreement_flag	0x33c8e00	0x179a77
10060	0x247f9b0	remove_federation_flag	0x33c8f20	0x179a90
10061	0x247f9f8	remove_country_flag	0x33c9040	0x179aa9
10062	0x247f9e0	remove_planet_flag	0x33c9160	0x179ac2
10063	0x247fa28	remove_carrier_flag	0x33c9280	0x179adb
10064	0x247fa10	remove_fleet_flag	0x33c93a0	0x179af4
10065	0x247fa58	remove_ship_flag	0x33c94c0	0x179b0d
10066	0x247fa40	remove_astral_rift_flag	0x33c95e0	0x179b26
10067	0x247fa80	remove_mission_flag	0x33c9700	0x179b3f
10068	0x247fa70	create_species	0x33c9820	0x179b58
10069	0x247faa8	create_country	0x33c9940	0x179b71
10070	0x247fa98	create_fleet	0x33c9a60	0x179b8a
10071	0x247fac8	create_random_fleet	0x33c9b80	0x179ba3
10072	0x247fab8	create_army	0x33c9ca0	0x179bbc
10073	0x247faf0	modify_army	0x33c9dc0	0x179bd5
10074	0x247fae0	set_location	0x33c9ee0	0x179bee
10075	0x247fb10	create_ship	0x33ca000	0x179c07
10076	0x247fb00	set_primitive	0x33ca120	0x179c20
10077	0x247fb30	set_awareness	0x33ca240	0x179c39
10078	0x247fb20	add_awareness	0x33ca360	0x179c52
10079	0x247fb58	create_pop	0x33ca480	0x179c6b
10080	0x247fb40	create_pop_group	0x33ca5a0	0x179c84
10081	0x247fb78	modify_development	0x33ca6c0	0x179c9d
10082	0x247fb68	create_colony	0x33ca7e0	0x179cb6
10083	0x247fba0	set_capital	0x33ca900	0x179ccf
10084	0x247fb90	change_pc	0x33caa20	0x179ce8
10085	0x247fbc0	start_terraform_process	0x33cab40	0x179d01
10086	0x247fbb0	set_star_class	0x33cac60	0x179d1a
10087	0x247fbe8	random_pop	0x33cad80	0x179d33
10088	0x247fbd8	kill_pop	0x33caea0	0x179d4c
10089	0x247fc08	kill_pop_group	0x33cafc0	0x179d65
10090	0x247fbf8	enslave_pop	0x33cb0e0	0x179d7e
10091	0x247fc28	destroy_colony	0x33cb200	0x179d97
10092	0x247fc18	add_experience	0x33cb320	0x179db0
10093	0x247fc48	create_faction	0x33cb440	0x179dc9
10094	0x247fc38	set_ring	0x33cb560	0x179de2
10095	0x247fc70	create_mining_station	0x33cb680	0x179dfb
10096	0x247fc58	create_research_station	0x33cb7a0	0x179e14
10097	0x247fc98	set_pop_flag	0x33cb8c0	0x179e2d
10098	0x247fc88	remove_pop_flag	0x33cb9e0	0x179e46
10099	0x247fcc0	set_pop_group_flag	0x33cbb00	0x179e5f
10100	0x247fca8	remove_pop_group_flag	0x33cbc20	0x179e78
10101	0x247fce8	set_name	0x33cbd40	0x179e91
10102	0x247fcd8	set_adjective	0x33cbe60	0x179eaa
10103	0x247fd08	set_ship_prefix	0x33cbf80	0x179ec3
10104	0x247fcf8	add_modifier	0x33cc0a0	0x179edc
10105	0x247fd28	unlock_random_tech	0x33cc1c0	0x179ef5
10106	0x247fd18	reduce_hp	0x33cc2e0	0x179f0e
10107	0x247fd50	reduce_hp_percent	0x33cc400	0x179f27
10108	0x247fd40	reduce_shield	0x33cc520	0x179f40
10109	0x247fd78	damage_ship	0x33cc640	0x179f59
10110	0x247fd68	damage_army	0x33cc760	0x179f72
10111	0x247fd98	repair_ship	0x33cc880	0x179f8b
10112	0x247fd88	set_surveyed	0x33cc9a0	0x179fa4
10113	0x247fdb8	set_visited	0x33ccac0	0x179fbd
10114	0x247fda8	destroy_country	0x33ccbe0	0x179fd6
10115	0x247fdd8	set_variable	0x33ccd00	0x179fef
10116	0x247fdc8	clear_variable	0x33cce20	0x17a008
10117	0x247fdf8	round_variable	0x33ccf40	0x17a021
10118	0x247fde8	floor_variable	0x33cd060	0x17a03a
10119	0x247fe28	ceiling_variable	0x33cd180	0x17a053
10120	0x247fe08	export_modifier_to_variable	0x33cd2a0	0x17a06c
10121	0x247fe68	export_modifier_duration_to_variable	0x33cd3c0	0x17a085
10122	0x247fe40	export_trigger_value_to_variable	0x33cd4e0	0x17a09e
10123	0x247feb8	export_resource_stockpile_to_variable	0x33cd600	0x17a0b7
10124	0x247fe90	export_resource_income_to_variable	0x33cd720	0x17a0d0
10125	0x247ff00	export_resource_maximum_to_variable	0x33cd840	0x17a0e9
10126	0x247fee0	set_variable_to_random_value	0x33cd960	0x17a102
10127	0x247ff38	remove_global_flag	0x33cda80	0x17a11b
10128	0x247ff28	set_global_flag	0x33cdba0	0x17a134
10129	0x247ff68	change_variable	0x33cdcc0	0x17a14d
10130	0x247ff50	every_galaxy_pop	0x33cdde0	0x17a166
10131	0x247ff90	add_pop_modifier	0x33cdf00	0x17a17f
10132	0x247ff78	remove_pop_modifier	0x33ce020	0x17a198
10133	0x247ffc0	encounter_species	0x33ce140	0x17a1b1
10134	0x247ffa8	change_pop_species	0x33ce260	0x17a1ca
10135	0x247ffe8	set_event_locked	0x33ce380	0x17a1e3
10136	0x247ffd8	clear_orders	0x33ce4a0	0x17a1fc
10137	0x2480010	order_forced_return	0x33ce5c0	0x17a215
10138	0x2480000	declare_war	0x33ce6e0	0x17a22e
10139	0x2480040	set_star_flag	0x33ce800	0x17a247
10140	0x2480028	remove_star_flag	0x33ce920	0x17a260
10141	0x2480068	set_army_flag	0x33cea40	0x17a279
10142	0x2480050	set_deposit_flag	0x33ceb60	0x17a292
10143	0x2480090	set_war_flag	0x33cec80	0x17a2ab
10144	0x2480078	set_starbase_flag	0x33ceda0	0x17a2c4
10145	0x24800b8	set_sector_flag	0x33ceec0	0x17a2dd
10146	0x24800a0	set_archaeology_flag	0x33cefe0	0x17a2f6
10147	0x24800e8	set_spynetwork_flag	0x33cf100	0x17a30f
10148	0x24800c8	set_espionage_asset_flag	0x33cf220	0x17a328
10149	0x2480118	remove_army_flag	0x33cf340	0x17a341
10150	0x2480100	remove_deposit_flag	0x33cf460	0x17a35a
10151	0x2480148	remove_war_flag	0x33cf580	0x17a373
10152	0x2480130	remove_starbase_flag	0x33cf6a0	0x17a38c
10153	0x2480170	remove_sector_flag	0x33cf7c0	0x17a3a5
10154	0x2480158	remove_archaeology_flag	0x33cf8e0	0x17a3be
10155	0x24801a8	remove_spynetwork_flag	0x33cfa00	0x17a3d7
10156	0x2480188	remove_espionage_asset_flag	0x33cfb20	0x17a3f0
10157	0x24801d0	set_spawn_system_batch	0x33cfc40	0x17a409
10158	0x24801c0	spawn_system	0x33cfd60	0x17a422
10159	0x24801f8	authorize_spawn_on_galactic_core	0x33cfe80	0x17a43b
10160	0x24801e8	create_nebula	0x33cffa0	0x17a454
10161	0x2480238	dismantle	0x33d00c0	0x17a46d
10162	0x2480220	create_mod_species	0x33d01e0	0x17a486
10163	0x248025c	is_mod	0x33d0300	0x17a49f
10164	0x2480248	set_advisor_active	0x33d0420	0x17a4b8
10165	0x2480288	unlock_tech_group	0x33d0540	0x17a4d1
10166	0x2480268	unlock_random_tech_group_tech	0x33d0660	0x17a4ea
10167	0x24802c0	save_event_target_as	0x33d0780	0x17a503
10168	0x24802a0	save_global_event_target_as	0x33d08a0	0x17a51c
10169	0x24802f8	clear_global_event_target	0x33d09c0	0x17a535
10170	0x24802d8	clear_global_event_targets	0x33d0ae0	0x17a54e
10171	0x2480338	store_country_backup_data	0x33d0c00	0x17a567
10172	0x2480318	restore_country_backup_data	0x33d0d20	0x17a580
10173	0x248036c	break	0x33d0e40	0x17a599
10174	0x2480358	set_tutorial_level	0x33d0f60	0x17a5b2
10175	0x2480388	begin_event_chain	0x33d1080	0x17a5cb
10176	0x2480378	end_event_chain	0x33d11a0	0x17a5e4
10177	0x24803b8	queue_actions	0x33d12c0	0x17a5fd
10178	0x24803a0	clear_fleet_actions	0x33d13e0	0x17a616
10179	0x24803e8	destroy_fleet	0x33d1500	0x17a62f
10180	0x24803c8	destroy_and_spawn_debris_for	0x33d1620	0x17a648
10181	0x2480410	destroy_fleet_naval_cap	0x33d1740	0x17a661
10182	0x24803f8	delete_fleet_naval_cap	0x33d1860	0x17a67a
10183	0x2480440	create_ambient_object	0x33d1980	0x17a693
10184	0x2480428	destroy_ambient_object	0x33d1aa0	0x17a6ac
10185	0x2480468	in_system	0x33d1bc0	0x17a6c5
10186	0x2480458	out_system	0x33d1ce0	0x17a6de
10187	0x2480488	add_trait	0x33d1e00	0x17a6f7
10188	0x2480478	remove_trait	0x33d1f20	0x17a710
10189	0x24804b8	remove_all_negative_traits	0x33d2040	0x17a729
10190	0x2480498	remove_all_positive_traits	0x33d2160	0x17a742
10191	0x24804e8	remove_all_traits	0x33d2280	0x17a75b
10192	0x24804d8	modify_species	0x33d23a0	0x17a774
10193	0x2480518	add_opinion_modifier	0x33d24c0	0x17a78d
10194	0x2480500	establish_contact	0x33d25e0	0x17a7a6
10195	0x2480540	set_hostile	0x33d2700	0x17a7bf
10196	0x2480530	set_neutral	0x33d2820	0x17a7d8
10197	0x2480568	set_friendly	0x33d2940	0x17a7f1
10198	0x2480550	set_faction_hostility	0x33d2a60	0x17a80a
10199	0x2480590	friendly	0x33d2b80	0x17a823
10200	0x2480578	set_market_leader	0x33d2ca0	0x17a83c
10201	0x24805b0	add_event_chain_counter	0x33d2dc0	0x17a855
10202	0x24805a0	add_anomaly	0x33d2ee0	0x17a86e
10203	0x24805e0	set_disable_at_health	0x33d3000	0x17a887
10204	0x24805c8	random_existing_design	0x33d3120	0x17a8a0
10205	0x2480608	add_building_construction	0x33d3240	0x17a8b9
10206	0x24805f8	set_building	0x33d3360	0x17a8d2
10207	0x2480638	remove_building	0x33d3480	0x17a8eb
10208	0x2480628	add_zone	0x33d35a0	0x17a904
10209	0x2480658	change_planet_size	0x33d36c0	0x17a91d
10210	0x2480648	set_blocker	0x33d37e0	0x17a936
10211	0x2480688	remove_blocker	0x33d3900	0x17a94f
10212	0x2480670	set_policy_cooldown	0x33d3a20	0x17a968
10213	0x24806b8	reset_policy_cooldowns	0x33d3b40	0x17a981
10214	0x2480698	create_point_of_interest	0x33d3c60	0x17a99a
10215	0x24806e8	remove_point_of_interest	0x33d3d80	0x17a9b3
10216	0x24806d0	set_relation_flag	0x33d3ea0	0x17a9cc
10217	0x2480718	remove_relation_flag	0x33d3fc0	0x17a9e5
10218	0x2480708	kill_leader	0x33d40e0	0x17a9fe
10219	0x2480748	assign_leader	0x33d4200	0x17aa17
10220	0x2480730	set_years_served	0x33d4320	0x17aa30
10221	0x2480770	country_add_ethic	0x33d4440	0x17aa49
10222	0x2480758	country_remove_ethic	0x33d4560	0x17aa62
10223	0x24807a8	set_timed_first_contact_flag	0x33d4680	0x17aa7b
10224	0x2480788	set_timed_situation_flag	0x33d47a0	0x17aa94
10225	0x24807e8	set_timed_agreement_flag	0x33d48c0	0x17aaad
10226	0x24807c8	set_timed_federation_flag	0x33d49e0	0x17aac6
10227	0x2480820	set_timed_country_flag	0x33d4b00	0x17aadf
10228	0x2480808	set_timed_fleet_flag	0x33d4c20	0x17aaf8
10229	0x2480850	set_timed_global_flag	0x33d4d40	0x17ab11
10230	0x2480838	set_timed_planet_flag	0x33d4e60	0x17ab2a
10231	0x2480880	set_timed_carrier_flag	0x33d4f80	0x17ab43
10232	0x2480868	set_timed_pop_flag	0x33d50a0	0x17ab5c
10233	0x24808b0	set_timed_pop_group_flag	0x33d51c0	0x17ab75
10234	0x2480898	set_timed_relation_flag	0x33d52e0	0x17ab8e
10235	0x24808e8	set_timed_ship_flag	0x33d5400	0x17aba7
10236	0x24808d0	set_timed_star_flag	0x33d5520	0x17abc0
10237	0x2480918	set_timed_army_flag	0x33d5640	0x17abd9
10238	0x2480900	set_timed_deposit_flag	0x33d5760	0x17abf2
10239	0x2480948	set_timed_war_flag	0x33d5880	0x17ac0b
10240	0x2480930	set_timed_starbase_flag	0x33d59a0	0x17ac24
10241	0x2480980	set_timed_sector_flag	0x33d5ac0	0x17ac3d
10242	0x2480960	set_timed_archaeology_flag	0x33d5be0	0x17ac56
10243	0x24809b8	set_timed_spynetwork_flag	0x33d5d00	0x17ac6f
10244	0x2480998	set_timed_espionage_asset_flag	0x33d5e20	0x17ac88
10245	0x24809e0	set_saved_date	0x33d5f40	0x17aca1
10246	0x24809d4	purge	0x33d6060	0x17acba
10247	0x2480a08	set_planet_max_health	0x33d6180	0x17acd3
10248	0x24809f0	set_planet_health	0x33d62a0	0x17acec
10249	0x2480a30	has_mission	0x33d63c0	0x17ad05
10250	0x2480a20	remove_modifier	0x33d64e0	0x17ad1e
10251	0x2480a58	add_ship_design	0x33d6600	0x17ad37
10252	0x2480a40	add_mission_progress	0x33d6720	0x17ad50
10253	0x2480a78	create_army_transport	0x33d6840	0x17ad69
10254	0x2480a68	army_leader	0x33d6960	0x17ad82
10255	0x2480aa0	army_name	0x33d6a80	0x17ad9b
10256	0x2480a90	ship_name	0x33d6ba0	0x17adb4
10257	0x2480ac8	initial_module	0x33d6cc0	0x17adcd
10258	0x2480ab0	set_spaceport_level	0x33d6de0	0x17ade6
10259	0x247a830	invalid	0x33d6f00	0x17adff
10260	0x2480ae4	switch	0x33d7020	0x17ae18
10261	0x2480ad8	num_fleets	0x33d7140	0x17ae31
10262	0x2480b00	num_ships	0x33d7260	0x17ae4a
10263	0x2480af0	on_create	0x33d7380	0x17ae63
10264	0x2480b20	set_pop_faction	0x33d74a0	0x17ae7c
10265	0x2480b10	set_militancy	0x33d75c0	0x17ae95
10266	0x2480b48	add_militancy	0x33d76e0	0x17aeae
10267	0x2480b30	create_pop_faction	0x33d7800	0x17aec7
10268	0x2480b68	add_support	0x33d7920	0x17aee0
10269	0x2480b58	set_support	0x33d7a40	0x17aef9
10270	0x2480b90	set_graphical_culture	0x33d7b60	0x17af12
10271	0x2480b78	set_formation_scale	0x33d7c80	0x17af2b
10272	0x2480bc8	set_controller	0x33d7da0	0x17af44
10273	0x2480ba8	force_faction_evaluation	0x33d7ec0	0x17af5d
10274	0x2480bf0	enable_faction_of_type	0x33d7fe0	0x17af76
10275	0x2480bd8	clear_uncharted_space	0x33d8100	0x17af8f
10276	0x2480c28	establish_communications	0x33d8220	0x17afa8
10277	0x2480c08	add_monthly_resource_mult	0x33d8340	0x17afc1
10278	0x2480c60	set_leader_flag	0x33d8460	0x17afda
10279	0x2480c48	remove_leader_flag	0x33d8580	0x17aff3
10280	0x2480c80	add_research_option	0x33d86a0	0x17b00c
10281	0x2480c70	load_parameters	0x33d87c0	0x17b025
10282	0x2480ca8	set_heir	0x33d88e0	0x17b03e
10283	0x2480c98	research_leader	0x33d8a00	0x17b057
10284	0x2480cc8	leave_alliance	0x33d8b20	0x17b070
10285	0x2480cb8	set_policy	0x33d8c40	0x17b089
10286	0x2480ce8	recruitable	0x33d8d60	0x17b0a2
10287	0x2480cd8	has_fleet_order	0x33d8e80	0x17b0bb
10288	0x2480d08	closest_system	0x33d8fa0	0x17b0d4
10289	0x2480cf8	set_vassal_of	0x33d90c0	0x17b0ed
10290	0x2480d30	has_country_strategic_resource	0x33d91e0	0x17b106
10291	0x2480d18	has_orbital_station	0x33d9300	0x17b11f
10292	0x2480d70	set_ambient_object_flag	0x33d9420	0x17b138
10293	0x2480d50	set_timed_ambient_object_flag	0x33d9540	0x17b151
10294	0x2480d98	remove_ambient_object_flag	0x33d9660	0x17b16a
10295	0x2480d88	set_aggro_range	0x33d9780	0x17b183
10296	0x2480dc8	set_fleet_stance	0x33d98a0	0x17b19c
10297	0x2480db8	add_favors	0x33d99c0	0x17b1b5
10298	0x2480e00	remove_favors	0x33d9ae0	0x17b1ce
10299	0x2480de0	set_aggro_range_measure_from	0x33d9c00	0x17b1e7
10300	0x2480e38	set_ruined	0x33d9d20	0x17b200
10301	0x2480e10	establish_communications_no_message	0x33d9e40	0x17b219
10302	0x2480e58	remove_war_participant	0x33d9f60	0x17b232
10303	0x2480e48	set_subject_of	0x33da080	0x17b24b
10304	0x2480e80	unassign_leader	0x33da1a0	0x17b264
10305	0x2480e70	exile_leader_as	0x33da2c0	0x17b27d
10306	0x2480ea0	set_leader	0x33da3e0	0x17b296
10307	0x2480e90	add_skill	0x33da500	0x17b2af
10308	0x2480ec8	set_skill	0x33da620	0x17b2c8
10309	0x2480eb0	set_federation_leader	0x33da740	0x17b2e1
10310	0x2480ee8	add_colony_progress	0x33da860	0x17b2fa
10311	0x2480ed8	start_colony	0x33da980	0x17b313
10312	0x2480f18	subtract_variable	0x33daaa0	0x17b32c
10313	0x2480f00	multiply_variable	0x33dabc0	0x17b345
10314	0x2480f40	divide_variable	0x33dace0	0x17b35e
10315	0x2480f30	modulo_variable	0x33dae00	0x17b377
10316	0x2480f60	round_variable_to_closest	0x33daf20	0x17b390
10317	0x2480f50	play_sound	0x33db040	0x17b3a9
10318	0x2480f98	set_crisis_sound	0x33db160	0x17b3c2
10319	0x2480f80	stop_crisis_sound	0x33db280	0x17b3db
10320	0x2480fc0	multiply_crisis_strength	0x33db3a0	0x17b3f4
10321	0x2480fb0	force_add_civic	0x33db4c0	0x17b40d
10322	0x2481000	force_remove_civic	0x33db5e0	0x17b426
10323	0x2480fe0	force_remove_civic_by_index	0x33db700	0x17b43f
10324	0x2481028	set_origin	0x33db820	0x17b458
10325	0x2481018	crisis_sound	0x33db940	0x17b471
10326	0x2481058	set_gender	0x33dba60	0x17b48a
10327	0x2481038	copy_flags_and_variables_from	0x33dbb80	0x17b4a3
10328	0x2481088	reroll_random	0x33dbca0	0x17b4bc
10329	0x2481068	create_fleet_from_naval_cap	0x33dbdc0	0x17b4d5
10330	0x24810a8	remove_opinion_modifier	0x33dbee0	0x17b4ee
10331	0x2481098	set_war_goal	0x33dc000	0x17b507
10332	0x24810d0	change_country_flag	0x33dc120	0x17b520
10333	0x24810c0	add_threat	0x33dc240	0x17b539
10334	0x24810f8	debug_scope_type	0x33dc360	0x17b552
10335	0x24810e8	set_mission	0x33dc480	0x17b56b
10336	0x2481128	remove_spaceport_module	0x33dc5a0	0x17b584
10337	0x2481110	change_dominant_species	0x33dc6c0	0x17b59d
10338	0x2481150	end_rivalry	0x33dc7e0	0x17b5b6
10339	0x2481140	set_truce	0x33dc900	0x17b5cf
10340	0x2481178	end_truce	0x33dca20	0x17b5e8
10341	0x2481160	set_species_flag	0x33dcb40	0x17b601
10342	0x24811a0	set_timed_species_flag	0x33dcc60	0x17b61a
10343	0x2481188	remove_species_flag	0x33dcd80	0x17b633
10344	0x24811d0	auto_move_to_planet	0x33dcea0	0x17b64c
10345	0x24811b8	remove_auto_move_target	0x33dcfc0	0x17b665
10346	0x2481200	auto_follow_fleet	0x33dd0e0	0x17b67e
10347	0x24811e8	set_closed_borders	0x33dd200	0x17b697
10348	0x2481230	repair_percentage	0x33dd320	0x17b6b0
10349	0x2481218	repair_armor_percentage	0x33dd440	0x17b6c9
10350	0x2481258	endgame_telemetry	0x33dd560	0x17b6e2
10351	0x2481248	set_deposit	0x33dd680	0x17b6fb
10352	0x2481280	randomize_flag_symbol	0x33dd7a0	0x17b714
10353	0x2481270	add_claims	0x33dd8c0	0x17b72d
10354	0x24812b0	remove_claims	0x33dd9e0	0x17b746
10355	0x2481298	alexivan_effect_token_8	0x33ddb00	0x17b75f
10356	0x24812d8	alexivan_effect_token_9	0x33ddc20	0x17b778
10357	0x24812c0	create_military_fleet	0x33ddd40	0x17b791
10358	0x2481300	scaled_size	0x33dde60	0x17b7aa
10359	0x24812f0	namelist	0x33ddf80	0x17b7c3
10360	0x2481328	random_class	0x33de0a0	0x17b7dc
10361	0x2481310	guarantee_country	0x33de1c0	0x17b7f5
10362	0x2481348	set_species_homeworld	0x33de2e0	0x17b80e
10363	0x2481338	clear_resources	0x33de400	0x17b827
10364	0x2481370	reroll_planet_modifiers	0x33de520	0x17b840
10365	0x2481360	reroll_blockers	0x33de640	0x17b859
10366	0x2481398	reroll_deposits	0x33de760	0x17b872
10367	0x2481388	delete_fleet	0x33de880	0x17b88b
10368	0x24813b8	delete_dimensional_fleet	0x33de9a0	0x17b8a4
10369	0x24813a8	add_trust	0x33deac0	0x17b8bd
10370	0x24813e8	add_tradition	0x33debe0	0x17b8d6
10371	0x24813d8	join_war	0x33ded00	0x17b8ef
10372	0x2481410	add_global_ship_design	0x33dee20	0x17b908
10373	0x24813f8	set_timed_leader_flag	0x33def40	0x17b921
10374	0x2481430	set_species_identity	0x33df060	0x17b93a
10375	0x2481428	new	0x33df180	0x17b953
10376	0x2481458	pop_force_add_ethic	0x33df2a0	0x17b96c
10377	0x2481448	set_empire_name	0x33df3c0	0x17b985
10378	0x2481480	set_empire_flag	0x33df4e0	0x17b99e
10379	0x2481470	set_planet_name	0x33df600	0x17b9b7
10380	0x24814a0	set_fleet_formation	0x33df720	0x17b9d0
10381	0x2481490	build_pop	0x33df840	0x17b9e9
10382	0x24814c8	create_message	0x33df960	0x17ba02
10383	0x24814b8	set_halted	0x33dfa80	0x17ba1b
10384	0x24814f0	offset_angle	0x33dfba0	0x17ba34
10385	0x24814d8	create_megastructure	0x33dfcc0	0x17ba4d
10386	0x2481518	upgrade_megastructure_to	0x33dfde0	0x17ba66
10387	0x2481500	set_planet_entity	0x33dff00	0x17ba7f
10388	0x2481550	remove_planet	0x33e0020	0x17ba98
10389	0x2481538	set_megastructure_flag	0x33e0140	0x17bab1
10390	0x2481580	set_timed_megastructure_flag	0x33e0260	0x17baca
10391	0x2481560	remove_megastructure_flag	0x33e0380	0x17bae3
10392	0x24815b0	destroy_ship	0x33e04a0	0x17bafc
10393	0x24815a0	delete_ship	0x33e05c0	0x17bb15
10394	0x24815d8	change_species	0x33e06e0	0x17bb2e
10395	0x24815c0	change_leader_portrait	0x33e0800	0x17bb47
10396	0x2481600	change_leader_class	0x33e0920	0x17bb60
10397	0x24815e8	copy_orbital_tile	0x33e0a40	0x17bb79
10398	0x2481630	resettle_pop	0x33e0b60	0x17bb92
10399	0x2481618	set_citizenship_type	0x33e0c80	0x17bbab
10400	0x2481650	set_military_service_type	0x33e0da0	0x17bbc4
10401	0x2481640	set_purge_type	0x33e0ec0	0x17bbdd
10402	0x2481688	set_slavery_type	0x33e0fe0	0x17bbf6
10403	0x2481670	set_population_controls	0x33e1100	0x17bc0f
10404	0x24816c0	set_migration_controls	0x33e1220	0x17bc28
10405	0x24816a0	set_colonization_controls	0x33e1340	0x17bc41
10406	0x24816e8	set_living_standard	0x33e1460	0x17bc5a
10407	0x24816d8	shift_ethic	0x33e1580	0x17bc73
10408	0x2481710	pop_change_ethic	0x33e16a0	0x17bc8c
10409	0x2481700	clear_ethos	0x33e17c0	0x17bca5
10410	0x2481740	clear_planet_modifiers	0x33e18e0	0x17bcbe
10411	0x2481728	remove_all_armies	0x33e1a00	0x17bcd7
10412	0x2481768	mutate_species	0x33e1b20	0x17bcf0
10413	0x2481758	rename_species	0x33e1c40	0x17bd09
10414	0x2481790	prompt_country	0x33e1d60	0x17bd22
10415	0x2481778	reset_years_of_peace	0x33e1e80	0x17bd3b
10416	0x24817b0	remove_secret_fealty	0x33e1fa0	0x17bd54
10417	0x24817a0	clear_relations	0x33e20c0	0x17bd6d
10418	0x24817e0	set_agreement_terms	0x33e21e0	0x17bd86
10419	0x24817c8	set_agreement_preset	0x33e2300	0x17bd9f
10420	0x2481808	on_destroy	0x33e2420	0x17bdb8
10421	0x24817f8	on_repaired	0x33e2540	0x17bdd1
10422	0x2481838	keep_buildings	0x33e2660	0x17bdea
10423	0x2481818	add_notification_modifier	0x33e2780	0x17be03
10424	0x2481868	remove_notification_modifier	0x33e28a0	0x17be1c
10425	0x2481848	set_city_graphical_culture	0x33e29c0	0x17be35
10426	0x24818a8	set_player	0x33e2ae0	0x17be4e
10427	0x2481888	change_species_characteristics	0x33e2c00	0x17be67
10428	0x24818c8	copy_techs_from	0x33e2d20	0x17be80
10429	0x24818b8	create_bypass	0x33e2e40	0x17be99
10430	0x24818e8	activate_gateway	0x33e2f60	0x17beb2
10431	0x24818d8	coords_from	0x33e3080	0x17becb
10432	0x2481918	spawn_natural_wormhole	0x33e31a0	0x17bee4
10433	0x2481900	graphics_entity_name	0x33e32c0	0x17befd
10434	0x2481940	link_wormholes	0x33e33e0	0x17bf16
10435	0x2481930	in_place_of	0x33e3500	0x17bf2f
10436	0x2481968	spawn_astral_rift	0x33e3620	0x17bf48
10437	0x2481950	destroy_astral_rift	0x33e3740	0x17bf61
10438	0x2481990	relative_to	0x33e3860	0x17bf7a
10439	0x2481980	create_starbase	0x33e3980	0x17bf93
10440	0x24819b8	set_starbase_size	0x33e3aa0	0x17bfac
10441	0x24819a0	set_starbase_module	0x33e3bc0	0x17bfc5
10442	0x24819e8	set_starbase_building	0x33e3ce0	0x17bfde
10443	0x24819d0	remove_starbase_module	0x33e3e00	0x17bff7
10444	0x2481a10	remove_starbase_building	0x33e3f20	0x17c010
10445	0x2481a00	add_casus_belli	0x33e4040	0x17c029
10446	0x2481a38	get_galaxy_setup_value	0x33e4160	0x17c042
10447	0x2481a30	setting	0x33e4280	0x17c05b
10448	0x2481a60	scale_by	0x33e43a0	0x17c074
10449	0x2481a50	finish_upgrade	0x33e44c0	0x17c08d
10450	0x2481a88	effect_on_blob	0x33e45e0	0x17c0a6
10451	0x2481a70	add_seen_bypass_type	0x33e4700	0x17c0bf
10452	0x2481ab8	add_seen_bypass	0x33e4820	0x17c0d8
10453	0x2481a98	set_fleet_bombardment_stance	0x33e4940	0x17c0f1
10454	0x2481ae0	on_pre_explore	0x33e4a60	0x17c10a
10455	0x2481ac8	set_starbase_owner	0x33e4b80	0x17c123
10456	0x2481b10	check_casus_belli_valid	0x33e4ca0	0x17c13c
10457	0x2481af0	copy_ethos_and_authority	0x33e4dc0	0x17c155
10458	0x2481b38	randomize_ethos	0x33e4ee0	0x17c16e
10459	0x2481b28	clone_leader	0x33e5000	0x17c187
10460	0x2481b58	set_home_base	0x33e5120	0x17c1a0
10461	0x2481b48	add_hyperlane	0x33e5240	0x17c1b9
10462	0x2481b70	remove_hyperlane	0x33e5360	0x17c1d2
10463	0x2481b68	else_if	0x33e5480	0x17c1eb
10464	0x2481ba0	create_saved_leader	0x33e55a0	0x17c204
10465	0x2481b88	remove_saved_leader	0x33e56c0	0x17c21d
10466	0x2481bd0	activate_saved_leader	0x33e57e0	0x17c236
10467	0x2481bb8	set_diplomacy_stance	0x33e5900	0x17c24f
10468	0x2481bf8	move_pop	0x33e5a20	0x17c268
10469	0x2481be8	add_relic	0x33e5b40	0x17c281
10470	0x2481c20	remove_relic	0x33e5c60	0x17c29a
10471	0x2481c08	delete_megastructure	0x33e5d80	0x17c2b3
10472	0x2481c48	add_random_research_option	0x33e5ea0	0x17c2cc
10473	0x2481c30	copy_random_tech_from	0x33e5fc0	0x17c2e5
10474	0x2481c80	add_asteroids_distance	0x33e60e0	0x17c2fe
10475	0x2481c68	add_asteroid_belt	0x33e6200	0x17c317
10476	0x2481cc0	set_asteroid_belt	0x33e6320	0x17c330
10477	0x2481c98	fleet_action_research_special_project	0x33e6440	0x17c349
10478	0x2481cf0	remove_random_district	0x33e6560	0x17c362
10479	0x2481cd8	remove_all_districts	0x33e6680	0x17c37b
10480	0x2481d18	remove_district	0x33e67a0	0x17c394
10481	0x2481d08	add_district	0x33e68c0	0x17c3ad
10482	0x2481d40	enable_on_market	0x33e69e0	0x17c3c6
10483	0x2481d28	enable_galactic_market	0x33e6b00	0x17c3df
10484	0x2481d78	add_timed_trait	0x33e6c20	0x17c3f8
10485	0x2481d58	set_planetary_ascension_tier	0x33e6d40	0x17c411
10486	0x2481da8	create_archaeological_site	0x33e6e60	0x17c42a
10487	0x2481d88	destroy_archaeological_site	0x33e6f80	0x17c443
10488	0x2481de8	add_starbase_component	0x33e70a0	0x17c45c
10489	0x2481dc8	remove_starbase_component	0x33e71c0	0x17c475
10490	0x2481e20	add_stage_clues	0x33e72e0	0x17c48e
10491	0x2481e00	add_expedition_log_entry	0x33e7400	0x17c4a7
10492	0x2481e48	reset_current_stage	0x33e7520	0x17c4c0
10493	0x2481e30	set_current_stage	0x33e7640	0x17c4d9
10494	0x2481e70	finish_current_stage	0x33e7760	0x17c4f2
10495	0x2481e60	finish_site	0x33e7880	0x17c50b
10496	0x2481ea8	set_site_progress_locked	0x33e79a0	0x17c524
10497	0x2481e88	advanced_authority_refresh	0x33e7ac0	0x17c53d
10498	0x2481ee8	refresh_species_rights	0x33e7be0	0x17c556
10499	0x2481ec8	custom_tooltip_with_params	0x33e7d00	0x17c56f
10500	0x2481f20	set_federation_law	0x33e7e20	0x17c588
10501	0x2481f00	add_to_galactic_community	0x33e7f40	0x17c5a1
10502	0x2481f58	add_to_galactic_community_no_message	0x33e8060	0x17c5ba
10503	0x2481f38	remove_from_galactic_community	0x33e8180	0x17c5d3
10504	0x2481fa0	add_to_galactic_council	0x33e82a0	0x17c5ec
10505	0x2481f80	remove_from_galactic_council	0x33e83c0	0x17c605
10506	0x2481fc8	remove_from_empire_council	0x33e84e0	0x17c61e
10507	0x2481fb8	steal_relic	0x33e8600	0x17c637
10508	0x2482008	country_list_tooltip	0x33e8720	0x17c650
10509	0x2481fe8	owned_planet_list_tooltip	0x33e8840	0x17c669
10510	0x2482040	owned_pop_faction_list_tooltip	0x33e8960	0x17c682
10511	0x2482020	owned_leader_list_tooltip	0x33e8a80	0x17c69b
10512	0x2482070	owned_fleet_list_tooltip	0x33e8ba0	0x17c6b4
10513	0x2482060	set_cooldown	0x33e8cc0	0x17c6cd
10514	0x24820a8	add_federation_experience	0x33e8de0	0x17c6e6
10515	0x2482090	set_federation_type	0x33e8f00	0x17c6ff
10516	0x24820e8	set_federation_succession_type	0x33e9020	0x17c718
10517	0x24820c8	set_federation_succession_term	0x33e9140	0x17c731
10518	0x2482128	set_only_leader_builds_fleets	0x33e9260	0x17c74a
10519	0x2482108	set_allow_subjects_to_join	0x33e9380	0x17c763
10520	0x2482168	set_equal_voting_power	0x33e94a0	0x17c77c
10521	0x2482148	set_diplomacy_action_setting	0x33e95c0	0x17c795
10522	0x2482198	set_free_migration	0x33e96e0	0x17c7ae
10523	0x2482180	set_federation_settings	0x33e9800	0x17c7c7
10524	0x24821c8	add_associate_member	0x33e9920	0x17c7e0
10525	0x24821b0	remove_associate_member	0x33e9a40	0x17c7f9
10526	0x24821f8	add_cohesion	0x33e9b60	0x17c812
10527	0x24821e0	set_council_size	0x33e9c80	0x17c82b
10528	0x2482220	increase_council_size	0x33e9da0	0x17c844
10529	0x2482208	decrease_council_size	0x33e9ec0	0x17c85d
10530	0x2482258	set_council_veto	0x33e9fe0	0x17c876
10531	0x2482238	set_council_emergency_measures	0x33ea100	0x17c88f
10532	0x2482290	add_permanent_councillor	0x33ea220	0x17c8a8
10533	0x2482270	remove_permanent_councillor	0x33ea340	0x17c8c1
10534	0x24822c8	add_loyalty	0x33ea460	0x17c8da
10535	0x24822b0	set_sector_capital	0x33ea580	0x17c8f3
10536	0x24822e8	set_sector_focus	0x33ea6a0	0x17c90c
10537	0x24822d8	set_colony_type	0x33ea7c0	0x17c925
10538	0x2482318	set_male_ruler_title	0x33ea8e0	0x17c93e
10539	0x2482300	set_female_ruler_title	0x33eaa00	0x17c957
10540	0x2482348	set_male_heir_title	0x33eab20	0x17c970
10541	0x2482330	set_female_heir_title	0x33eac40	0x17c989
10542	0x2482370	clear_custom_ruler_and_heir_titles	0x33ead60	0x17c9a2
10543	0x2482360	district_type	0x33eae80	0x17c9bb
10544	0x24823b0	ignore_cap	0x33eafa0	0x17c9d4
10545	0x2482398	government_restrictions	0x33eb0c0	0x17c9ed
10546	0x24823d8	complete_special_project	0x33eb1e0	0x17ca06
10547	0x24823c0	set_government_cooldown	0x33eb300	0x17ca1f
10548	0x2482408	change_colony_foundation_date	0x33eb420	0x17ca38
10549	0x24823f8	log_error	0x33eb540	0x17ca51
10550	0x2482438	add_intel	0x33eb660	0x17ca6a
10551	0x2482428	appear_state	0x33eb780	0x17ca83
10552	0x2482460	fire_on_action	0x33eb8a0	0x17ca9c
10553	0x2482448	set_first_contact_stage	0x33eb9c0	0x17cab5
10554	0x2482478	finish_current_operation_stage	0x33ebae0	0x17cace
10555	0x2482470	set_mia	0x33ebc00	0x17cae7
10556	0x24824a8	set_mia_return_delay	0x33ebd20	0x17cb00
10557	0x2482498	return_from_mia	0x33ebe40	0x17cb19
10558	0x24824d8	create_espionage_asset	0x33ebf60	0x17cb32
10559	0x24824c0	destroy_espionage_asset	0x33ec080	0x17cb4b
10560	0x2482510	set_espionage_operation_progress_locked	0x33ec1a0	0x17cb64
10561	0x24824f0	unassign_espionage_asset	0x33ec2c0	0x17cb7d
10562	0x2482550	abort_current_operation	0x33ec3e0	0x17cb96
10563	0x2482538	assign_espionage_asset	0x33ec500	0x17cbaf
10564	0x2482588	select_crisis_path	0x33ec620	0x17cbc8
10565	0x2482568	set_espionage_operation_flag	0x33ec740	0x17cbe1
10566	0x24825b0	remove_espionage_operation_flag	0x33ec860	0x17cbfa
10567	0x24825a0	set_design_flag	0x33ec980	0x17cc13
10568	0x24825e8	remove_design_flag	0x33ecaa0	0x17cc2c
10569	0x24825d0	unlock_menace_perk	0x33ecbc0	0x17cc45
10570	0x2482618	complete_crisis_objective	0x33ecce0	0x17cc5e
10571	0x2482600	deactivate_effect	0x33ece00	0x17cc77
10572	0x2482648	deactivate_menace_perk	0x33ecf20	0x17cc90
10573	0x2482638	start_situation	0x33ed040	0x17cca9
10574	0x2482678	espionage_operation_event	0x33ed160	0x17ccc2
10575	0x2482660	join_war_on_side	0x33ed280	0x17ccdb
10576	0x24826b8	dissolve_federation	0x33ed3a0	0x17ccf4
10577	0x2482698	remove_random_starbase_building	0x33ed4c0	0x17cd0d
10578	0x24826f8	remove_random_starbase_module	0x33ed5e0	0x17cd26
10579	0x24826d0	set_timed_espionage_operation_flag	0x33ed700	0x17cd3f
10580	0x2482738	destroy_espionage_operation	0x33ed820	0x17cd58
10581	0x2482718	add_espionage_information	0x33ed940	0x17cd71
10582	0x2482788	add_victory_score	0x33eda60	0x17cd8a
10583	0x2482758	store_galactic_community_leader_backup_data	0x33edb80	0x17cda3
10584	0x24827c0	restore_galactic_community_leader_backup_data	0x33edca0	0x17cdbc
10585	0x24827a0	activate_crisis_progression	0x33eddc0	0x17cdd5
10586	0x2482808	room_name_override	0x33edee0	0x17cdee
10587	0x24827f0	set_ai_personality	0x33ee000	0x17ce07
10588	0x2482838	add_custodian_term_days	0x33ee120	0x17ce20
10589	0x2482820	set_custodian_term_days	0x33ee240	0x17ce39
10590	0x2482860	destroy_situation	0x33ee360	0x17ce52
10591	0x2482850	abort_situation	0x33ee480	0x17ce6b
10592	0x2482890	add_situation_progress	0x33ee5a0	0x17ce84
10593	0x2482878	set_situation_progress	0x33ee6c0	0x17ce9d
10594	0x24828c0	set_situation_approach	0x33ee7e0	0x17ceb6
10595	0x24828a8	set_situation_locked	0x33ee900	0x17cecf
10596	0x24828f8	change_situation_target	0x33eea20	0x17cee8
10597	0x24828d8	pass_targeted_resolution	0x33eeb40	0x17cf01
10598	0x2482938	set_update_modifiers_batch	0x33eec60	0x17cf1a
10599	0x2482910	set_rule_can_subject_be_integrated	0x33eed80	0x17cf33
10600	0x2482978	set_rule_can_subject_do_diplomacy	0x33eeea0	0x17cf4c
10601	0x2482958	set_rule_can_subject_expand	0x33eefc0	0x17cf65
10602	0x24829c0	set_rule_can_subject_vote	0x33ef0e0	0x17cf7e
10603	0x24829a0	set_rule_join_overlord_wars	0x33ef200	0x17cf97
10604	0x2482a00	set_rule_join_subject_wars	0x33ef320	0x17cfb0
10605	0x24829e0	set_rule_subject_has_access	0x33ef440	0x17cfc9
10606	0x2482a38	set_rule_subject_has_sensors	0x33ef560	0x17cfe2
10607	0x2482a20	convert_to_specialist	0x33ef680	0x17cffb
10608	0x2482a70	available_debris	0x33ef7a0	0x17d014
10609	0x2482a58	pass_debris_ownership	0x33ef8c0	0x17d02d
10610	0x2482aa0	on_contract_started	0x33ef9e0	0x17d046
10611	0x2482a88	on_contract_expired	0x33efb00	0x17d05f
10612	0x2482ad0	on_contract_cancelled	0x33efc20	0x17d078
10613	0x2482ab8	on_contract_broken	0x33efd40	0x17d091
10614	0x2482b08	ship_jumpdrive_cooldown_mult	0x33efe60	0x17d0aa
10615	0x2482ae8	mod_ship_naval_cap_usage_add	0x33eff80	0x17d0c3
10616	0x2482b50	mod_ship_naval_cap_usage_mult	0x33f00a0	0x17d0dc
10617	0x2482b28	specialist_subject_conversion_time_mult	0x33f01c0	0x17d0f5
10618	0x2482b90	set_council_position	0x33f02e0	0x17d10e
10619	0x2482b70	set_council_position_to_council	0x33f0400	0x17d127
10620	0x2482bc0	end_fleet_contract	0x33f0520	0x17d140
10621	0x2482ba8	set_cloaking_active	0x33f0640	0x17d159
10622	0x2482be8	go_to_next_pre_ftl_age	0x33f0760	0x17d172
10623	0x2482bd8	set_pre_ftl_age	0x33f0880	0x17d18b
10624	0x2482c18	remove_communications	0x33f09a0	0x17d1a4
10625	0x2482c00	remove_envoys_to	0x33f0ac0	0x17d1bd
10626	0x2482c40	remove_from_federation	0x33f0be0	0x17d1d6
10627	0x2482c30	set_ship_design	0x33f0d00	0x17d1ef
10628	0x2482c68	renew_bypass_lock	0x33f0e20	0x17d208
10629	0x2482c58	lock_bypass	0x33f0f40	0x17d221
10630	0x2482ca0	date_distortion	0x33f1060	0x17d23a
10631	0x2482c80	spawn_beyond_gravity_well	0x33f1180	0x17d253
10632	0x2482cd0	refresh_portraits	0x33f12a0	0x17d26c
10633	0x2482cb0	start_astral_action_cooldown	0x33f13c0	0x17d285
10634	0x2482d00	perform_astral_action_unlock_check	0x33f14e0	0x17d29e
10635	0x2482ce8	activate_fog_machine	0x33f1600	0x17d2b7
10636	0x2482d38	deactivate_fog_machine	0x33f1720	0x17d2d0
10637	0x2482d28	on_system_added	0x33f1840	0x17d2e9
10638	0x2482d68	on_system_removed	0x33f1960	0x17d302
10639	0x2482d50	create_cosmic_storm	0x33f1a80	0x17d31b
10640	0x2482d98	destroy_cosmic_storm	0x33f1ba0	0x17d334
10641	0x2482d80	cosmic_storm_event	0x33f1cc0	0x17d34d
10642	0x2482dd0	cosmic_storm_influence_field_event	0x33f1de0	0x17d366
10643	0x2482db0	move_cosmic_storm_center	0x33f1f00	0x17d37f
10644	0x2482e18	set_auto_upgrade_components	0x33f2020	0x17d398
10645	0x2482df8	cosmic_storm_start_position	0x33f2140	0x17d3b1
10646	0x2482e50	spawn_random_storm	0x33f2260	0x17d3ca
10647	0x2482e38	system_on_border	0x33f2380	0x17d3e3
10648	0x2482e90	system_in_influence_field	0x33f24a0	0x17d3fc
10649	0x2482e68	create_cosmic_storm_influence_field	0x33f25c0	0x17d415
10650	0x2482ed0	destroy_cosmic_storm_influence_field	0x33f26e0	0x17d42e
10651	0x2482eb0	owned_storm_influence_field	0x33f2800	0x17d447
10652	0x2482f18	recalculate_storm_influence_field	0x33f2920	0x17d460
10653	0x2482ef8	set_fauna_fleet_growth_stance	0x33f2a40	0x17d479
10654	0x2482f50	start_storm_area_placing	0x33f2b60	0x17d492
10655	0x2482f40	on_confirm	0x33f2c80	0x17d4ab
10656	0x2482f80	is_orbiting_star	0x33f2da0	0x17d4c4
10657	0x2482f70	give_specimen	0x33f2ec0	0x17d4dd
10658	0x2482fb8	remove_specimen	0x33f2fe0	0x17d4f6
10659	0x2482f98	set_emergency_fund_active	0x33f3100	0x17d50f
10660	0x2482fe0	storm_apply_aftermath_modifier	0x33f3220	0x17d528
10661	0x2482fc8	set_cosmic_storm	0x33f3340	0x17d541
10662	0x2483028	unset_cosmic_storm	0x33f3460	0x17d55a
10663	0x2483000	set_emergency_fund_contribution_rate	0x33f3580	0x17d573
10664	0x2483070	add_to_cosmic_storm_influence_field	0x33f36a0	0x17d58c
10665	0x2483040	remove_from_cosmic_storm_influence_field	0x33f37c0	0x17d5a5
10666	0x24830b0	finish_council_agenda	0x33f38e0	0x17d5be
10667	0x2483098	add_mission_counter	0x33f3a00	0x17d5d7
10668	0x24830e0	set_storm_flag	0x33f3b20	0x17d5f0
10669	0x24830c8	set_mission_counter	0x33f3c40	0x17d609
10670	0x2483100	cosmic_storm_influence_value	0x33f3d60	0x17d622
10671	0x24830f0	stop_mission	0x33f3e80	0x17d63b
10672	0x2483130	give_culling_rewards	0x33f3fa0	0x17d654
10673	0x2483120	give_dna	0x33f40c0	0x17d66d
10674	0x2483160	add_to_vivarium	0x33f41e0	0x17d686
10675	0x2483148	reanimate_space_fauna	0x33f4300	0x17d69f
10676	0x2483180	spawn_custom_debris	0x33f4420	0x17d6b8
10677	0x2483170	select_decision	0x33f4540	0x17d6d1
10678	0x24831b0	return_leader_from_exile	0x33f4660	0x17d6ea
10679	0x2483198	kill_exiled_leader	0x33f4780	0x17d703
10680	0x24831e8	generate_random_name	0x33f48a0	0x17d71c
10681	0x24831d0	lock_storm_in_place	0x33f49c0	0x17d735
10682	0x2483208	set_ship_construction_type	0x33f4ae0	0x17d74e
10683	0x2483200	patron	0x33f4c00	0x17d767
10684	0x2483238	new_patron	0x33f4d20	0x17d780
10685	0x2483228	replaced_patron	0x33f4e40	0x17d799
10686	0x2483258	replace_patron	0x33f4f60	0x17d7b2
10687	0x2483248	remove_patron	0x33f5080	0x17d7cb
10688	0x2483278	add_attunement	0x33f51a0	0x17d7e4
10689	0x2483268	set_attunement	0x33f52c0	0x17d7fd
10690	0x2483290	reset_attunement	0x33f53e0	0x17d816
10691	0x2483288	link_to	0x33f5500	0x17d82f
10692	0x24832c0	steal_specimens	0x33f5620	0x17d848
10693	0x24832a8	release_vivarium_fauna	0x33f5740	0x17d861
10694	0x24832f8	release_vivarium_fauna_count	0x33f5860	0x17d87a
10695	0x24832d0	create_smaller_size_creature_in_fleet	0x33f5980	0x17d893
10696	0x2483338	integrate_species	0x33f5aa0	0x17d8ac
10697	0x2483318	repair_shield_percentage	0x33f5bc0	0x17d8c5
10698	0x2483368	repair_amount	0x33f5ce0	0x17d8de
10699	0x2483350	repair_armor_amount	0x33f5e00	0x17d8f7
10700	0x2483380	repair_shield_amount	0x33f5f20	0x17d910
10701	0x2483378	on_hit	0x33f6040	0x17d929
10702	0x24833a8	complete_deed	0x33f6160	0x17d942
10703	0x2483398	accept_covenant	0x33f6280	0x17d95b
10704	0x24833d8	refuse_covenant	0x33f63a0	0x17d974
10705	0x24833b8	set_faction_needs_colony	0x33f64c0	0x17d98d
10706	0x2483408	set_faction_auto_delete	0x33f65e0	0x17d9a6
10707	0x24833e8	add_patron_objective_counter	0x33f6700	0x17d9bf
10708	0x2483448	create_patron_relation	0x33f6820	0x17d9d8
10709	0x2483420	enable_patron_first_contact_project	0x33f6940	0x17d9f1
10710	0x2483470	copy_traditions_from	0x33f6a60	0x17da0a
10711	0x2483460	exceptions	0x33f6b80	0x17da23
10712	0x24834a0	copy_ascension_perks_from	0x33f6ca0	0x17da3c
10713	0x2483488	remove_tradition	0x33f6dc0	0x17da55
10714	0x24834d8	remove_tradition_tree	0x33f6ee0	0x17da6e
10715	0x24834c0	add_ascension_perk	0x33f7000	0x17da87
10716	0x2483508	remove_ascension_perk	0x33f7120	0x17daa0
10717	0x24834f0	add_focus_progress	0x33f7240	0x17dab9
10718	0x2483538	add_pop_amount	0x33f7360	0x17dad2
10719	0x2483520	remove_pop_amount	0x33f7480	0x17daeb
10720	0x2483560	scale_pop_amount	0x33f75a0	0x17db04
10721	0x2483548	transfer_pop_amount	0x33f76c0	0x17db1d
10722	0x2483588	set_habitability_trait	0x33f77e0	0x17db36
10723	0x2483578	set_confused	0x33f7900	0x17db4f
10724	0x24835b0	add_growth	0x33f7a20	0x17db68
10725	0x24835a0	reset_growth	0x33f7b40	0x17db81
10726	0x24835d8	remove_zone	0x33f7c60	0x17db9a
10727	0x24835c0	spawn_psionic_aura	0x33f7d80	0x17dbb3
10728	0x2483600	destroy_psionic_aura	0x33f7ea0	0x17dbcc
10729	0x24835e8	set_aura_intensity	0x33f7fc0	0x17dbe5
10730	0x2483638	add_aura_intensity	0x33f80e0	0x17dbfe
10731	0x2483618	refresh_psionic_aura_type	0x33f8200	0x17dc17
10732	0x2483668	finish_all_researches	0x33f8320	0x17dc30
10733	0x2483650	progress_all_researches	0x33f8440	0x17dc49
10734	0x2483690	revert_accords	0x33f8560	0x17dc62
10735	0x2483680	refresh_accords	0x33f8680	0x17dc7b
10736	0x24836c0	sacrifice_pop_group	0x33f87a0	0x17dc94
10737	0x24836a0	sacrifice_assigned_pop_amount	0x33f88c0	0x17dcad
10738	0x24836f0	add_terraformation_total_time_mult	0x33f89e0	0x17dcc6
10739	0x24836d8	finish_terraformation	0x33f8b00	0x17dcdf
10740	0x2483738	open_shroud_tab	0x33f8c20	0x17dcf8
10741	0x2483718	kill_assigned_pop_amount	0x33f8d40	0x17dd11
10742	0x2483760	set_terrified_by	0x33f8e60	0x17dd2a
10743	0x2483748	remove_terrified	0x33f8f80	0x17dd43
10744	0x2483790	merge_species	0x33f90a0	0x17dd5c
10745	0x2483778	set_ai_preferred_patron	0x33f91c0	0x17dd75
10746	0x24837c0	roll_ai_preferred_patron	0x33f92e0	0x17dd8e
10747	0x24837a0	start_terraform_progress	0x33f9400	0x17dda7
10748	0x24837f8	add_terraform_progress	0x33f9520	0x17ddc0
10749	0x24837e0	set_terraform_progress	0x33f9640	0x17ddd9
10750	0x2483830	scripted_terraform_process	0x33f9760	0x17ddf2
10751	0x2483810	set_patron_first_contact_state	0x33f9880	0x17de0b
10752	0x2483860	set_pre_ftl	0x33f99a0	0x17de24
10753	0x2483850	check_overlap	0x33f9ac0	0x17de3d
10754	0x2483890	leave_war	0x33f9be0	0x17de56
10755	0x2483870	add_resource_to_local_stockpile	0x33f9d00	0x17de6f
10756	0x24838b0	issue_contract	0x33f9e20	0x17de88
10757	0x24838a0	cancel_contract	0x33f9f40	0x17dea1
10758	0x24838e0	contract	0x33fa060	0x17deba
10759	0x24838c0	transfer_resource_stockpile	0x33fa180	0x17ded3
10760	0x2483908	set_animation_state	0x33fa2a0	0x17deec
10761	0x24838f0	lock_animation_state	0x33fa3c0	0x17df05
10762	0x2483930	transfer_carrier	0x33fa4e0	0x17df1e
10763	0x2483920	create_sector	0x33fa600	0x17df37
10764	0x2483960	steal_planet_output	0x33fa720	0x17df50
10765	0x2483948	set_system_locked	0x33fa840	0x17df69
10766	0x2483990	set_resource_converter	0x33fa960	0x17df82
10767	0x2483978	force_show_diplomacy	0x33faa80	0x17df9b
10768	0x24839b8	force_show_espionage	0x33faba0	0x17dfb4
10769	0x24839a8	planet_index	0x33facc0	0x17dfcd
10770	0x24839d8	orbit	0x33fade0	0x17dfe6
10771	0x24839d0	planet	0x33faf00	0x17dfff
10772	0x24839f8	star	0x33fb020	0x17e018
10773	0x24839e0	orbital_deposit_tile	0x33fb140	0x17e031
10774	0x2483a10	on_cleared	0x33fb260	0x17e04a
10775	0x2483a00	swap_type	0x33fb380	0x17e063
10776	0x2483a38	swap_type_weight	0x33fb4a0	0x17e07c
10777	0x2483a20	advanced_authority_swap	0x33fb5c0	0x17e095
10778	0x2483a5c	any	0x33fb6e0	0x17e0ae
10779	0x2483a50	happiness	0x33fb800	0x17e0c7
10780	0x2483a88	research_agreement	0x33fb920	0x17e0e0
10781	0x2483a60	can_crossbreed_species_on_colony	0x33fba40	0x17e0f9
10782	0x2483ac0	systems_with_forced_visible_fleets	0x33fbb60	0x17e112
10783	0x2483aa0	research_agreement_acceptance	0x33fbc80	0x17e12b
10784	0x2483b18	planet_max_branch_office_buildings_add	0x33fbda0	0x17e144
10785	0x2483ae8	planet_max_branch_office_buildings_self_add	0x33fbec0	0x17e15d
10786	0x2483b58	branch_office_building	0x33fbfe0	0x17e176
10787	0x2483b40	leader_years_of_service	0x33fc100	0x17e18f
10788	0x2483b88	last_added_deposit	0x33fc220	0x17e1a8
10789	0x2483b70	last_acquired_exhibit	0x33fc340	0x17e1c1
10790	0x2483bc0	has_free_commercial_pacts	0x33fc460	0x17e1da
10791	0x2483ba0	action_form_research_agreement	0x33fc580	0x17e1f3
10792	0x2483c00	toggle_deploy_in_orbit_command	0x33fc6a0	0x17e20c
10793	0x2483be0	unlock_council_selection	0x33fc7c0	0x17e225
10794	0x2483c38	action_break_research_agreement	0x33fc8e0	0x17e23e
10795	0x2483c20	deploy_armies_in_orbit	0x33fca00	0x17e257
10796	0x2483c68	is_edited_by_human	0x33fcb20	0x17e270
10797	0x2483c58	is_uncapped	0x33fcc40	0x17e289
10798	0x2483ca0	mid_close_up	0x33fcd60	0x17e2a2
10799	0x2483c80	outliner_settings_per_tab	0x33fce80	0x17e2bb
10800	0x2483cc0	group_settings	0x33fcfa0	0x17e2d4
10801	0x2483cb0	management	0x33fd0c0	0x17e2ed
10802	0x2483cf0	empires	0x33fd1e0	0x17e306
10803	0x2483cd0	overlord_holding_planets	0x33fd300	0x17e31f
10804	0x2483d10	shipyards	0x33fd420	0x17e338
10805	0x2483cf8	leased_out_fleet	0x33fd540	0x17e351
10806	0x2483d30	civilian_ships	0x33fd660	0x17e36a
10807	0x2483d20	integrations	0x33fd780	0x17e383
10808	0x2483d50	player_countries	0x33fd8a0	0x17e39c
10809	0x2483d40	ai_countries	0x33fd9c0	0x17e3b5
10810	0x2483d6c	minors	0x33fdae0	0x17e3ce
10811	0x2483d64	cadet	0x33fdc00	0x17e3e7
10812	0x2483d88	custom_biography	0x33fdd20	0x17e400
10813	0x2483d78	custom_subtitle	0x33fde40	0x17e419
10814	0x2483dc8	add_to_first_building_slot	0x33fdf60	0x17e432
10815	0x2483da0	validate_planet_buildings_and_districts	0x33fe080	0x17e44b
10816	0x2483e08	destroyer_country	0x33fe1a0	0x17e464
10817	0x2483de8	ai_weight_for_planet_assignment	0x33fe2c0	0x17e47d
10818	0x2483e40	is_defense_army_mod_spawned	0x33fe3e0	0x17e496
10819	0x2483e20	can_leader_get_council_trait	0x33fe500	0x17e4af
10820	0x2483e80	can_leader_get_normal_trait	0x33fe620	0x17e4c8
10821	0x2483e60	can_leader_get_subclass_trait	0x33fe740	0x17e4e1
10822	0x2483ec8	can_leader_get_destiny_trait	0x33fe860	0x17e4fa
10823	0x2483ea0	should_leader_gain_trait_every_level	0x33fe980	0x17e513
10824	0x2483f08	has_extra_council_position	0x33feaa0	0x17e52c
10825	0x2483ee8	ai_resource_target_records	0x33febc0	0x17e545
10826	0x2483f38	last_valid_resource_targets	0x33fece0	0x17e55e
10827	0x2483f28	ai_reform	0x33fee00	0x17e577
10828	0x2483f78	ideal_design_class	0x33fef20	0x17e590
10829	0x2483f58	can_be_cleared_potential	0x33ff040	0x17e5a9
10830	0x2483fb0	behavior	0x33ff160	0x17e5c2
10831	0x2483f90	add_deposit_category_effect	0x33ff280	0x17e5db
10832	0x2483fd0	num_leader_traits	0x33ff3a0	0x17e5f4
10833	0x2483fc0	scripted_scale	0x33ff4c0	0x17e60d
10834	0x2483ff8	orbital_devastation	0x33ff5e0	0x17e626
10835	0x2483fe8	victory_score	0x33ff700	0x17e63f
10836	0x2484038	autopick_leader_traits	0x33ff820	0x17e658
10837	0x2484010	set_autopick_leader_traits_command	0x33ff940	0x17e671
10838	0x2484058	is_ruler	0x33ffa60	0x17e68a
10839	0x2484050	is_heir	0x33ffb80	0x17e6a3
10840	0x2484088	can_win_timed_victory	0x33ffca0	0x17e6bc
10841	0x2484068	sync_lobby_coop_groups_command	0x33ffdc0	0x17e6d5
10842	0x24840c8	create_lobby_coop_group_command	0x33ffee0	0x17e6ee
10843	0x24840a0	disband_lobby_coop_group_command	0x3400000	0x17e707
10844	0x2484108	join_lobby_coop_group_command	0x3400120	0x17e720
10845	0x24840e8	leave_lobby_coop_group_command	0x3400240	0x17e739
10846	0x2484138	set_password_lobby_coop_group_command	0x3400360	0x17e752
10847	0x2484128	group_owner_id	0x3400480	0x17e76b
10848	0x2484178	joining_human_id	0x34005a0	0x17e784
10849	0x2484160	leaving_human_id	0x34006c0	0x17e79d
10850	0x24841a8	coop_lobby_groups_manager	0x34007e0	0x17e7b6
10851	0x2484190	coop_lobby_groups	0x3400900	0x17e7cf
10852	0x24841e8	enable_coop_for_country	0x3400a20	0x17e7e8
10853	0x24841c8	request_post_load_sync_command	0x3400b40	0x17e801
10854	0x2484210	post_load_sync_done_command	0x3400c60	0x17e81a
10855	0x2484200	job_changes	0x3400d80	0x17e833
10856	0x2484240	victory_year	0x3400ea0	0x17e84c
10857	0x2484230	block_triggered	0x3400fc0	0x17e865
10858	0x2484278	victory_rank	0x34010e0	0x17e87e
10859	0x2484250	can_build_branch_office_on_colony	0x3401200	0x17e897
10860	0x2484298	ai_death_spiral	0x3401320	0x17e8b0
10861	0x2484288	min_mult	0x3401440	0x17e8c9
10862	0x24842b0	max_decimals	0x3401560	0x17e8e2
10863	0x24842a8	no_diff	0x3401680	0x17e8fb
10864	0x24842e0	add_to_council_command	0x34017a0	0x17e914
10865	0x24842c0	should_pay_for_leader_upkeep	0x34018c0	0x17e92d
10866	0x2484318	council_position	0x34019e0	0x17e946
10867	0x24842f8	is_councilor_trait_for_ruler	0x3401b00	0x17e95f
10868	0x2484340	council_leaders	0x3401c20	0x17e978
10869	0x2484330	cap_zero_to_one	0x3401d40	0x17e991
10870	0x2484360	localize_with_value_key	0x3401e60	0x17e9aa
10871	0x2484350	spawner_planet	0x3401f80	0x17e9c3
10872	0x2484390	toggle_include_in_army_builder_command	0x34020a0	0x17e9dc
10873	0x2484378	include_in_army_builder	0x34021c0	0x17e9f5
10874	0x24843e8	economic_unit	0x34022e0	0x17ea0e
10875	0x24843b8	should_ai_build_stronghold_on_vulnerable_colony	0x3402400	0x17ea27
10876	0x2484410	required	0x3402520	0x17ea40
10877	0x24843f8	ruined_branch_office	0x3402640	0x17ea59
10878	0x2484440	sector_edit	0x3402760	0x17ea72
10879	0x2484420	proposed_law_votes_cooldowns	0x3402880	0x17ea8b
10880	0x2484460	request_join_federation_cooldowns	0x34029a0	0x17eaa4
10881	0x2484450	councilor_trait	0x3402ac0	0x17eabd
10882	0x24844a0	force_councilor_trait	0x3402be0	0x17ead6
10883	0x2484488	councilor_modifier	0x3402d00	0x17eaef
10884	0x24844c8	agenda_cost	0x3402e20	0x17eb08
10885	0x24844b8	agenda_cooldown	0x3402f40	0x17eb21
10886	0x24844f0	agenda_finish_modifier_duration	0x3403060	0x17eb3a
10887	0x24844d8	on_gained_effect	0x3403180	0x17eb53
10888	0x248452c	layer	0x34032a0	0x17eb6c
10889	0x2484510	can_support_branch_offices	0x34033c0	0x17eb85
10890	0x2484550	clear_parent_species_link	0x34034e0	0x17eb9e
10891	0x2484538	should_ai_propose	0x3403600	0x17ebb7
10892	0x2484580	prio_districts	0x3403720	0x17ebd0
10893	0x2484570	prio_zones	0x3403840	0x17ebe9
10894	0x24845a8	replace_at_slot	0x3403960	0x17ec02
10895	0x2484590	disabled_branch_office	0x3403a80	0x17ec1b
10896	0x24845d8	dimensional_lock_duration_mult	0x3403ba0	0x17ec34
10897	0x24845b8	planet_max_districts_mult	0x3403cc0	0x17ec4d
10898	0x2484618	planet_building_refund_mult	0x3403de0	0x17ec66
10899	0x24845f8	planet_building_capacity_add	0x3403f00	0x17ec7f
10900	0x2484650	edict_lock_in_months	0x3404020	0x17ec98
10901	0x2484638	has_pulse_events	0x3404140	0x17ecb1
10902	0x2484688	has_deficits	0x3404260	0x17ecca
10903	0x2484668	apply_modifier_to_other_planets	0x3404380	0x17ece3
10904	0x24846a8	economy_power	0x34044a0	0x17ecfc
10905	0x2484698	tech_power	0x34045c0	0x17ed15
10906	0x24846c8	can_force_grow_on_planet	0x34046e0	0x17ed2e
10907	0x24846b8	emergency	0x3404800	0x17ed47
10908	0x24846f8	empire_wide_emergency	0x3404920	0x17ed60
10909	0x24846e8	crisis_kills	0x3404a40	0x17ed79
10910	0x2484728	can_crossbreed_species	0x3404b60	0x17ed92
10911	0x2484710	accept_surrender	0x3404c80	0x17edab
10912	0x2484768	rally_troops_command	0x3404da0	0x17edc4
10913	0x2484740	planet_non_artificial_max_districts_add	0x3404ec0	0x17eddd
10914	0x24847a8	planet_artificial_max_districts_add	0x3404fe0	0x17edf6
10915	0x2484780	planet_non_artificial_max_buildings_add	0x3405100	0x17ee0f
10916	0x24847e0	species_one	0x3405220	0x17ee28
10917	0x24847d0	species_two	0x3405340	0x17ee41
10918	0x2484808	start_value	0x3405460	0x17ee5a
10919	0x24847f0	completion_value	0x3405580	0x17ee73
10920	0x2484838	target_modifier	0x34056a0	0x17ee8c
10921	0x2484818	triggered_target_modifier	0x34057c0	0x17eea5
10922	0x2484868	discrete	0x34058e0	0x17eebe
10923	0x2484848	subclass_background_icon	0x3405a00	0x17eed7
10924	0x2484888	discrete_number	0x3405b20	0x17eef0
10925	0x2484878	term_type	0x3405c40	0x17ef09
10926	0x24848b0	term	0x3405d60	0x17ef22
10927	0x2484898	extra_term_text_subject	0x3405e80	0x17ef3b
10928	0x24848c0	extra_term_text_overlord	0x3405fa0	0x17ef54
10929	0x24848b8	preset	0x34060c0	0x17ef6d
10930	0x24848f0	agreements	0x34061e0	0x17ef86
10931	0x24848e0	agreement_type	0x3406300	0x17ef9f
10932	0x2484918	toggle_auto_expand_sector_command	0x3406420	0x17efb8
10933	0x2484900	agreement_preset	0x3406540	0x17efd1
10934	0x2484970	with_country	0x3406660	0x17efea
10935	0x2484940	ship_orbital_bombardment_army_damage_mult	0x3406780	0x17f003
10936	0x24849a8	ship_orbital_bombardment_pop_damage_mult	0x34068a0	0x17f01c
10937	0x2484980	orbital_bombardment_damage_armies	0x34069c0	0x17f035
10938	0x24849f8	orbital_bombardment_damage_pops	0x3406ae0	0x17f04e
10939	0x24849d8	pop_to_kill_from_devastation	0x3406c00	0x17f067
10940	0x2484a30	copy_fleet_template_command	0x3406d20	0x17f080
10941	0x2484a18	leader_election_weight	0x3406e40	0x17f099
10942	0x2484a58	dismiss_leader_cost	0x3406f60	0x17f0b2
10943	0x2484a4c	terms	0x3407080	0x17f0cb
10944	0x2484a80	term_data	0x34071a0	0x17f0e4
10945	0x2484a70	date_changed	0x34072c0	0x17f0fd
10946	0x2484ab0	can_force_decline_on_planet	0x34073e0	0x17f116
10947	0x2484a90	branch_office_value_mult	0x3407500	0x17f12f
10948	0x2484ae0	branch_office_criminal_syndicate_value_add	0x3407620	0x17f148
10949	0x2484ad0	is_half_species	0x3407740	0x17f161
10950	0x2484b20	auto_expand	0x3407860	0x17f17a
10951	0x2484b10	half_species	0x3407980	0x17f193
10952	0x2484b50	scripted_action_finished	0x3407aa0	0x17f1ac
10953	0x2484b30	scripted_action_activity_key	0x3407bc0	0x17f1c5
10954	0x2484b90	scripted_action_progress_activity_key	0x3407ce0	0x17f1de
10955	0x2484b70	emergency_election_cost_rule	0x3407e00	0x17f1f7
10956	0x2484bc8	stop_terraform_process	0x3407f20	0x17f210
10957	0x2484bb8	designation	0x3408040	0x17f229
10958	0x2484c00	last_auto_mod_index	0x3408160	0x17f242
10959	0x2484be0	can_force_decline_species	0x3408280	0x17f25b
10960	0x2484c38	should_force_decline_species	0x34083a0	0x17f274
10961	0x2484c18	pop_amenities_usage_base	0x34084c0	0x17f28d
10962	0x2484c78	empire_cohesion	0x34085e0	0x17f2a6
10963	0x2484c58	scripted_action_button_possible	0x3408700	0x17f2bf
10964	0x2484ca8	election_term_years_add	0x3408820	0x17f2d8
10965	0x2484c88	election_term_years_mult	0x3408940	0x17f2f1
10966	0x2484ce0	election_term_variance_add	0x3408a60	0x17f30a
10967	0x2484cc0	election_term_variance_mult	0x3408b80	0x17f323
10968	0x2484d20	reset_event_chain_counter	0x3408ca0	0x17f33c
10969	0x2484d00	pop_amenities_usage_mult	0x3408dc0	0x17f355
10970	0x2484d58	can_manually_change_location	0x3408ee0	0x17f36e
10971	0x2484d40	can_assign_to_council	0x3409000	0x17f387
10972	0x2484d88	can_see_in_list	0x3409120	0x17f3a0
10973	0x2484d78	hide_leader	0x3409240	0x17f3b9
10974	0x2484dc0	is_toast_message	0x3409360	0x17f3d2
10975	0x2484d98	pop_amenities_usage_organic_mult	0x3409480	0x17f3eb
10976	0x2484e00	pop_amenities_usage_robotic_mult	0x34095a0	0x17f404
10977	0x2484dd8	pop_amenities_usage_psionic_mult	0x34096c0	0x17f41d
10978	0x2484e40	empire_size_psionic_pops_mult	0x34097e0	0x17f436
10979	0x2484e28	is_country_psionic	0x3409900	0x17f44f
10980	0x2484e70	is_psionic_species	0x3409a20	0x17f468
10981	0x2484e60	commercial_pact	0x3409b40	0x17f481
10982	0x2484ea8	custom_catch_phrase	0x3409c60	0x17f49a
10983	0x2484e88	empire_size_branch_office_mult	0x3409d80	0x17f4b3
10984	0x2484ed8	can_build_branch_offices	0x3409ea0	0x17f4cc
10985	0x2484ec0	branch_office_planets	0x3409fc0	0x17f4e5
10986	0x2484f18	to_be_ended	0x340a0e0	0x17f4fe
10987	0x2484ef8	empire_size_penalty_mult	0x340a200	0x17f517
10988	0x2484f48	council_agenda_progress_speed	0x340a320	0x17f530
10989	0x2484f28	council_agenda_cooldown_mult	0x340a440	0x17f549
10990	0x2484f80	council_agenda_finishing_effect_duration_mult	0x340a560	0x17f562
10991	0x2484f68	pop_amenities_usage_add	0x340a680	0x17f57b
10992	0x2484fd0	custom_unlock_title	0x340a7a0	0x17f594
10993	0x2484fb0	establish_branch_office_command	0x340a8c0	0x17f5ad
10994	0x2485000	close_branch_office_command	0x340a9e0	0x17f5c6
10995	0x2484fe8	set_colony_type_command	0x340ab00	0x17f5df
10996	0x2485030	set_automated_development_command	0x340ac20	0x17f5f8
10997	0x2485020	owner_modifier	0x340ad40	0x17f611
10998	0x2485078	unique_owner_modifier	0x340ae60	0x17f62a
10999	0x2485058	should_surrender_planets_to	0x340af80	0x17f643
11000	0x24850a8	unique_target_modifier	0x340b0a0	0x17f65c
11001	0x2485090	planet_combat_width_add	0x340b1c0	0x17f675
11002	0x24850e0	pop_amenities_usage_no_happiness_base	0x340b2e0	0x17f68e
11003	0x24850c0	add_council_agenda_progress	0x340b400	0x17f6a7
11004	0x2485110	add_council_agenda_progress_percent	0x340b520	0x17f6c0
11005	0x2485108	loyalty	0x340b640	0x17f6d9
11006	0x2485158	loyalty_change	0x340b760	0x17f6f2
11007	0x2485138	triggered_loyalty_change	0x340b880	0x17f70b
11008	0x2485178	has_sent_notification	0x340b9a0	0x17f724
11009	0x2485168	should_display	0x340bac0	0x17f73d
11010	0x24851a8	can_pops_grow_on_colony	0x340bbe0	0x17f756
11011	0x2485190	minimum_ai_target	0x340bd00	0x17f76f
11012	0x24851d8	supported_leaders	0x340be20	0x17f788
11013	0x24851c0	num_supported_times	0x340bf40	0x17f7a1
11014	0x2485208	rally_troops	0x340c060	0x17f7ba
11015	0x24851f0	get_councilor_level	0x340c180	0x17f7d3
11016	0x2485238	can_pops_decline_on_colony	0x340c2a0	0x17f7ec
11017	0x2485218	unlocked_civic_council_slots	0x340c3c0	0x17f805
11018	0x2485270	unlock_council_slots	0x340c4e0	0x17f81e
11019	0x2485258	picked_council_types	0x340c600	0x17f837
11020	0x24852a0	unlock_council_position_command	0x340c720	0x17f850
11021	0x2485288	council_agenda_ready	0x340c840	0x17f869
11022	0x24852e0	can_pops_assemble_on_colony	0x340c960	0x17f882
11023	0x24852c0	is_criminal_syndicate_rule	0x340ca80	0x17f89b
11024	0x2485310	can_create_espionage_asset_from_species	0x340cba0	0x17f8b4
11025	0x2485300	female_only	0x340ccc0	0x17f8cd
11026	0x2485350	is_wartime_edict	0x340cde0	0x17f8e6
11027	0x2485338	is_human_request	0x340cf00	0x17f8ff
11028	0x2485378	male_only	0x340d020	0x17f918
11029	0x2485368	finish_effect	0x340d140	0x17f931
11030	0x24853b0	finish_agenda_command	0x340d260	0x17f94a
11031	0x2485388	pop_amenities_usage_no_happiness_mult	0x340d380	0x17f963
11032	0x24853e8	pop_amenities_usage_no_happiness_add	0x340d4a0	0x17f97c
11033	0x24853c8	toggle_building_enabled_command	0x340d5c0	0x17f995
11034	0x2485428	enactment_time	0x340d6e0	0x17f9ae
11035	0x2485410	branch_office_owner	0x340d800	0x17f9c7
11036	0x2485450	branch_office_resources	0x340d920	0x17f9e0
11037	0x2485438	deactivate_resources	0x340da40	0x17f9f9
11038	0x2485488	slave_cost	0x340db60	0x17fa12
11039	0x2485468	show_only_custom_tooltip	0x340dc80	0x17fa2b
11040	0x24854b0	custom_tooltip_with_modifiers	0x340dda0	0x17fa44
11041	0x2485498	custom_tooltip_short	0x340dec0	0x17fa5d
11042	0x24854f0	custom_tooltip_requirements	0x340dfe0	0x17fa76
11043	0x24854d0	can_use_invalid_technology	0x340e100	0x17fa8f
11044	0x2485520	can_receive_envoys	0x340e220	0x17faa8
11045	0x2485510	is_pop_spawned	0x340e340	0x17fac1
11046	0x2485558	add_to_sector_command	0x340e460	0x17fada
11047	0x2485538	remove_from_sector_command	0x340e580	0x17faf3
11048	0x2485590	planet_crime_no_happiness_add	0x340e6a0	0x17fb0c
11049	0x2485570	planet_crime_no_happiness_mult	0x340e7c0	0x17fb25
11050	0x24855c0	downgrade_building_command	0x340e8e0	0x17fb3e
11051	0x24855b0	new_colonies	0x340ea00	0x17fb57
11052	0x24855e8	min_pop	0x340eb20	0x17fb70
11053	0x24855e0	max_pop	0x340ec40	0x17fb89
11054	0x2485620	naval_cap	0x340ed60	0x17fba2
11055	0x24855f0	borrow_diplo_weight_for_resolution_command	0x340ee80	0x17fbbb
11056	0x2485648	fixed_city_level	0x340efa0	0x17fbd4
11057	0x2485630	change_job_threshold	0x340f0c0	0x17fbed
11058	0x2485680	faction_approval	0x340f1e0	0x17fc06
11059	0x2485660	faction_demands_met_mult	0x340f300	0x17fc1f
11060	0x24856a8	faction_demands_unmet_mult	0x340f420	0x17fc38
11061	0x2485698	support_percent	0x340f540	0x17fc51
11062	0x24856f0	scripted_action_on_cancel	0x340f660	0x17fc6a
11063	0x24856c8	scripted_action_required_progress	0x340f780	0x17fc83
11064	0x2485728	support_power	0x340f8a0	0x17fc9c
11065	0x2485710	should_spawn_deposits	0x340f9c0	0x17fcb5
11066	0x2485750	forced_assembling_template	0x340fae0	0x17fcce
11067	0x2485738	remove_invalid_civics	0x340fc00	0x17fce7
11068	0x2485780	pop_group_generates_crime	0x340fd20	0x17fd00
11069	0x2485770	rimwards	0x340fe40	0x17fd19
11070	0x24857b8	corewards	0x340ff60	0x17fd32
11071	0x24857a0	deficit_modifier	0x3410080	0x17fd4b
11072	0x24857d8	deficit_situation	0x34101a0	0x17fd64
11073	0x24857c8	convert_to	0x34102c0	0x17fd7d
11074	0x2485808	conversion_ratio	0x34103e0	0x17fd96
11075	0x24857f0	expansion_planner_type	0x3410500	0x17fdaf
11076	0x248582c	pop	0x3410620	0x17fdc8
11077	0x2485820	pop_group	0x3410740	0x17fde1
11078	0x2485848	pop_groups	0x3410860	0x17fdfa
11079	0x2485830	can_get_colony_events	0x3410980	0x17fe13
11080	0x2485868	is_new_colony	0x3410aa0	0x17fe2c
11081	0x2485858	has_designation	0x3410bc0	0x17fe45
11082	0x24858a0	colony_type	0x3410ce0	0x17fe5e
11083	0x2485878	planet_decision_enact_speed_mult	0x3410e00	0x17fe77
11084	0x24858d8	species	0x3410f20	0x17fe90
11085	0x24858b0	use_weights_for_blocker_swap_types	0x3411040	0x17fea9
11086	0x24858f0	use_weights_for_terraforming_swap_types	0x3411160	0x17fec2
11087	0x24858e0	species_index	0x3411280	0x17fedb
11088	0x2485928	planet_max_districts_add	0x34113a0	0x17fef4
11089	0x2485918	can_be_ruined	0x34114c0	0x17ff0d
11090	0x2485968	can_be_disabled	0x34115e0	0x17ff26
11091	0x2485948	planet_max_buildings_add	0x3411700	0x17ff3f
11092	0x2485990	country_resource_max_add	0x3411820	0x17ff58
11093	0x2485978	assembling_modifier	0x3411940	0x17ff71
11094	0x24859c8	leader_backup_data	0x3411a60	0x17ff8a
11095	0x24859b0	can_set_priority	0x3411b80	0x17ffa3
11096	0x24859f8	external_leader_pool_add	0x3411ca0	0x17ffbc
11097	0x24859e0	growing_modifier	0x3411dc0	0x17ffd5
11098	0x2485a24	favors	0x3411ee0	0x17ffee
11099	0x2485a18	num_favors	0x3412000	0x180007
11100	0x2485a48	num_ships_in_debris	0x3412120	0x180020
11101	0x2485a30	all_blocker_swap_types	0x3412240	0x180039
11102	0x2485a80	all_terraforming_swap_types	0x3412360	0x180052
11103	0x2485a60	galactic_market_resources	0x3412480	0x18006b
11104	0x2485ab8	galactic_market_access	0x34125a0	0x180084
11105	0x2485aa0	show_on_uncolonized	0x34126c0	0x18009d
11106	0x2485ae8	tradition_cost_empire_size_mult	0x34127e0	0x1800b6
11107	0x2485ad0	tradition_cost_mult	0x3412900	0x1800cf
11108	0x2485b28	tech_cost_empire_size_mult	0x3412a20	0x1800e8
11109	0x2485b08	diplo_weight_stance_mult	0x3412b40	0x180101
11110	0x2485b60	diplo_weight_sprawl_mult	0x3412c60	0x18011a
11111	0x2485b48	diplo_weight_naval_mult	0x3412d80	0x180133
11112	0x2485ba0	diplo_weight_pops_mult	0x3412ea0	0x18014c
11113	0x2485b80	diplo_weight_economy_mult	0x3412fc0	0x180165
11114	0x2485bd8	diplo_weight_technology_mult	0x34130e0	0x18017e
11115	0x2485bb8	diplo_weight_delegate_mult	0x3413200	0x180197
11116	0x2485c18	diplo_weight_council_mult	0x3413320	0x1801b0
11117	0x2485bf8	diplo_weight_opposing_mult	0x3413440	0x1801c9
11118	0x2485c58	diplo_weight_supporting_mult	0x3413560	0x1801e2
11119	0x2485c38	diplo_weight_rivals_mult	0x3413680	0x1801fb
11120	0x2485c88	diplo_weight_mult	0x34137a0	0x180214
11121	0x2485c78	can_be_cleared	0x34138c0	0x18022d
11122	0x2485cb8	declining_modifier	0x34139e0	0x180246
11123	0x2485ca0	planet_stability_add	0x3413b00	0x18025f
11124	0x2485ce8	owned_planets_only	0x3413c20	0x180278
11125	0x2485cd0	forced_growth_species	0x3413d40	0x180291
11126	0x2485d20	set_council_agenda	0x3413e60	0x1802aa
11127	0x2485d00	forced_declining_species	0x3413f80	0x1802c3
11128	0x2485d48	decision	0x34140a0	0x1802dc
11129	0x2485d38	upgrade_trigger	0x34141c0	0x1802f5
11130	0x2485d70	trade_value_mult	0x34142e0	0x18030e
11131	0x2485d58	trade_acceptance_weight	0x3414400	0x180327
11132	0x2485da8	custom_trade_weight	0x3414520	0x180340
11133	0x2485d88	forced_assembling_species	0x3414640	0x180359
11134	0x2485de0	country_pop_enslaved_mult	0x3414760	0x180372
11135	0x2485dc0	enact_decision_planet_command	0x3414880	0x18038b
11136	0x2485e18	blocker_swap_types	0x34149a0	0x1803a4
11137	0x2485e00	terraforming_swap_types	0x3414ac0	0x1803bd
11138	0x2485e40	last_building_changed	0x3414be0	0x1803d6
11139	0x2485e30	empire_size	0x3414d00	0x1803ef
11140	0x2485e68	envoys_group	0x3414e20	0x180408
11141	0x2485e58	empire_sprawl	0x3414f40	0x180421
11142	0x2485e98	empire_sprawl_over_cap	0x3415060	0x18043a
11143	0x2485e78	empire_sprawl_cap_fraction	0x3415180	0x180453
11144	0x2485ed0	internal_market_fluctuations	0x34152a0	0x18046c
11145	0x2485eb0	set_forced_species_command	0x34153c0	0x180485
11146	0x2485f08	last_district_changed	0x34154e0	0x18049e
11147	0x2485ef0	pop_escape_chance	0x3415600	0x1804b7
11148	0x2485f38	display_category	0x3415720	0x1804d0
11149	0x2485f20	modifier_category	0x3415840	0x1804e9
11150	0x2485f60	planet_stability_mult	0x3415960	0x180502
11151	0x2485f50	species_names	0x3415a80	0x18051b
11152	0x2485f90	name_plural	0x3415ba0	0x180534
11153	0x2485f78	pop_political_power	0x3415cc0	0x18054d
11154	0x2485fc8	planet_amenities_no_happiness_add	0x3415de0	0x180566
11155	0x2485fa0	planet_amenities_no_happiness_mult	0x3415f00	0x18057f
11156	0x2486008	pin_astral_rift_command	0x3416020	0x180598
11157	0x2485ff0	pin_event_chain_command	0x3416140	0x1805b1
11158	0x2486038	pin_first_contact_command	0x3416260	0x1805ca
11159	0x2486020	pin_mission_command	0x3416380	0x1805e3
11160	0x2486070	pin_poi_command	0x34164a0	0x1805fc
11161	0x2486058	pin_project_command	0x34165c0	0x180615
11162	0x2486098	pin_site_command	0x34166e0	0x18062e
11163	0x2486080	pin_situation_command	0x3416800	0x180647
11164	0x24860bc	pinned	0x3416920	0x180660
11165	0x24860b0	refugees	0x3416a40	0x180679
11166	0x24860e8	triggered_self_modifier	0x3416b60	0x180692
11167	0x24860c8	triggered_species_modifier	0x3416c80	0x1806ab
11168	0x2486128	triggered_pop_group_modifier	0x3416da0	0x1806c4
11169	0x2486100	triggered_planet_growth_modifier	0x3416ec0	0x1806dd
11170	0x2486168	triggered_planet_growth_habitability_modifier	0x3416fe0	0x1806f6
11171	0x2486148	triggered_leader_modifier	0x3417100	0x18070f
11172	0x24861b0	triggered_councilor_modifier	0x3417220	0x180728
11173	0x2486198	diplo_action_dates	0x3417340	0x180741
11174	0x24861f8	living_standard_shared_burden	0x3417460	0x18075a
11175	0x24861d0	should_swap_deposit_on_terraforming	0x3417580	0x180773
11176	0x2486248	uses_alternative_skies_for_moons	0x34176a0	0x18078c
11177	0x2486218	uses_alternative_skies_if_has_orbital_ring	0x34177c0	0x1807a5
11178	0x2486288	is_ruined_orbital_ring	0x34178e0	0x1807be
11179	0x2486270	use_for_ai_budget	0x3417a00	0x1807d7
11180	0x24862c8	ai_use_parent_for_resources_expenditure	0x3417b20	0x1807f0
11181	0x24862a0	ai_use_parent_for_resources_upkeep	0x3417c40	0x180809
11182	0x2486310	ai_use_parent_for_resources_logistics	0x3417d60	0x180822
11183	0x24862f0	ai_use_defense_platforms	0x3417e80	0x18083b
11184	0x2486350	should_apply_unemployment_penalties	0x3417fa0	0x180854
11185	0x2486338	unemployment_penalties	0x34180c0	0x18086d
11186	0x2486380	building	0x34181e0	0x180886
11187	0x2486374	zone	0x3418300	0x18089f
11188	0x24863b0	district	0x3418420	0x1808b8
11189	0x2486390	change_job_priority_command	0x3418540	0x1808d1
11190	0x24863d0	change_job_automated_workforce_limit_command	0x3418660	0x1808ea
11191	0x24863c0	expenditure	0x3418780	0x180903
11192	0x2486410	immigration	0x34188a0	0x18091c
11193	0x2486400	emigration	0x34189c0	0x180935
11194	0x2486440	building_icon	0x3418ae0	0x18094e
11195	0x2486420	planet_defense_armies_add	0x3418c00	0x180967
11196	0x2486470	former_federation_ship	0x3418d20	0x180980
11197	0x2486450	former_federation_template	0x3418e40	0x180999
11198	0x24864a0	planet_crime_add	0x3418f60	0x1809b2
11199	0x2486488	planet_crime_floor_add	0x3419080	0x1809cb
11200	0x24864c8	planet_crime_mult	0x34191a0	0x1809e4
11201	0x24864b8	job_priority	0x34192c0	0x1809fd
11202	0x2486500	former_job	0x34193e0	0x180a16
11203	0x24864e0	can_species_be_assembled	0x3419500	0x180a2f
11204	0x2486520	species_uses_bonus_growth	0x3419620	0x180a48
11205	0x2486510	pop_assembly	0x3419740	0x180a61
11206	0x2486558	ship_orbital_bombardment_mult	0x3419860	0x180a7a
11207	0x2486540	assembling_species	0x3419980	0x180a93
11208	0x2486588	pass_date	0x3419aa0	0x180aac
11209	0x2486578	freeze_date	0x3419bc0	0x180ac5
11210	0x24865b8	pop_group_has_random_ethics	0x3419ce0	0x180ade
11211	0x2486598	citizenship_robot_servitude	0x3419e00	0x180af7
11212	0x24865e8	planet_pop_assembly_add	0x3419f20	0x180b10
11213	0x24865d8	built_species	0x341a040	0x180b29
11214	0x2486618	planet_pop_assembly_mult	0x341a160	0x180b42
11215	0x2486600	pop_assembly_speed	0x341a280	0x180b5b
11216	0x247aab8	toast	0x341a3a0	0x180b74
11217	0x2486658	default_toast	0x341a4c0	0x180b8d
11218	0x2486638	planet_pop_assembly_reduction	0x341a5e0	0x180ba6
11219	0x2486690	planet_resettlement_unemployed_destination_mult	0x341a700	0x180bbf
11220	0x2486668	planet_resettlement_unemployed_mult	0x341a820	0x180bd8
11221	0x24866e0	pop_growth_from_immigration	0x341a940	0x180bf1
11222	0x24866c0	bio_pop_growth_from_immigration	0x341aa60	0x180c0a
11223	0x2486710	forced_end	0x341ab80	0x180c23
11224	0x2486700	default_enabled	0x341aca0	0x180c3c
11225	0x2486748	default_disabled	0x341adc0	0x180c55
11226	0x2486720	lith_pop_growth_from_immigration	0x341aee0	0x180c6e
11227	0x2486780	condition_string	0x341b000	0x180c87
11228	0x2486760	pop_decline_from_emigration	0x341b120	0x180ca0
11229	0x24867b8	min_for_deposits_on_planet	0x341b240	0x180cb9
11230	0x2486798	planet_immigration_pull_add	0x341b360	0x180cd2
11231	0x24867f8	planet_immigration_pull_mult	0x341b480	0x180ceb
11232	0x24867d8	planet_emigration_push_add	0x341b5a0	0x180d04
11233	0x2486838	planet_emigration_push_mult	0x341b6c0	0x180d1d
11234	0x2486818	max_for_deposits_on_planet	0x341b7e0	0x180d36
11235	0x2486888	is_for_colonizable	0x341b900	0x180d4f
11236	0x2486858	change_buildable_planet_queue_priority_command	0x341ba20	0x180d68
11237	0x24868b8	ship_roles	0x341bb40	0x180d81
11238	0x24868a0	pop_housing_usage_mult	0x341bc60	0x180d9a
11239	0x24868d8	pop_housing_usage_add	0x341bd80	0x180db3
11240	0x24868c8	assigned_jobs	0x341bea0	0x180dcc
11241	0x2486908	job_weights	0x341bfc0	0x180de5
11242	0x24868f0	update_owner_modifier	0x341c0e0	0x180dfe
11243	0x2486938	has_unemployed_migrating	0x341c200	0x180e17
11244	0x2486918	has_unemployed_not_migrating	0x341c320	0x180e30
11245	0x2486978	should_update_job_weights	0x341c440	0x180e49
11246	0x2486958	use_for_min_max_adjustments	0x341c560	0x180e62
11247	0x24869a8	count_as_available_for_ai	0x341c680	0x180e7b
11248	0x2486998	housing_usage	0x341c7a0	0x180e94
11249	0x24869e0	arrival_effect	0x341c8c0	0x180ead
11250	0x24869c8	pop_housing_usage_base	0x341c9e0	0x180ec6
11251	0x2486a00	positive	0x341cb00	0x180edf
11252	0x24869f0	negative	0x341cc20	0x180ef8
11253	0x2486a30	positive_stability_effect	0x341cd40	0x180f11
11254	0x2486a10	negative_stability_effect	0x341ce60	0x180f2a
11255	0x2486a68	allow_deficit	0x341cf80	0x180f43
11256	0x2486a50	planet_amenities_add	0x341d0a0	0x180f5c
11257	0x2486a88	planet_amenities_mult	0x341d1c0	0x180f75
11258	0x2486a78	ship_names	0x341d2e0	0x180f8e
11259	0x2486ac8	slave_market_cost_mult	0x341d400	0x180fa7
11260	0x2486aa0	overwrite_fleet_template_command	0x341d520	0x180fc0
11261	0x2486b00	clear_fleet_flag_command	0x341d640	0x180fd9
11262	0x2486ae0	remove_fleet_variable_command	0x341d760	0x180ff2
11263	0x2486b38	set_country_flag_command	0x341d880	0x18100b
11264	0x2486b20	army_build_queue_item	0x341d9a0	0x181024
11265	0x2486b68	should_ai_and_humans_use	0x341dac0	0x18103d
11266	0x2486b58	star_names	0x341dbe0	0x181056
11267	0x2486b98	opinions	0x341dd00	0x18106f
11268	0x2486b88	opposites	0x341de20	0x181088
11269	0x2486bb8	seen_objects	0x341df40	0x1810a1
11270	0x2486ba8	triggered_desc	0x341e060	0x1810ba
11271	0x2486bd8	triggered_blocked_desc	0x341e180	0x1810d3
11272	0x2486bc8	overlay_icon	0x341e2a0	0x1810ec
11273	0x2486c08	gridbox	0x341e3c0	0x181105
11274	0x2486bf0	district_background	0x341e4e0	0x18111e
11275	0x2486c20	ship_index	0x341e600	0x181137
11276	0x2486c10	ship_slot	0x341e720	0x181150
11277	0x2486c40	can_build	0x341e840	0x181169
11278	0x2486c30	growth_species	0x341e960	0x181182
11279	0x2486c64	ships	0x341ea80	0x18119b
11280	0x2486c50	jump_drive_cooldown	0x341eba0	0x1811b4
11281	0x2486c80	destroy_district_command	0x341ecc0	0x1811cd
11282	0x2486c70	last_jump_date	0x341ede0	0x1811e6
11283	0x2486cb8	blank_modifier	0x341ef00	0x1811ff
11284	0x2486ca0	scavenge_debris_mult	0x341f020	0x181218
11285	0x2486cd8	pop_decline_speed	0x341f140	0x181231
11286	0x2486cc8	template_index	0x341f260	0x18124a
11287	0x2486d08	constant_modifier	0x341f380	0x181263
11288	0x2486cf0	blocked_modifier	0x341f4a0	0x18127c
11289	0x2486d34	trait	0x341f5c0	0x181295
11290	0x2486d20	planet_housing_add	0x341f6e0	0x1812ae
11291	0x2486d58	planet_housing_mult	0x341f800	0x1812c7
11292	0x2486d40	free_pop_modifier	0x341f920	0x1812e0
11293	0x2486d88	decline	0x341fa40	0x1812f9
11294	0x2486d70	declining_species	0x341fb60	0x181312
11295	0x2486da0	star_gfx	0x341fc80	0x18132b
11296	0x2486d90	astral_rift_gfx	0x341fda0	0x181344
11297	0x2486dc0	planet_custom_label_offset	0x341fec0	0x18135d
11298	0x2486db0	is_employment	0x341ffe0	0x181376
11299	0x2486de8	release_occupied_systems_on_status_quo	0x3420100	0x18138f
11300	0x2486ddc	ethic	0x3420220	0x1813a8
11301	0x2486e30	pop_creativity	0x3420340	0x1813c1
11302	0x2486e10	change_faction_name_command	0x3420460	0x1813da
11303	0x2486e4c	away	0x3420580	0x1813f3
11304	0x2486e40	unavailable	0x34206a0	0x18140c
11305	0x2486e60	do_not_disturb	0x34207c0	0x181425
11306	0x2486e58	offline	0x34208e0	0x18143e
11307	0x2486e80	is_enclave	0x3420a00	0x181457
11308	0x2486e70	is_mercenary	0x3420b20	0x181470
11309	0x2486ea8	pop_research	0x3420c40	0x181489
11310	0x2486e90	should_draw_components	0x3420d60	0x1814a2
11311	0x2486ec8	pop_production	0x3420e80	0x1814bb
11312	0x2486eb8	ship_armor_mult	0x3420fa0	0x1814d4
11313	0x2486ef8	space_fauna_ship_hull_add	0x34210c0	0x1814ed
11314	0x2486ed8	space_fauna_ship_hull_mult	0x34211e0	0x181506
11315	0x2486f40	small_space_fauna_ship_hull_mult	0x3421300	0x18151f
11316	0x2486f18	medium_space_fauna_ship_hull_mult	0x3421420	0x181538
11317	0x2486f90	large_space_fauna_ship_hull_mult	0x3421540	0x181551
11318	0x2486f68	extra_large_space_fauna_ship_hull_mult	0x3421660	0x18156a
11319	0x2486fd8	titanic_space_fauna_ship_hull_mult	0x3421780	0x181583
11320	0x2486fb8	space_fauna_ship_cost_mult	0x34218a0	0x18159c
11321	0x2487028	small_space_fauna_ship_cost_mult	0x34219c0	0x1815b5
11322	0x2487000	medium_space_fauna_ship_cost_mult	0x3421ae0	0x1815ce
11323	0x2487078	large_space_fauna_ship_cost_mult	0x3421c00	0x1815e7
11324	0x2487050	extra_large_space_fauna_ship_cost_mult	0x3421d20	0x181600
11325	0x24870c8	titanic_space_fauna_ship_cost_mult	0x3421e40	0x181619
11326	0x24870a0	small_space_fauna_build_speed_mult	0x3421f60	0x181632
11327	0x2487118	medium_space_fauna_build_speed_mult	0x3422080	0x18164b
11328	0x24870f0	large_space_fauna_build_speed_mult	0x34221a0	0x181664
11329	0x2487168	extra_large_space_fauna_build_speed_mult	0x34222c0	0x18167d
11330	0x2487140	titanic_space_fauna_build_speed_mult	0x34223e0	0x181696
11331	0x24871b8	space_fauna_ship_armor_add	0x3422500	0x1816af
11332	0x2487198	space_fauna_ship_armor_mult	0x3422620	0x1816c8
11333	0x24871f8	space_fauna_ship_shield_add	0x3422740	0x1816e1
11334	0x24871d8	space_fauna_ship_shield_mult	0x3422860	0x1816fa
11335	0x2487240	space_fauna_ship_size_shield_add	0x3422980	0x181713
11336	0x2487218	space_fauna_ship_size_shield_regen_add	0x3422aa0	0x18172c
11337	0x2487278	space_fauna_ship_fire_rate_mult	0x3422bc0	0x181745
11338	0x2487268	could_not_reach	0x3422ce0	0x18175e
11339	0x24872a8	improves_leaders	0x3422e00	0x181777
11340	0x2487298	coordinate	0x3422f20	0x181790
11341	0x24872d0	requires_exploration	0x3423040	0x1817a9
11342	0x24872c0	in_combat_with	0x3423160	0x1817c2
11343	0x24872f0	fleet_fly_to_coordinates	0x3423280	0x1817db
11344	0x24872e8	fleet	0x34233a0	0x1817f4
11345	0x248731c	angle	0x34234c0	0x18180d
11346	0x2487310	ship_size	0x34235e0	0x181826
11347	0x2487338	ship_sizes	0x3423700	0x18183f
11348	0x2487328	ship_template	0x3423820	0x181858
11349	0x2487358	corvette	0x3423940	0x181871
11350	0x2487348	destroyer	0x3423a60	0x18188a
11351	0x2487378	cruiser	0x3423b80	0x1818a3
11352	0x2487368	battleship	0x3423ca0	0x1818bc
11353	0x2487398	sections	0x3423dc0	0x1818d5
11354	0x2487380	ship_section_template	0x3423ee0	0x1818ee
11355	0x24873a8	weapon_component_template	0x3424000	0x181907
11356	0x24873a4	bow	0x3424120	0x181920
11357	0x24873cc	mid	0x3424240	0x181939
11358	0x24873c4	stern	0x3424360	0x181952
11359	0x24873d8	section	0x3424480	0x18196b
11360	0x24873d0	small	0x34245a0	0x181984
11361	0x24873f0	slot_size	0x34246c0	0x18199d
11362	0x24873e0	component_slot	0x34247e0	0x1819b6
11363	0x248740c	slot	0x3424900	0x1819cf
11364	0x2487400	component	0x3424a20	0x1819e8
11365	0x248741c	design	0x3424b40	0x181a01
11366	0x2487414	begin	0x3424c60	0x181a1a
11367	0x2487438	fleet_slot	0x3424d80	0x181a33
11368	0x2487428	design_index	0x3424ea0	0x181a4c
11369	0x2487460	ship_design	0x3424fc0	0x181a65
11370	0x2487448	is_original_design	0x34250e0	0x181a7e
11371	0x2487480	stored_movement	0x3425200	0x181a97
11372	0x2487470	last_position	0x3425320	0x181ab0
11373	0x24874a0	target_position	0x3425440	0x181ac9
11374	0x2487490	post_move_angle	0x3425560	0x181ae2
11375	0x24874bc	windup	0x3425680	0x181afb
11376	0x24874b0	shots_fired	0x34257a0	0x181b14
11377	0x24874d0	next_weapon_index	0x34258c0	0x181b2d
11378	0x24874c4	from	0x34259e0	0x181b46
11379	0x24874f8	progress	0x3425b00	0x181b5f
11380	0x24874e8	total_progress	0x3425c20	0x181b78
11381	0x2487520	last_month_progress	0x3425d40	0x181b91
11382	0x2487508	weapon_component_index	0x3425e60	0x181baa
11383	0x2487548	locator_index	0x3425f80	0x181bc3
11384	0x2487538	armor_hitpoints	0x34260a0	0x181bdc
11385	0x2487568	shield_hitpoints	0x34261c0	0x181bf5
11386	0x2487558	country_event	0x34262e0	0x181c0e
11387	0x2487590	planet_event	0x3426400	0x181c27
11388	0x2487580	colony_event	0x3426520	0x181c40
11389	0x24875b0	carrier_event	0x3426640	0x181c59
11390	0x24875a0	namespace	0x3426760	0x181c72
11391	0x24875d0	fired_events	0x3426880	0x181c8b
11392	0x24875c0	pending_events	0x34269a0	0x181ca4
11393	0x24875e8	scope_is_valid	0x3426ac0	0x181cbd
11394	0x24875e0	country	0x3426be0	0x181cd6
11395	0x2487600	days	0x3426d00	0x181cef
11396	0x24875f8	months	0x3426e20	0x181d08
11397	0x2487610	years	0x3426f40	0x181d21
11398	0x2487608	factor	0x3427060	0x181d3a
11399	0x2487624	scope	0x3427180	0x181d53
11400	0x2487618	from_scope	0x34272a0	0x181d6c
11401	0x2487640	root_scope	0x34273c0	0x181d85
11402	0x2487630	prev_scope	0x34274e0	0x181d9e
11403	0x2487654	this	0x3427600	0x181db7
11404	0x248764c	root	0x3427720	0x181dd0
11405	0x2487688	prev	0x3427840	0x181de9
11406	0x2487660	auto_open_notifications_the_first_time	0x3427960	0x181e02
11407	0x2487698	can_be_sold_on_slave_market	0x3427a80	0x181e1b
11408	0x2487690	capital	0x3427ba0	0x181e34
11409	0x24876c8	capital_tier	0x3427cc0	0x181e4d
11410	0x24876b8	capital_scope	0x3427de0	0x181e66
11411	0x24876e4	owner	0x3427f00	0x181e7f
11412	0x24876d8	controller	0x3428020	0x181e98
11413	0x2487700	random	0x3428140	0x181eb1
11414	0x24876f0	random_ruler	0x3428260	0x181eca
11415	0x2487710	from_from_list	0x3428380	0x181ee3
11416	0x2487708	title	0x34284a0	0x181efc
11417	0x2487734	desc	0x34285c0	0x181f15
11418	0x2487720	mean_time_to_happen	0x34286e0	0x181f2e
11419	0x2487748	weight_multiplier	0x3428800	0x181f47
11420	0x2487740	trigger	0x3428920	0x181f60
11421	0x2487768	country_trigger	0x3428a40	0x181f79
11422	0x248775c	major	0x3428b60	0x181f92
11423	0x2487788	is_triggered_only	0x3428c80	0x181fab
11424	0x2487778	fire_only_once	0x3428da0	0x181fc4
11425	0x24877b0	is_test_event	0x3428ec0	0x181fdd
11426	0x24877a0	immediate	0x3428fe0	0x181ff6
11427	0x24877d8	ai_chance	0x3429100	0x18200f
11428	0x24877c0	original_recipient_only	0x3429220	0x182028
11429	0x24877f0	select_event_option	0x3429340	0x182041
11430	0x247a4f8	no	0x3429460	0x18205a
11431	0x24877e4	origin	0x3429580	0x182073
11432	0x2487818	transit_origin	0x34296a0	0x18208c
11433	0x2487808	system_space	0x34297c0	0x1820a5
11434	0x2487840	min_distance_from_sun	0x34298e0	0x1820be
11435	0x2487828	max_distance_from_sun	0x3429a00	0x1820d7
11436	0x2487868	same_solar_system	0x3429b20	0x1820f0
11437	0x2487858	closer_object	0x3429c40	0x182109
11438	0x2487890	further_object	0x3429d60	0x182122
11439	0x2487880	spawn_odds	0x3429e80	0x18213b
11440	0x24878b8	extra_orbit_size	0x3429fa0	0x182154
11441	0x24878a0	extra_planet_count	0x342a0c0	0x18216d
11442	0x24878e0	entity_scale	0x342a1e0	0x182186
11443	0x24878d0	min_moons	0x342a300	0x18219f
11444	0x2487900	max_moons	0x342a420	0x1821b8
11445	0x24878f0	can_be_moon	0x342a540	0x1821d1
11446	0x2487920	missile_speed	0x342a660	0x1821ea
11447	0x2487910	chance_of_ring	0x342a780	0x182203
11448	0x2487940	has_ring	0x342a8a0	0x18221c
11449	0x2487930	ideal_range	0x342a9c0	0x182235
11450	0x2487978	accuracy	0x342aae0	0x18224e
11451	0x2487950	ship_friendly_territory_armor_add	0x342ac00	0x182267
11452	0x24879b0	ship_friendly_territory_armor_mult	0x342ad20	0x182280
11453	0x2487988	ship_friendly_territory_shield_add	0x342ae40	0x182299
11454	0x2487a00	ship_friendly_territory_shield_mult	0x342af60	0x1822b2
11455	0x24879d8	ship_friendly_territory_hull_add	0x342b080	0x1822cb
11456	0x2487a50	ship_friendly_territory_hull_mult	0x342b1a0	0x1822e4
11457	0x2487a28	ship_friendly_territory_evasion_add	0x342b2c0	0x1822fd
11458	0x2487aa0	ship_friendly_territory_evasion_mult	0x342b3e0	0x182316
11459	0x2487a78	ship_friendly_territory_accuracy_add	0x342b500	0x18232f
11460	0x2487af0	ship_friendly_territory_accuracy_mult	0x342b620	0x182348
11461	0x2487ac8	ship_friendly_territory_tracking_add	0x342b740	0x182361
11462	0x2487b40	ship_friendly_territory_tracking_mult	0x342b860	0x18237a
11463	0x2487b18	ship_friendly_territory_fire_rate_mult	0x342b980	0x182393
11464	0x2487b78	ship_outside_friendly_territory_fire_rate_mult	0x342baa0	0x1823ac
11465	0x2487b68	is_a_hit	0x342bbc0	0x1823c5
11466	0x2487bbc	ship	0x342bce0	0x1823de
11467	0x2487ba8	physics_research	0x342be00	0x1823f7
11468	0x2487be0	ship_building	0x342bf20	0x182410
11469	0x2487bc8	ship_building_progress	0x342c040	0x182429
11470	0x2487c08	planet_class	0x342c160	0x182442
11471	0x2487bf0	preferred_planet_class	0x342c280	0x18245b
11472	0x2487c28	prefers_nebula	0x342c3a0	0x182474
11473	0x2487c18	projectile	0x342c4c0	0x18248d
11474	0x2487c50	from_position	0x342c5e0	0x1824a6
11475	0x2487c38	fleet_orbit_planet	0x342c700	0x1824bf
11476	0x2487c70	orbiting	0x342c820	0x1824d8
11477	0x2487c60	set_pop_job	0x342c940	0x1824f1
11478	0x2487c94	job	0x342ca60	0x18250a
11479	0x2487c80	society_research	0x342cb80	0x182523
11480	0x2487cb0	engineering_research	0x342cca0	0x18253c
11481	0x2487c98	build_queue_item	0x342cdc0	0x182555
11482	0x2487ce0	fleet_specialization_tag	0x342cee0	0x18256e
11483	0x2487cc8	add_ship_to_build_queue	0x342d000	0x182587
11484	0x2487d10	order	0x342d120	0x1825a0
11485	0x2487d00	current_order	0x342d240	0x1825b9
11486	0x2487d30	move_to_system_point_order	0x342d360	0x1825d2
11487	0x2487d18	orbit_planet_order	0x342d480	0x1825eb
11488	0x2487d60	build_orbital_station_order	0x342d5a0	0x182604
11489	0x2487d50	spacestation_1	0x342d6c0	0x18261d
11490	0x2487d90	set_startup_design_for_human	0x342d7e0	0x182636
11491	0x2487d80	portraits	0x342d900	0x18264f
11492	0x2487dc0	class	0x342da20	0x182668
11493	0x2487db0	ready_status	0x342db40	0x182681
11494	0x2487dd0	colonize_planet_order	0x342dc60	0x18269a
11495	0x2487dc8	homepop	0x342dd80	0x1826b3
11496	0x2487df8	sensor_tech	0x342dea0	0x1826cc
11497	0x2487de8	discovery	0x342dfc0	0x1826e5
11498	0x2487e18	research_anomaly_order	0x342e0e0	0x1826fe
11499	0x2487e08	is_side_slot	0x342e200	0x182717
11500	0x247a8e8	medium	0x342e320	0x182730
11501	0x2487e40	large	0x342e440	0x182749
11502	0x2487e30	delayed_event	0x342e560	0x182762
11503	0x2487e60	hide_window	0x342e680	0x18277b
11504	0x2487e48	event_window_type	0x342e7a0	0x182794
11505	0x2487e88	date	0x342e8c0	0x1827ad
11506	0x2487e70	dismantle_finish_date	0x342e9e0	0x1827c6
11507	0x2487ea0	fromfrom	0x342eb00	0x1827df
11508	0x2487e90	prevprev	0x342ec20	0x1827f8
11509	0x2487ec8	prevprevprev	0x342ed40	0x182811
11510	0x2487eb0	prevprevprevprev	0x342ee60	0x18282a
11511	0x2487ee8	reserve_point	0x342ef80	0x182843
11512	0x2487ed8	icon_frame	0x342f0a0	0x18285c
11513	0x2478a88	events	0x342f1c0	0x182875
11514	0x2487f08	random_events	0x342f2e0	0x18288e
11515	0x2487ef8	fleet_design	0x342f400	0x1828a7
11516	0x2487f30	create_ship_design	0x342f520	0x1828c0
11517	0x2487f18	create_fleet_design	0x342f640	0x1828d9
11518	0x2487f60	edit_fleet_design	0x342f760	0x1828f2
11519	0x2487f48	edit_fleet_slot_config	0x342f880	0x18290b
11520	0x2487f88	fleet_slots	0x342f9a0	0x182924
11521	0x2487f78	ship_ids	0x342fac0	0x18293d
11522	0x2487fb0	set_fleet_to_use_design	0x342fbe0	0x182956
11523	0x2487f98	society_technology	0x342fd00	0x18296f
11524	0x2487fe0	physics_technology	0x342fe20	0x182988
11525	0x2487fc8	engineering_technology	0x342ff40	0x1829a1
11526	0x2488008	research_technology_command	0x3430060	0x1829ba
11527	0x2487ff8	technology	0x3430180	0x1829d3
11528	0x2488040	technology_difficulty_scale	0x34302a0	0x1829ec
11529	0x2488028	finished_research	0x34303c0	0x182a05
11530	0x2488070	physics_queue	0x34304e0	0x182a1e
11531	0x2488060	society_queue	0x3430600	0x182a37
11532	0x2488090	engineering_queue	0x3430720	0x182a50
11533	0x2488080	next_ship_index	0x3430840	0x182a69
11534	0x24880b8	prerequisites	0x3430960	0x182a82
11535	0x24880a8	beam_type	0x3430a80	0x182a9b
11536	0x24880d8	low_gravity	0x3430ba0	0x182ab4
11537	0x24880c8	high_gravity	0x3430cc0	0x182acd
11538	0x24880ec	beam	0x3430de0	0x182ae6
11539	0x24880e4	power	0x3430f00	0x182aff
11540	0x2488100	utility_component_template	0x3431020	0x182b18
11541	0x24880f8	utility	0x3431140	0x182b31
11542	0x2488138	slot_type	0x3431260	0x182b4a
11543	0x2488120	science_lab_speed	0x3431380	0x182b63
11544	0x2488148	science_lab_level	0x34314a0	0x182b7c
11545	0x2488144	tax	0x34315c0	0x182b95
11546	0x2488170	change_tax	0x34316e0	0x182bae
11547	0x2488160	potential	0x3431800	0x182bc7
11548	0x24881a0	show_if_not_potential	0x3431920	0x182be0
11549	0x2488180	not_potential_override_text_key	0x3431a40	0x182bf9
11550	0x24881c8	government	0x3431b60	0x182c12
11551	0x24881b8	modification	0x3431c80	0x182c2b
11552	0x24881e8	change_government	0x3431da0	0x182c44
11553	0x24881d8	offensive	0x3431ec0	0x182c5d
11554	0x2488210	behaviour	0x3431fe0	0x182c76
11555	0x2488200	total_fire_time	0x3432100	0x182c8f
11556	0x2488238	small_utility_slots	0x3432220	0x182ca8
11557	0x2488220	medium_utility_slots	0x3432340	0x182cc1
11558	0x2488258	large_utility_slots	0x3432460	0x182cda
11559	0x2488250	initial	0x3432580	0x182cf3
11560	0x2488280	horde_diplomacy	0x34326a0	0x182d0c
11561	0x2488270	pop_income	0x34327c0	0x182d25
11562	0x24882a0	pop_fertility	0x34328e0	0x182d3e
11563	0x2488290	pop_diplomacy	0x3432a00	0x182d57
11564	0x24882c8	pop_environment_tolerance	0x3432b20	0x182d70
11565	0x24882b0	pop_physics_research	0x3432c40	0x182d89
11566	0x2488308	pop_society_research	0x3432d60	0x182da2
11567	0x24882e8	pop_engineering_research	0x3432e80	0x182dbb
11568	0x2488330	pop_happiness	0x3432fa0	0x182dd4
11569	0x2488320	player_portrait	0x34330c0	0x182ded
11570	0x2488350	player_icon	0x34331e0	0x182e06
11571	0x2488340	player_color	0x3433300	0x182e1f
11572	0x2488368	moon_of	0x3433420	0x182e38
11573	0x2488360	is_moon	0x3433540	0x182e51
11574	0x2488380	orbitals	0x3433660	0x182e6a
11575	0x2488370	discoveries	0x3433780	0x182e83
11576	0x24883a0	combat_target	0x34338a0	0x182e9c
11577	0x2488390	attackers	0x34339c0	0x182eb5
11578	0x24883b8	add_development_to_build_queue	0x3433ae0	0x182ece
11579	0x24883b0	money	0x3433c00	0x182ee7
11580	0x24883e8	remove_build_queue_item	0x3433d20	0x182f00
11581	0x24883d8	dev_production	0x3433e40	0x182f19
11582	0x2488418	energy_production	0x3433f60	0x182f32
11583	0x2488400	pop_slavery_tolerance	0x3434080	0x182f4b
11584	0x2488448	on_slave_sold_on_market	0x34341a0	0x182f64
11585	0x2488430	pop_war_tolerance	0x34342c0	0x182f7d
11586	0x2488470	borrowed_diplomatic_weight_array	0x34343e0	0x182f96
11587	0x2488460	pop_xenophobia	0x3434500	0x182faf
11588	0x24884a8	growth	0x3434620	0x182fc8
11589	0x2488498	colonizer_pop	0x3434740	0x182fe1
11590	0x24884c8	election_term_years	0x3434860	0x182ffa
11591	0x24884b0	election_term_variance	0x3434980	0x183013
11592	0x24884f0	ship_weapon_damage	0x3434aa0	0x18302c
11593	0x24884e0	ship_event	0x3434bc0	0x183045
11594	0x2488524	allow	0x3434ce0	0x18305e
11595	0x2488508	diplomatic_action_command	0x3434e00	0x183077
11596	0x2488548	action_declare_war	0x3434f20	0x183090
11597	0x2488530	action_offer_peace	0x3435040	0x1830a9
11598	0x2488578	rejected_actions	0x3435160	0x1830c2
11599	0x2488560	incoming_actions	0x3435280	0x1830db
11600	0x24885a0	ai_will_do	0x34353a0	0x1830f4
11601	0x2488590	diplo_action	0x34354c0	0x18310d
11602	0x24885bc	actor	0x34355e0	0x183126
11603	0x24885b0	recipient	0x3435700	0x18313f
11604	0x24885d0	third_party	0x3435820	0x183158
11605	0x24885c4	truce	0x3435940	0x183171
11606	0x24885f0	multiplier	0x3435a60	0x18318a
11607	0x24885e0	min_value	0x3435b80	0x1831a3
11608	0x2488610	max_value	0x3435ca0	0x1831bc
11609	0x2488600	time_multiplier	0x3435dc0	0x1831d5
11610	0x2488630	war	0x3435ee0	0x1831ee
11611	0x2488620	attacker_morale	0x3436000	0x183207
11612	0x2488648	defender_morale	0x3436120	0x183220
11613	0x2488638	start_date	0x3436240	0x183239
11614	0x2488668	opinion	0x3436360	0x183252
11615	0x2488658	opinion_level	0x3436480	0x18326b
11616	0x2488688	envoy_opinion_change	0x34365a0	0x183284
11617	0x2488670	relation_current	0x34366c0	0x18329d
11618	0x24886b8	relation_last_month	0x34367e0	0x1832b6
11619	0x24886a0	defender_morale_entry	0x3436900	0x1832cf
11620	0x24886e0	attacker_morale_entry	0x3436a20	0x1832e8
11621	0x24886d0	pop_event	0x3436b40	0x183301
11622	0x2488708	pop_group_event	0x3436c60	0x18331a
11623	0x24886f8	target_planets	0x3436d80	0x183333
11624	0x2488728	victory_effects	0x3436ea0	0x18334c
11625	0x2488718	fail_effects	0x3436fc0	0x183365
11626	0x2488740	loss_effects	0x34370e0	0x18337e
11627	0x2488738	enemy	0x3437200	0x183397
11628	0x2488768	ideal_planet_class	0x3437320	0x1833b0
11629	0x2488750	bound_to_planet_classes	0x3437440	0x1833c9
11630	0x2488798	approach	0x3437560	0x1833e2
11631	0x2488780	ethic_categories	0x3437680	0x1833fb
11632	0x24887c8	category_limit	0x34377a0	0x183414
11633	0x24887a8	category_limit_fail_text	0x34378c0	0x18342d
11634	0x24887e8	category_value	0x34379e0	0x183446
11635	0x24887d8	fail_category	0x3437b00	0x18345f
11636	0x2488810	complete_category	0x3437c20	0x183478
11637	0x24887f8	add_country_controller	0x3437d40	0x183491
11638	0x2488840	last_months_balance	0x3437e60	0x1834aa
11639	0x2488828	last_months_tax_money	0x3437f80	0x1834c3
11640	0x2488878	last_months_produced_money	0x34380a0	0x1834dc
11641	0x2488858	last_months_colony_maintenance	0x34381c0	0x1834f5
11642	0x24888b8	last_months_building_maintenance	0x34382e0	0x18350e
11643	0x2488898	last_months_ship_maintenance	0x3438400	0x183527
11644	0x24888f0	last_months_army_maintenance	0x3438520	0x183540
11645	0x24888e0	timelimit	0x3438640	0x183559
11646	0x2488920	needed_local_lab_level	0x3438760	0x183572
11647	0x2488910	on_success	0x3438880	0x18358b
11648	0x2488948	on_fail	0x34389a0	0x1835a4
11649	0x2488938	on_cancel	0x3438ac0	0x1835bd
11650	0x2488960	on_monthly	0x3438be0	0x1835d6
11651	0x2488950	on_select	0x3438d00	0x1835ef
11652	0x2488980	event_scope	0x3438e20	0x183608
11653	0x2488970	special_project	0x3438f40	0x183621
11654	0x24889a0	enable_special_project	0x3439060	0x18363a
11655	0x2488990	days_left	0x3439180	0x183653
11656	0x24889d8	tech_department	0x34392a0	0x18366c
11657	0x24889b8	research_project_command	0x34393c0	0x183685
11658	0x2488a00	next_special_project_id	0x34394e0	0x18369e
11659	0x24889e8	anomaly_category	0x3439600	0x1836b7
11660	0x2488a30	spawn_random_anomaly	0x3439720	0x1836d0
11661	0x2488a18	prescripted_country	0x3439840	0x1836e9
11662	0x2488a68	colonizable	0x3439960	0x183702
11663	0x2488a48	borrowed_diplomatic_weight	0x3439a80	0x18371b
11664	0x2488a88	last_dlcs	0x3439ba0	0x183734
11665	0x2488a78	last_mods	0x3439cc0	0x18374d
11666	0x2488aa8	force_pow2_textures	0x3439de0	0x183766
11667	0x2488a98	message_type	0x3439f00	0x18377f
11668	0x2488ad0	show_message	0x343a020	0x183798
11669	0x2488ac0	target_system	0x343a140	0x1837b1
11670	0x2488af8	target_planet	0x343a260	0x1837ca
11671	0x2488ae0	target_federation	0x343a380	0x1837e3
11672	0x2488b18	target_faction	0x343a4a0	0x1837fc
11673	0x2488b08	orbit_index	0x343a5c0	0x183815
11674	0x2488b48	produced_strategic_resource	0x343a6e0	0x18382e
11675	0x2488b28	pop_normal_gravity_happiness	0x343a800	0x183847
11676	0x2488b88	pop_low_gravity_happiness	0x343a920	0x183860
11677	0x2488b68	pop_high_gravity_happiness	0x343aa40	0x183879
11678	0x2488bc0	player_event	0x343ab60	0x183892
11679	0x2488ba8	strategic_resource	0x343ac80	0x1838ab
11680	0x2488be0	add_building_to_build_queue	0x343ada0	0x1838c4
11681	0x2488bd0	buildings	0x343aec0	0x1838dd
11682	0x2488c10	disabled_buildings	0x343afe0	0x1838f6
11683	0x2488c00	homeworld_name	0x343b100	0x18390f
11684	0x2488c40	peace_offer	0x343b220	0x183928
11685	0x2488c28	pickable_at_start	0x343b340	0x183941
11686	0x2488c60	preferred_planet_class_neighbor	0x343b460	0x18395a
11687	0x2488c50	add_resource	0x343b580	0x183973
11688	0x2488c90	add_variable	0x343b6a0	0x18398c
11689	0x2488c80	alternate	0x343b7c0	0x1839a5
11690	0x2488cb8	point_defence	0x343b8e0	0x1839be
11691	0x2488ca0	point_defence_targets	0x343ba00	0x1839d7
11692	0x2488ce0	shipclass_military	0x343bb20	0x1839f0
11693	0x2488cc8	shipclass_constructor	0x343bc40	0x183a09
11694	0x2488d10	shipclass_colonizer	0x343bd60	0x183a22
11695	0x2488cf8	shipclass_science_ship	0x343be80	0x183a3b
11696	0x2488d48	shipclass_orbital_station	0x343bfa0	0x183a54
11697	0x2488d28	shipclass_mining_station	0x343c0c0	0x183a6d
11698	0x2488d88	shipclass_research_station	0x343c1e0	0x183a86
11699	0x2488d68	shipclass_military_station	0x343c300	0x183a9f
11700	0x2488dd0	shipclass_habitat_station	0x343c420	0x183ab8
11701	0x2488da8	update_current_nonmilitary_design	0x343c540	0x183ad1
11702	0x2488e00	add_current_design_ship_to_build_queue	0x343c660	0x183aea
11703	0x2488df0	defensive	0x343c780	0x183b03
11704	0x2488e38	add_army_to_build_queue	0x343c8a0	0x183b1c
11705	0x2488e28	built_armies	0x343c9c0	0x183b35
11706	0x2488e60	home_planet	0x343cae0	0x183b4e
11707	0x2488e50	home_colony	0x343cc00	0x183b67
11708	0x2488e80	spawning_planet	0x343cd20	0x183b80
11709	0x2488e70	spawning_colony	0x343ce40	0x183b99
11710	0x2488ea8	disband_army_command	0x343cf60	0x183bb2
11711	0x2488e90	shipclass_transport	0x343d080	0x183bcb
11712	0x2488ed0	move_army_to_orbit_command	0x343d1a0	0x183be4
11713	0x2488ec0	land_army	0x343d2c0	0x183bfd
11714	0x2488f10	civilian	0x343d3e0	0x183c16
11715	0x2488ef0	current_non_military_design	0x343d500	0x183c2f
11716	0x2488f30	maintenance	0x343d620	0x183c48
11717	0x2488f20	ground_combat	0x343d740	0x183c61
11718	0x2488f58	defenders	0x343d860	0x183c7a
11719	0x2488f40	ground_damage_bonus	0x343d980	0x183c93
11720	0x2488f70	ground_combat_efficiency	0x343daa0	0x183cac
11721	0x2488f64	locked	0x343dbc0	0x183cc5
11722	0x2488fa8	locked_animation_state	0x343dce0	0x183cde
11723	0x2488f90	lock_pop_command	0x343de00	0x183cf7
11724	0x2488fd0	tech_area	0x343df20	0x183d10
11725	0x2488fc0	assignment	0x343e040	0x183d29
11726	0x2488ff0	song	0x343e160	0x183d42
11727	0x2488fe0	camera_focus	0x343e280	0x183d5b
11728	0x2489008	moon_start_dist	0x343e3a0	0x183d74
11729	0x2488ff8	ground_support	0x343e4c0	0x183d8d
11730	0x2489020	ground_support_stance	0x343e5e0	0x183da6
11731	0x2489018	soft	0x343e700	0x183dbf
11732	0x2489060	limited	0x343e820	0x183dd8
11733	0x247aa34	full	0x343e940	0x183df1
11734	0x2489038	set_fleet_ground_support_stance_command	0x343ea60	0x183e0a
11735	0x2489080	projectile_size_x	0x343eb80	0x183e23
11736	0x2489068	projectile_size_y	0x343eca0	0x183e3c
11737	0x24890a8	max_speed	0x343edc0	0x183e55
11738	0x2489098	acceleration	0x343eee0	0x183e6e
11739	0x24890c0	construction_offset_mult	0x343f000	0x183e87
11740	0x24890b8	evasion	0x343f120	0x183ea0
11741	0x2489100	max_hitpoints	0x343f240	0x183eb9
11742	0x24890e0	assign_ship_to_fleet_command	0x343f360	0x183ed2
11743	0x2489130	next_military_fleet_number	0x343f480	0x183eeb
11744	0x2489110	next_transport_fleet_number	0x343f5a0	0x183f04
11745	0x24afc80	adjective	0x343f6c0	0x183f1d
11746	0x2489160	class_restriction	0x343f7e0	0x183f36
11747	0x2489150	sensor_range	0x343f900	0x183f4f
11748	0x2489180	visited_objects	0x343fa20	0x183f68
11749	0x2489178	contact	0x343fb40	0x183f81
11750	0x2489198	create_fleet_command	0x343fc60	0x183f9a
11751	0x2489190	ethos	0x343fd80	0x183fb3
11752	0x24891c0	traits	0x343fea0	0x183fcc
11753	0x24891b0	galactic_object	0x343ffc0	0x183fe5
11754	0x24891e0	event_chain	0x34400e0	0x183ffe
11755	0x24891c8	event_chain_start	0x3440200	0x184017
11756	0x2489208	event_chain_end	0x3440320	0x184030
11757	0x24891f0	completed_event_chain	0x3440440	0x184049
11758	0x2489228	situation	0x3440560	0x184062
11759	0x2489218	event_history	0x3440680	0x18407b
11760	0x2489248	finished_chain	0x34407a0	0x184094
11761	0x2489238	current_chain	0x34408c0	0x1840ad
11762	0x2489268	start_tech	0x34409e0	0x1840c6
11763	0x2489258	star_class	0x3440b00	0x1840df
11764	0x2489288	stored_techpoints	0x3440c20	0x1840f8
11765	0x2489278	tech_status	0x3440d40	0x184111
11766	0x24892b0	levels	0x3440e60	0x18412a
11767	0x24892a0	component_set	0x3440f80	0x184143
11768	0x24892c8	nebula	0x34410a0	0x18415c
11769	0x24892b8	nebula_names	0x34411c0	0x184175
11770	0x24892f0	array_index	0x34412e0	0x18418e
11771	0x24892d0	create_or_update_ship_design	0x3441400	0x1841a7
11772	0x2489304	b_star	0x3441520	0x1841c0
11773	0x24892fc	a_star	0x3441640	0x1841d9
11774	0x2489314	f_star	0x3441760	0x1841f2
11775	0x248930c	g_star	0x3441880	0x18420b
11776	0x2489324	k_star	0x34419a0	0x184224
11777	0x248931c	m_star	0x3441ac0	0x18423d
11778	0x2489340	black_hole	0x3441be0	0x184256
11779	0x2489330	neutron_star	0x3441d00	0x18426f
11780	0x248935c	pulsar	0x3441e20	0x184288
11781	0x2489350	num_planets	0x3441f40	0x1842a1
11782	0x2489378	remove_project_from_queue	0x3442060	0x1842ba
11783	0x2489368	trait_points	0x3442180	0x1842d3
11784	0x24893a8	create_species_mod_special_project	0x34422a0	0x1842ec
11785	0x2489398	close_range	0x34423c0	0x184305
11786	0x24893e0	max_range	0x34424e0	0x18431e
11787	0x24893d0	migrating_pop	0x3442600	0x184337
11788	0x2489400	migrating_progress	0x3442720	0x184350
11789	0x24893f0	variable_string	0x3442840	0x184369
11790	0x2489428	lookups	0x3442960	0x184382
11791	0x2489418	hyperlane	0x3442a80	0x18439b
11792	0x2478158	to	0x3442ba0	0x1843b4
11793	0x2489438	distance	0x3442cc0	0x1843cd
11794	0x2489430	ftl	0x3442de0	0x1843e6
11795	0x2489454	warp	0x3442f00	0x1843ff
11796	0x2489448	hyperdrive	0x3443020	0x184418
11797	0x2489470	shipclass_wormhole_station	0x3443140	0x184431
11798	0x2489460	enslaved	0x3443260	0x18444a
11799	0x24894a0	enslave_pop_command	0x3443380	0x184463
11800	0x2489490	emancipate	0x34434a0	0x18447c
11801	0x24894d0	build_space_station_order	0x34435c0	0x184495
11802	0x24894b8	own_species_slavery	0x34436e0	0x1844ae
11803	0x2489510	alien_slavery	0x3443800	0x1844c7
11804	0x24894f0	pop_alien_slavery_tolerance	0x3443920	0x1844e0
11805	0x248952c	risk	0x3443a40	0x1844f9
11806	0x2489520	risk_event	0x3443b60	0x184512
11807	0x2489540	timed_modifier	0x3443c80	0x18452b
11808	0x2489534	flags	0x3443da0	0x184544
11809	0x2489568	wormhole_open	0x3443ec0	0x18455d
11810	0x2489550	wormhole_destination	0x3443fe0	0x184576
11811	0x2489580	last_created	0x3444100	0x18458f
11812	0x2489578	parts	0x3444220	0x1845a8
11813	0x24895a8	empire_name_parts_list	0x3444340	0x1845c1
11814	0x2489590	empire_name_format	0x3444460	0x1845da
11815	0x24895d8	federation_name_parts_list	0x3444580	0x1845f3
11816	0x24895c0	federation_name_format	0x34446a0	0x18460c
11817	0x248960c	add	0x34447c0	0x184625
11818	0x24895f8	last_created_fleet	0x34448e0	0x18463e
11819	0x2489628	has_custom_name	0x3444a00	0x184657
11820	0x2489610	sensor_range_fleets	0x3444b20	0x184670
11821	0x2489648	wormhole	0x3444c40	0x184689
11822	0x2489638	ftl_trail	0x3444d60	0x1846a2
11823	0x2489668	analyze_ftl_trail_order	0x3444e80	0x1846bb
11824	0x2489658	analyzed	0x3444fa0	0x1846d4
11825	0x2489698	local_player_event	0x34450c0	0x1846ed
11826	0x2489680	ship_shield_hp_add	0x34451e0	0x184706
11827	0x24896c8	ship_shield_hp_mult	0x3445300	0x18471f
11828	0x24896b0	ship_shield_regen_add	0x3445420	0x184738
11829	0x24896f0	ship_shield_regen_mult	0x3445540	0x184751
11830	0x24896e0	fighter_hangar	0x3445660	0x18476a
11831	0x2489720	shipclass_fighter	0x3445780	0x184783
11832	0x2489708	shipclass_missile	0x34458a0	0x18479c
11833	0x2489740	warhead	0x34459c0	0x1847b5
11834	0x2489738	missile	0x3445ae0	0x1847ce
11835	0x2489758	fleet_slot_size	0x3445c00	0x1847e7
11836	0x2489748	num_sections	0x3445d20	0x184800
11837	0x2489780	num_target_locators	0x3445e40	0x184819
11838	0x2489768	global_ship_design	0x3445f60	0x184832
11839	0x24897b0	owner_main_species	0x3446080	0x18484b
11840	0x2489798	random_pop_species	0x34461a0	0x184864
11841	0x24897d8	garrison	0x34462c0	0x18487d
11842	0x24897c8	primitive	0x34463e0	0x184896
11843	0x2489800	is_pirate	0x3446500	0x1848af
11844	0x24897e8	random_name_database	0x3446620	0x1848c8
11845	0x2489828	size_multiplier	0x3446740	0x1848e1
11846	0x2489810	ship_ftl_power_add	0x3446860	0x1848fa
11847	0x2489840	ship_ftl_power_mult	0x3446980	0x184913
11848	0x2489838	subtech	0x3446aa0	0x18492c
11849	0x2489870	reserve	0x3446bc0	0x184945
11850	0x2489858	target_coordinate	0x3446ce0	0x18495e
11851	0x2489898	target_coordinate_angle	0x3446e00	0x184977
11852	0x2489878	target_coordinate_cosangle	0x3446f20	0x184990
11853	0x24898c0	target_coordinate_sinangle	0x3447040	0x1849a9
11854	0x24898b0	arrival_date	0x3447160	0x1849c2
11855	0x24898f8	last_created_country	0x3447280	0x1849db
11856	0x24898e0	last_created_species	0x34473a0	0x1849f4
11857	0x2489920	created_this_update	0x34474c0	0x184a0d
11858	0x2489910	launched_from	0x34475e0	0x184a26
11859	0x2489948	launched_from_weapon_index	0x3447700	0x184a3f
11860	0x2489938	major_trigger	0x3447820	0x184a58
11861	0x2489980	planet_size	0x3447940	0x184a71
11862	0x2489968	is_space_station	0x3447a60	0x184a8a
11863	0x24899a0	is_orbital_ring	0x3447b80	0x184aa3
11864	0x2489990	alliance	0x3447ca0	0x184abc
11865	0x24899cc	member	0x3447dc0	0x184ad5
11866	0x24899b0	action_invite_to_alliance	0x3447ee0	0x184aee
11867	0x24899f0	action_ask_to_join_alliance	0x3448000	0x184b07
11868	0x24899d8	proposed_actions	0x3448120	0x184b20
11869	0x2489a14	voter	0x3448240	0x184b39
11870	0x2489a0c	vote	0x3448360	0x184b52
11871	0x2489a30	planet_names	0x3448480	0x184b6b
11872	0x2489a20	character_names	0x34485a0	0x184b84
11873	0x2489a48	name_list	0x34486c0	0x184b9d
11874	0x2489a40	names	0x34487e0	0x184bb6
11875	0x2489a68	first_names	0x3448900	0x184bcf
11876	0x2489a58	second_names	0x3448a20	0x184be8
11877	0x2489a84	claim	0x3448b40	0x184c01
11878	0x2489a78	influence	0x3448c60	0x184c1a
11879	0x2489aa8	asteroid	0x3448d80	0x184c33
11880	0x2489a90	leader_trait_rarity	0x3448ea0	0x184c4c
11881	0x2489ac8	gfx_settings	0x3448fc0	0x184c65
11882	0x2489ab8	light_direction	0x34490e0	0x184c7e
11883	0x2489ae8	light_diffuse	0x3449200	0x184c97
11884	0x2489ad8	light_intensity	0x3449320	0x184cb0
11885	0x2489b08	cubemap_intensity	0x3449440	0x184cc9
11886	0x2489af8	light_hdr_range	0x3449560	0x184ce2
11887	0x2489b30	bloom_width	0x3449680	0x184cfb
11888	0x2489b20	bloom_scale	0x34497a0	0x184d14
11889	0x2489b58	bright_threshold	0x34498c0	0x184d2d
11890	0x2489b40	emissive_bloom_strength	0x34499e0	0x184d46
11891	0x2489b88	hdr_min_adjustment	0x3449b00	0x184d5f
11892	0x2489b70	hdr_max_adjustment	0x3449c20	0x184d78
11893	0x2489bb8	hdr_adjustment_speed	0x3449d40	0x184d91
11894	0x2489ba0	tonemap_middlegrey	0x3449e60	0x184daa
11895	0x2489be0	tonemap_whiteluminance	0x3449f80	0x184dc3
11896	0x2489bd0	color_lut	0x344a0a0	0x184ddc
11897	0x2489c08	environment_map	0x344a1c0	0x184df5
11898	0x2489bf8	bloom_effect	0x344a2e0	0x184e0e
11899	0x2489c28	downsample_effect	0x344a400	0x184e27
11900	0x2489c18	restore_effect	0x344a520	0x184e40
11901	0x2489c50	restore_bloom_effect	0x344a640	0x184e59
11902	0x2489c40	camera_light	0x344a760	0x184e72
11903	0x2489c88	action_demand_subjugation	0x344a880	0x184e8b
11904	0x2489c68	action_ask_to_become_subjugated	0x344a9a0	0x184ea4
11905	0x2489cd0	action_release_vassal	0x344aac0	0x184ebd
11906	0x2489ca8	action_ask_to_be_released_vassal	0x344abe0	0x184ed6
11907	0x2489cf4	vassal	0x344ad00	0x184eef
11908	0x2489ce8	overlord	0x344ae20	0x184f08
11909	0x2489d10	overlord_weight	0x344af40	0x184f21
11910	0x2489d00	subject_weight	0x344b060	0x184f3a
11911	0x2489d30	diplomatic	0x344b180	0x184f53
11912	0x2489d20	response_text	0x344b2a0	0x184f6c
11913	0x2489d58	action_leave_alliance	0x344b3c0	0x184f85
11914	0x2489d40	action_form_federation	0x344b4e0	0x184f9e
11915	0x2489d90	action_invite_to_federation	0x344b600	0x184fb7
11916	0x2489d70	action_ask_to_join_federation	0x344b720	0x184fd0
11917	0x2489dc0	action_leave_federation	0x344b840	0x184fe9
11918	0x2489db0	federation	0x344b960	0x185002
11919	0x2489ddc	pirate	0x344ba80	0x18501b
11920	0x2489dd8	fov	0x344bba0	0x185034
11921	0x2489df0	ship_3d_view	0x344bcc0	0x18504d
11922	0x2489de4	near	0x344bde0	0x185066
11923	0x2489e14	far	0x344bf00	0x18507f
11924	0x2489e00	lava_bright_color	0x344c020	0x185098
11925	0x2489e30	lava_bright_intensity	0x344c140	0x1850b1
11926	0x2489e18	lava_hot_stone_color	0x344c260	0x1850ca
11927	0x2489e60	lava_hot_stone_intensity	0x344c380	0x1850e3
11928	0x2489e48	lava_cold_stone_color	0x344c4a0	0x1850fc
11929	0x2489e90	lava_cold_stone_intensity	0x344c5c0	0x185115
11930	0x2489e80	tex_lava_noise	0x344c6e0	0x18512e
11931	0x2489ec8	tex_lava_diffuse	0x344c800	0x185147
11932	0x2489eb0	tex_stone_diffuse	0x344c920	0x185160
11933	0x2489ee8	constructor	0x344ca40	0x185179
11934	0x2489ee0	science	0x344cb60	0x185192
11935	0x2489f08	colonizer	0x344cc80	0x1851ab
11936	0x2489ef8	greetings	0x344cda0	0x1851c4
11937	0x2489f20	select	0x344cec0	0x1851dd
11938	0x2489f18	propose	0x344cfe0	0x1851f6
11939	0x247a624	accept	0x344d100	0x18520f
11940	0x2489f30	propose_vote	0x344d220	0x185228
11941	0x2489f28	who	0x344d340	0x185241
11942	0x2489f48	consider	0x344d460	0x18525a
11943	0x2489f40	refuse	0x344d580	0x185273
11944	0x2489f70	message_desc	0x344d6a0	0x18528c
11945	0x2489f58	fleet_cancel_orders	0x344d7c0	0x1852a5
11946	0x2489f90	system_light	0x344d8e0	0x1852be
11947	0x2489f80	name_type	0x344da00	0x1852d7
11948	0x2489fb0	tooltip_info	0x344db20	0x1852f0
11949	0x2489fa0	ruler_title	0x344dc40	0x185309
11950	0x2489fd8	ruler_title_female	0x344dd60	0x185322
11951	0x2489fc0	survey_planet_order	0x344de80	0x18533b
11952	0x248a000	set_control_group_command	0x344dfa0	0x185354
11953	0x2489ff0	control_groups	0x344e0c0	0x18536d
11954	0x248a038	destroy_building_command	0x344e1e0	0x185386
11955	0x248a020	fire_leader_command	0x344e300	0x18539f
11956	0x248a080	last_months_station_maintenance	0x344e420	0x1853b8
11957	0x248a058	last_months_construction_expenses	0x344e540	0x1853d1
11958	0x248a0b0	current_months_construction_expenses	0x344e660	0x1853ea
11959	0x248a0a0	spawn_chance	0x344e780	0x185403
11960	0x248a0e8	cancelled	0x344e8a0	0x18541c
11961	0x248a0d8	candidates	0x344e9c0	0x185435
11962	0x248a108	election	0x344eae0	0x18544e
11963	0x248a0f8	next_election	0x344ec00	0x185467
11964	0x248a128	administration	0x344ed20	0x185480
11965	0x248a118	diplomacy	0x344ee40	0x185499
11966	0x248a148	military	0x344ef60	0x1854b2
11967	0x248a138	interior	0x344f080	0x1854cb
11968	0x248a160	ai_minister	0x344f1a0	0x1854e4
11969	0x248a154	chosen	0x344f2c0	0x1854fd
11970	0x248a178	select_election_winner_command	0x344f3e0	0x185516
11971	0x248a170	faction	0x344f500	0x18552f
11972	0x248a1a0	gender	0x344f620	0x185548
11973	0x248a198	male	0x344f740	0x185561
11974	0x248a1b8	female	0x344f860	0x18557a
11975	0x248a1a8	indeterminable	0x344f980	0x185593
11976	0x248a1d4	skill	0x344faa0	0x1855ac
11977	0x248a1c0	survey_time_factor	0x344fbc0	0x1855c5
11978	0x248a1f0	requires_science_ship	0x344fce0	0x1855de
11979	0x248a1e0	add_size	0x344fe00	0x1855f7
11980	0x247aaa8	notification	0x344ff20	0x185610
11981	0x248a230	default_notification	0x3450040	0x185629
11982	0x248a208	close_notification_message_command	0x3450160	0x185642
11983	0x248a258	last_notification_id	0x3450280	0x18565b
11984	0x248a248	last_event_id	0x34503a0	0x185674
11985	0x248a280	last_diplo_action_id	0x34504c0	0x18568d
11986	0x248a270	space_port_size	0x34505e0	0x1856a6
11987	0x248a2a8	re_election_allowed	0x3450700	0x1856bf
11988	0x248a298	is_dialog_only	0x3450820	0x1856d8
11989	0x248a2d0	auto_opens	0x3450940	0x1856f1
11990	0x248a2c0	target_fleet	0x3450a60	0x18570a
11991	0x248a2f0	galaxy_background	0x3450b80	0x185723
11992	0x248a2e0	min_zoom	0x3450ca0	0x18573c
11993	0x248a318	max_zoom	0x3450dc0	0x185755
11994	0x248a308	has_elections	0x3450ee0	0x18576e
11995	0x248a338	source	0x3451000	0x185787
11996	0x248a328	name_of_save	0x3451120	0x1857a0
11997	0x248a358	saving_frequency	0x3451240	0x1857b9
11998	0x248a340	pause_with_no_player	0x3451360	0x1857d2
11999	0x248a380	boot_time	0x3451480	0x1857eb
12000	0x248a370	start_time	0x34515a0	0x185804
12001	0x248a3a0	end_time	0x34516c0	0x18581d
12002	0x248a390	end_when	0x34517e0	0x185836
12003	0x248a3c0	admin_type	0x3451900	0x18584f
12004	0x248a3b0	everybody	0x3451a20	0x185868
12005	0x248a3e0	admin	0x3451b40	0x185881
12006	0x248a3d0	setup_players	0x3451c60	0x18589a
12007	0x248a400	game_speed	0x3451d80	0x1858b3
12008	0x248a3e8	research_station	0x3451ea0	0x1858cc
12009	0x248a420	mining_station	0x3451fc0	0x1858e5
12010	0x248a410	fleet_speed	0x34520e0	0x1858fe
12011	0x248a438	client_oos_detected	0x3452200	0x185917
12012	0x24afc60	base	0x3452320	0x185930
12013	0x248a430	current	0x3452440	0x185949
12014	0x248a460	total_bases_weight	0x3452560	0x185962
12015	0x248a450	pirate_target	0x3452680	0x18597b
12016	0x248a480	fleet_event	0x34527a0	0x185994
12017	0x248a474	wanted	0x34528c0	0x1859ad
12018	0x248a4a0	last_created_pop	0x34529e0	0x1859c6
12019	0x248a490	surveyor	0x3452b00	0x1859df
12020	0x248a4cc	which	0x3452c20	0x1859f8
12021	0x248a4b8	blockade_war_score	0x3452d40	0x185a11
12022	0x248a4f0	ship_kill_war_score	0x3452e60	0x185a2a
12023	0x248a4d8	attackers_war_score	0x3452f80	0x185a43
12024	0x248a510	defenders_war_score	0x34530a0	0x185a5c
12025	0x248a504	energy	0x34531c0	0x185a75
12026	0x248a538	cede_planet	0x34532e0	0x185a8e
12027	0x248a528	subjugate	0x3453400	0x185aa7
12028	0x248a558	vassalize	0x3453520	0x185ac0
12029	0x248a548	homeworld	0x3453640	0x185ad9
12030	0x248a578	habitability_preference	0x3453760	0x185af2
12031	0x248a568	starting_colony	0x3453880	0x185b0b
12032	0x248a5a0	prefix_format	0x34539a0	0x185b24
12033	0x248a590	ship_prefix	0x3453ac0	0x185b3d
12034	0x248a5c8	end_date	0x3453be0	0x185b56
12035	0x248a5b0	attackers_surrendered	0x3453d00	0x185b6f
12036	0x248a5e0	defenders_surrendered	0x3453e20	0x185b88
12037	0x248a5d4	active	0x3453f40	0x185ba1
12038	0x248a620	surrender_war_command	0x3454060	0x185bba
12039	0x248a5f8	fleet_combat_emergency_ftl_command	0x3454180	0x185bd3
12040	0x248a650	emergency_ftl	0x34542a0	0x185bec
12041	0x248a638	emergency_ftl_from	0x34543c0	0x185c05
12042	0x248a668	emergency_ftl_to	0x34544e0	0x185c1e
12043	0x248a660	demand	0x3454600	0x185c37
12044	0x248a688	patron_objective	0x3454720	0x185c50
12045	0x248a67c	deed	0x3454840	0x185c69
12046	0x248a6b0	deeds	0x3454960	0x185c82
12047	0x248a6a0	completed_deeds	0x3454a80	0x185c9b
12048	0x248a6c8	calling	0x3454ba0	0x185cb4
12049	0x248a6b8	callings	0x3454cc0	0x185ccd
12050	0x248a6e8	completed_callings	0x3454de0	0x185ce6
12051	0x248a6d0	calling_start_date	0x3454f00	0x185cff
12052	0x248a710	confirm_calling_completion_command	0x3455020	0x185d18
12053	0x248a700	passive_accord	0x3455140	0x185d31
12054	0x248a748	active_accord	0x3455260	0x185d4a
12055	0x248a738	accord_unlocked	0x3455380	0x185d63
12056	0x248a770	unlocked_passive_accords_count	0x34554a0	0x185d7c
12057	0x248a758	unlocked_active_accords	0x34555c0	0x185d95
12058	0x248a7a0	fleet_rotation_speed	0x34556e0	0x185dae
12059	0x248a790	is_in_range	0x3455800	0x185dc7
12060	0x248a7c0	release_vassal	0x3455920	0x185de0
12061	0x248a7b8	retreat	0x3455a40	0x185df9
12062	0x248a7e8	combat_order	0x3455b60	0x185e12
12063	0x248a7d0	first_names_female	0x3455c80	0x185e2b
12064	0x248a808	first_names_male	0x3455da0	0x185e44
12065	0x248a7f8	full_names	0x3455ec0	0x185e5d
12066	0x248a828	flanker	0x3455fe0	0x185e76
12067	0x248a81c	role	0x3456100	0x185e8f
12068	0x248a848	hyperlanes_visible	0x3456220	0x185ea8
12069	0x248a830	rebelling_against	0x3456340	0x185ec1
12070	0x248a860	rebel	0x3456460	0x185eda
12071	0x248a85c	arm	0x3456580	0x185ef3
12072	0x248a878	density	0x34566a0	0x185f0c
12073	0x248a868	leader_terms	0x34567c0	0x185f25
12074	0x248a890	is_new_leader	0x34568e0	0x185f3e
12075	0x248a880	fleet_names	0x3456a00	0x185f57
12076	0x248a8b0	change_planet_name_command	0x3456b20	0x185f70
12077	0x248a8a0	is_new_election	0x3456c40	0x185f89
12078	0x248a8e8	atmosphere_color	0x3456d60	0x185fa2
12079	0x248a8d0	atmosphere_intensity	0x3456e80	0x185fbb
12080	0x248a910	atmosphere_width	0x3456fa0	0x185fd4
12081	0x247aa00	autosave	0x34570c0	0x185fed
12082	0x248a900	planet_edict	0x34571e0	0x186006
12083	0x248a938	country_edict	0x3457300	0x18601f
12084	0x248a928	add_influence	0x3457420	0x186038
12085	0x248a960	add_edict	0x3457540	0x186051
12086	0x248a948	add_edict_command	0x3457660	0x18606a
12087	0x248a980	set_council_agenda_command	0x3457780	0x186083
12088	0x248a970	influence_cost	0x34578a0	0x18609c
12089	0x248a9b8	empire_unique	0x34579c0	0x1860b5
12090	0x248a9a0	empire_unique_buildings	0x3457ae0	0x1860ce
12091	0x248a9d0	galaxy_configuration_command	0x3457c00	0x1860e7
12092	0x248a9c8	galaxy	0x3457d20	0x186100
12093	0x248a9f8	shape	0x3457e40	0x186119
12094	0x248a9f0	spiral	0x3457f60	0x186132
12095	0x248aa08	elliptical	0x3458080	0x18614b
12096	0x248aa00	ring	0x34581a0	0x186164
12097	0x248aa30	pop_has_ethic	0x34582c0	0x18617d
12098	0x248aa18	pop_group_has_ethic	0x34583e0	0x186196
12099	0x248aa50	pop_group_has_trait	0x3458500	0x1861af
12100	0x248aa40	pop_add_ethic	0x3458620	0x1861c8
12101	0x248aa80	pop_remove_ethic	0x3458740	0x1861e1
12102	0x248aa68	displace_pop_amount	0x3458860	0x1861fa
12103	0x248aab0	set_faction_extorted	0x3458980	0x186213
12104	0x248aa98	set_faction_persistent	0x3458aa0	0x18622c
12105	0x248aad0	optimize_memory	0x3458bc0	0x186245
12106	0x248aac8	rare	0x3458ce0	0x18625e
12107	0x248aae8	uncommon	0x3458e00	0x186277
12108	0x248aae0	common	0x3458f20	0x186290
12109	0x248ab10	add_policy_command	0x3459040	0x1862a9
12110	0x248aaf8	remove_policy_command	0x3459160	0x1862c2
12111	0x248ab40	policies	0x3459280	0x1862db
12112	0x248ab28	edicts_and_policies	0x34593a0	0x1862f4
12113	0x248ab68	active_policies	0x34594c0	0x18630d
12114	0x248ab50	removed_policies	0x34595e0	0x186326
12115	0x248ab90	add_edict_planet_command	0x3459700	0x18633f
12116	0x248ab78	waiting_for_vote	0x3459820	0x186358
12117	0x248abc0	is_election_message	0x3459940	0x186371
12118	0x248abb0	next_rotation	0x3459a60	0x18638a
12119	0x248abf0	pop_job	0x3459b80	0x1863a3
12120	0x248abd8	set_planet_pop_job	0x3459ca0	0x1863bc
12121	0x248ac18	alliance_ship_design	0x3459dc0	0x1863d5
12122	0x248abf8	last_months_alliance_expenses	0x3459ee0	0x1863ee
12123	0x248ac58	current_months_alliance_expenses	0x345a000	0x186407
12124	0x248ac30	last_months_maintenance_expenses	0x345a120	0x186420
12125	0x248ac88	current_months_maintenance_expenses	0x345a240	0x186439
12126	0x248ac7c	debris	0x345a360	0x186452
12127	0x248acc8	gained_resources	0x345a480	0x18646b
12128	0x248acb0	pop_infrastructure_dev	0x345a5a0	0x186484
12129	0x248acf0	pop_unemployment_unhappiness	0x345a6c0	0x18649d
12130	0x248ace0	pop_ethic_shift	0x345a7e0	0x1864b6
12131	0x248ad28	war_exhaustion	0x345a900	0x1864cf
12132	0x248ad10	allowed_peace_offers	0x345aa20	0x1864e8
12133	0x248ad50	disband_ships_command	0x345ab40	0x186501
12134	0x248ad38	pop_war_happiness	0x345ac60	0x18651a
12135	0x248ad80	ship_class	0x345ad80	0x186533
12136	0x248ad68	fleet_send_to_location	0x345aea0	0x18654c
12137	0x248ada0	species_modifiers_only	0x345afc0	0x186565
12138	0x248ad90	pop_migration	0x345b0e0	0x18657e
12139	0x248adc0	migration_speed	0x345b200	0x186597
12140	0x248adb8	paused	0x345b320	0x1865b0
12141	0x248ade8	edict_cost	0x345b440	0x1865c9
12142	0x248add0	pop_group_modifier	0x345b560	0x1865e2
12143	0x248ae10	country_modifier	0x345b680	0x1865fb
12144	0x248adf8	ruler_skill_levels	0x345b7a0	0x186614
12145	0x248ae30	leader_skill_levels	0x345b8c0	0x18662d
12146	0x248ae28	sapient	0x345b9e0	0x186646
12147	0x248ae60	enables_uplifting	0x345bb00	0x18665f
12148	0x248ae48	begin_uplifting_command	0x345bc20	0x186678
12149	0x248ae88	global_ai	0x345bd40	0x186691
12150	0x248ae78	pop_ship_dev	0x345be60	0x1866aa
12151	0x248aeb0	pop_army_dev	0x345bf80	0x1866c3
12152	0x248ae98	planet_sensor_range_add	0x345c0a0	0x1866dc
12153	0x248aed8	planet_sensor_range_mult	0x345c1c0	0x1866f5
12154	0x248aec0	ship_weapon_range_mult	0x345c2e0	0x18670e
12155	0x248af10	ship_engagement_range_mult	0x345c400	0x186727
12156	0x248aef8	ship_fire_rate_mult	0x345c520	0x186740
12157	0x248af48	ship_combat_speed_mult	0x345c640	0x186759
12158	0x248af30	ship_evasion_mult	0x345c760	0x186772
12159	0x248af80	ship_evasion_add	0x345c880	0x18678b
12160	0x248af60	owned_ship_fire_rate_mult	0x345c9a0	0x1867a4
12161	0x248afb8	owned_ship_evasion_mult	0x345cac0	0x1867bd
12162	0x248af98	ship_cloaking_strength_add	0x345cbe0	0x1867d6
12163	0x248aff0	ship_cloaking_detection_add	0x345cd00	0x1867ef
12164	0x248afd0	fleet_cloaking_strength_add	0x345ce20	0x186808
12165	0x248b030	cloaking_cooldown	0x345cf40	0x186821
12166	0x248b010	cloaking_cooldown_start_date	0x345d060	0x18683a
12167	0x248b060	component_modifier	0x345d180	0x186853
12168	0x248b048	target_components	0x345d2a0	0x18686c
12169	0x248b090	component_damage_mult	0x345d3c0	0x186885
12170	0x248b078	component_energy_mult	0x345d4e0	0x18689e
12171	0x248b0c0	cost_per_level	0x345d600	0x1868b7
12172	0x248b0a8	upgrade_possible	0x345d720	0x1868d0
12173	0x248b0e8	level_tooltip	0x345d840	0x1868e9
12174	0x248b0d0	downgrade_potential	0x345d960	0x186902
12175	0x248b118	fleet_upgrade_design_command	0x345da80	0x18691b
12176	0x248b0f8	upgrade_design_fleet_order	0x345dba0	0x186934
12177	0x248b158	component_range_mult	0x345dcc0	0x18694d
12178	0x248b138	enslave_all_pops_command	0x345dde0	0x186966
12179	0x248b188	purge_pop_command	0x345df00	0x18697f
12180	0x248b170	purge_all_pops_command	0x345e020	0x186998
12181	0x248b1b0	genociding	0x345e140	0x1869b1
12182	0x248b1a0	feature_flags	0x345e260	0x1869ca
12183	0x248b1d0	uplifting	0x345e380	0x1869e3
12184	0x248b1c0	hyperlanes	0x345e4a0	0x1869fc
12185	0x248b1f0	players	0x345e5c0	0x186a15
12186	0x248b1e0	alien_rulers	0x345e6e0	0x186a2e
12187	0x248b208	is_genociding	0x345e800	0x186a47
12188	0x248b1f8	had_genocide	0x345e920	0x186a60
12189	0x248b230	had_species_genocide	0x345ea40	0x186a79
12190	0x248b218	had_colony_genocide	0x345eb60	0x186a92
12191	0x248b260	species_genociding	0x345ec80	0x186aab
12192	0x248b248	colony_genociding	0x345eda0	0x186ac4
12193	0x248b288	lost_to_country	0x345eec0	0x186add
12194	0x248b278	basic_diplomacy	0x345efe0	0x186af6
12195	0x248b2b8	invitation_to_alliances	0x345f100	0x186b0f
12196	0x248b298	vassalization_of_empires	0x345f220	0x186b28
12197	0x248b2e0	alien_leaders_recruitment	0x345f340	0x186b41
12198	0x248b2d0	leader_recruit	0x345f460	0x186b5a
12199	0x248b320	leader_conversation	0x345f580	0x186b73
12200	0x248b300	crisis_leader_conversation	0x345f6a0	0x186b8c
12201	0x248b350	leader_story	0x345f7c0	0x186ba5
12202	0x248b338	federations_created	0x345f8e0	0x186bbe
12203	0x248b370	modify_traits	0x345fa00	0x186bd7
12204	0x248b360	clone_vats	0x345fb20	0x186bf0
12205	0x248b398	animal_races_uplifted	0x345fc40	0x186c09
12206	0x248b380	leader_skills_spawn	0x345fd60	0x186c22
12207	0x248b3c8	leader_capacity	0x345fe80	0x186c3b
12208	0x248b3b0	country_revolt_risk	0x345ffa0	0x186c54
12209	0x248b3f0	planet_revolt_risk	0x34600c0	0x186c6d
12210	0x248b3d8	pop_processing_output	0x34601e0	0x186c86
12211	0x248b418	planet_infrastructure	0x3460300	0x186c9f
12212	0x248b408	forming_ships	0x3460420	0x186cb8
12213	0x248b440	possible	0x3460540	0x186cd1
12214	0x248b430	happened	0x3460660	0x186cea
12215	0x248b468	achievement	0x3460780	0x186d03
12216	0x248b450	production_credit	0x34608a0	0x186d1c
12217	0x248b488	individual_entreprises	0x34609c0	0x186d35
12218	0x248b478	against_country	0x3460ae0	0x186d4e
12219	0x248b4b8	from_country	0x3460c00	0x186d67
12220	0x248b4a0	wormhole_stations	0x3460d20	0x186d80
12221	0x248b4e0	wormhole_capacity	0x3460e40	0x186d99
12222	0x248b4c8	extended_wormhole	0x3460f60	0x186db2
12223	0x248b508	planet_infrastructure_cap	0x3461080	0x186dcb
12224	0x248b4f8	planet_survey	0x34611a0	0x186de4
12225	0x248b540	survey_planets	0x34612c0	0x186dfd
12226	0x248b528	additional_spaceport	0x34613e0	0x186e16
12227	0x248b568	spaceport	0x3461500	0x186e2f
12228	0x248b550	encountered_species	0x3461620	0x186e48
12229	0x248b588	space_station_dev	0x3461740	0x186e61
12230	0x248b578	building_dev	0x3461860	0x186e7a
12231	0x248b5b8	army_health	0x3461980	0x186e93
12232	0x248b5a0	dismantle_progress	0x3461aa0	0x186eac
12233	0x248b5d8	is_dismantling	0x3461bc0	0x186ec5
12234	0x248b5c8	army_damage	0x3461ce0	0x186ede
12235	0x248b5f8	assault_armies	0x3461e00	0x186ef7
12236	0x248b5e8	defense_armies	0x3461f20	0x186f10
12237	0x248b618	country_sensor_range_add	0x3462040	0x186f29
12238	0x248b608	cyborg_health	0x3462160	0x186f42
12239	0x248b650	cyborg_damage	0x3462280	0x186f5b
12240	0x248b638	cyborg_production	0x34623a0	0x186f74
12241	0x248b678	cyborg_research	0x34624c0	0x186f8d
12242	0x248b660	mechanical_trait	0x34625e0	0x186fa6
12243	0x248b690	rebel_armies	0x3462700	0x186fbf
12244	0x248b688	claims	0x3462820	0x186fd8
12245	0x248b6b8	display_claims	0x3462940	0x186ff1
12246	0x248b6a0	influence_gain_add	0x3462a60	0x18700a
12247	0x248b6e0	colony_development	0x3462b80	0x187023
12248	0x248b6c8	automated_development	0x3462ca0	0x18703c
12249	0x248b708	starting_weapons	0x3462dc0	0x187055
12250	0x248b6f8	last_windup	0x3462ee0	0x18706e
12251	0x248b730	pop_slots	0x3463000	0x187087
12252	0x248b720	pop_clones	0x3463120	0x1870a0
12253	0x248b750	ftl_travel	0x3463240	0x1870b9
12254	0x248b740	unsurveyed	0x3463360	0x1870d2
12255	0x248b770	exploitation	0x3463480	0x1870eb
12256	0x248b760	exploration	0x34635a0	0x187104
12257	0x248b790	expansion	0x34636c0	0x18711d
12258	0x248b780	fleet_icons	0x34637e0	0x187136
12259	0x248b7b0	add_colony_ship_to_build_queue	0x3463900	0x18714f
12260	0x248b7a0	colonization	0x3463a20	0x187168
12261	0x248b7e8	colonization_data	0x3463b40	0x187181
12262	0x248b7d0	country_leader_cap	0x3463c60	0x18719a
12263	0x248b810	last_months_running_balance	0x3463d80	0x1871b3
12264	0x248b800	map_mode	0x3463ea0	0x1871cc
12265	0x248b850	low_army_maintenance	0x3463fc0	0x1871e5
12266	0x248b830	unpaid_fleet_maintenance	0x34640e0	0x1871fe
12267	0x248b880	pop_other_species_happiness	0x3464200	0x187217
12268	0x248b868	pop_self_modification	0x3464320	0x187230
12269	0x248b8b0	11323	0x3464440	0x187249
12270	0x248b8a0	random_names	0x3464560	0x187262
12271	0x248b8d0	sequential_names	0x3464680	0x18727b
12272	0x248b8b8	fleet_names_sequential	0x34647a0	0x187294
12273	0x248b8f8	species_pops	0x34648c0	0x1872ad
12274	0x248b8e8	planet_pops	0x34649e0	0x1872c6
12275	0x248b920	species_leader_exp_gain	0x3464b00	0x1872df
12276	0x248b908	councilor_exp_gain	0x3464c20	0x1872f8
12277	0x248b950	admiral_exp_gain	0x3464d40	0x187311
12278	0x248b938	general_exp_gain	0x3464e60	0x18732a
12279	0x248b980	governor_exp_gain	0x3464f80	0x187343
12280	0x248b968	scientist_exp_gain	0x34650a0	0x18735c
12281	0x248b9b8	envoy_improve_relations_mult	0x34651c0	0x187375
12282	0x248b998	envoy_harm_relations_mult	0x34652e0	0x18738e
12283	0x248ba00	envoy_attunement_mult	0x3465400	0x1873a7
12284	0x248b9d8	accumulated_authority_envoy_effect	0x3465520	0x1873c0
12285	0x248ba38	transport	0x3465640	0x1873d9
12286	0x248ba18	collect_data_fleet_order	0x3465760	0x1873f2
12287	0x248ba70	collect_resource_fleet_order	0x3465880	0x18740b
12288	0x248ba48	collect_resource_and_data_fleet_order	0x34659a0	0x187424
12289	0x248baa0	production_spawn_chance	0x3465ac0	0x18743d
12290	0x248ba90	leader_cost	0x3465be0	0x187456
12291	0x248bac8	country_border_mult	0x3465d00	0x18746f
12292	0x248bab8	damagers	0x3465e20	0x187488
12293	0x248baf0	advanced_gov_forms	0x3465f40	0x1874a1
12294	0x248bae0	create_rebels	0x3466060	0x1874ba
12295	0x248bb20	lock_country_command	0x3466180	0x1874d3
12296	0x248bb08	pop_migration_time	0x34662a0	0x1874ec
12297	0x248bb50	is_analyze_message	0x34663c0	0x187505
12298	0x248bb38	is_debris_message	0x34664e0	0x18751e
12299	0x248bb80	missile_spawned	0x3466600	0x187537
12300	0x248bb68	missile_launcher	0x3466720	0x187550
12301	0x248bba0	defense_general	0x3466840	0x187569
12302	0x248bb90	offense_general	0x3466960	0x187582
12303	0x248bbc0	logistics_general	0x3466a80	0x18759b
12304	0x248bbb0	defense_admiral	0x3466ba0	0x1875b4
12305	0x248bbf0	offense_admiral	0x3466cc0	0x1875cd
12306	0x248bbd8	logistics_admiral	0x3466de0	0x1875e6
12307	0x248bc10	combat_morale	0x3466f00	0x1875ff
12308	0x248bc00	ftl_windup	0x3467020	0x187618
12309	0x248bc30	is_revolt_message	0x3467140	0x187631
12310	0x248bc20	pc_tropical	0x3467260	0x18764a
12311	0x248bc58	pc_continental	0x3467380	0x187663
12312	0x248bc48	pc_ocean	0x34674a0	0x18767c
12313	0x248bc78	pc_tundra	0x34675c0	0x187695
12314	0x248bc68	pc_arctic	0x34676e0	0x1876ae
12315	0x248bc98	pc_arid	0x3467800	0x1876c7
12316	0x248bc88	pc_desert	0x3467920	0x1876e0
12317	0x248bcc0	hostile_types	0x3467a40	0x1876f9
12318	0x248bca0	fleet_repair_ship_command	0x3467b60	0x187712
12319	0x248bce8	species_empire_size_mult	0x3467c80	0x18772b
12320	0x248bcd0	repair_fleet_order	0x3467da0	0x187744
12321	0x248bd20	decline_war	0x3467ec0	0x18775d
12322	0x248bd08	create_vassal_command	0x3467fe0	0x187776
12323	0x248bd50	action_not_active_in_war	0x3468100	0x18778f
12324	0x248bd30	warning_not_active_in_war	0x3468220	0x1877a8
12325	0x248bd80	sources	0x3468340	0x1877c1
12326	0x248bd70	trade_deal	0x3468460	0x1877da
12327	0x248bd98	trade_routes_manager	0x3468580	0x1877f3
12328	0x248bd88	trade_routes	0x34686a0	0x18780c
12329	0x248bdc0	trade_routes_available	0x34687c0	0x187825
12330	0x248bdb0	trade_hubs	0x34688e0	0x18783e
12331	0x248bde8	trade_collection	0x3468a00	0x187857
12332	0x248bdd8	trade_value_add	0x3468b20	0x187870
12333	0x248be18	trade_route	0x3468c40	0x187889
12334	0x248be00	create_trade_route	0x3468d60	0x1878a2
12335	0x248be40	delete_trade_route	0x3468e80	0x1878bb
12336	0x248be28	reroute_trade_route	0x3468fa0	0x1878d4
12337	0x248be68	special_construction	0x34690c0	0x1878ed
12338	0x248be58	conversion_type	0x34691e0	0x187906
12339	0x248be90	conversion_rate	0x3469300	0x18791f
12340	0x248be80	delivered	0x3469420	0x187938
12341	0x248beb0	collector	0x3469540	0x187951
12342	0x248bea0	collected	0x3469660	0x18796a
12343	0x248bed0	collected_from	0x3469780	0x187983
12344	0x248bec0	internal	0x34698a0	0x18799c
12345	0x248bf00	external	0x34699c0	0x1879b5
12346	0x248bee0	standard_trade_routes_module	0x3469ae0	0x1879ce
12347	0x248bf20	protector	0x3469c00	0x1879e7
12348	0x248bf10	throughput	0x3469d20	0x187a00
12349	0x248bf40	used	0x3469e40	0x187a19
12350	0x248bf30	trade_piracy	0x3469f60	0x187a32
12351	0x248bf50	enables_trade_routes_hub	0x346a080	0x187a4b
12352	0x248bf48	route	0x346a1a0	0x187a64
12353	0x248bf90	action_request_war	0x346a2c0	0x187a7d
12354	0x248bf70	shipclass_terraform_station	0x346a3e0	0x187a96
12355	0x248bfb8	shipclass_observation_station	0x346a500	0x187aaf
12356	0x248bfa8	primitive_age	0x346a620	0x187ac8
12357	0x248bff0	terraform_process	0x346a740	0x187ae1
12358	0x248bfd8	start_terraformation	0x346a860	0x187afa
12359	0x248c018	settings_explore	0x346a980	0x187b13
12360	0x248c008	settings_survey	0x346aaa0	0x187b2c
12361	0x248c048	settings_anomalies	0x346abc0	0x187b45
12362	0x248c030	settings_astral_rifts	0x346ace0	0x187b5e
12363	0x248c080	settings_digsites	0x346ae00	0x187b77
12364	0x248c060	settings_special_projects	0x346af20	0x187b90
12365	0x248c0a8	terraform_link	0x346b040	0x187ba9
12366	0x248c098	condition	0x346b160	0x187bc2
12367	0x248c0d0	action_offer_trade_deal	0x346b280	0x187bdb
12368	0x248c0b8	has_planet_edict	0x346b3a0	0x187bf4
12369	0x248c0f0	has_country_edict	0x346b4c0	0x187c0d
12370	0x248c0e8	robotic	0x346b5e0	0x187c26
12371	0x248c110	cyborg	0x346b700	0x187c3f
12372	0x248c108	psionic	0x346b820	0x187c58
12373	0x248c130	overtuned	0x346b940	0x187c71
12374	0x248c118	advanced_genetic	0x346ba60	0x187c8a
12375	0x248c150	malleable	0x346bb80	0x187ca3
12376	0x248c140	mutation	0x346bca0	0x187cbc
12377	0x248c178	build_terraform_station	0x346bdc0	0x187cd5
12378	0x248c160	add_terraform_cost	0x346bee0	0x187cee
12379	0x248c1b0	terraform_cost_change	0x346c000	0x187d07
12380	0x248c190	last_months_trade_income	0x346c120	0x187d20
12381	0x248c1e8	current_months_trade_income	0x346c240	0x187d39
12382	0x248c1c8	last_months_trade_expenses	0x346c360	0x187d52
12383	0x248c220	current_months_trade_expenses	0x346c480	0x187d6b
12384	0x248c208	cancel_terraformation	0x346c5a0	0x187d84
12385	0x248c250	has_observation_outpost	0x346c6c0	0x187d9d
12386	0x248c240	fallen_empire	0x346c7e0	0x187db6
12387	0x248c270	terraform_credit_cost	0x346c900	0x187dcf
12388	0x248c268	replace	0x346ca20	0x187de8
12389	0x248c2a0	action_cancel_trade_deal	0x346cb40	0x187e01
12390	0x248c288	military_station	0x346cc60	0x187e1a
12391	0x248c2d0	remove_diplomatic_message	0x346cd80	0x187e33
12392	0x248c2c0	control_group	0x346cea0	0x187e4c
12393	0x248c318	remove_control_group_command	0x346cfc0	0x187e65
12394	0x248c2f0	remove_new_ruler_message_command	0x346d0e0	0x187e7e
12395	0x248c348	reparation_start_date	0x346d200	0x187e97
12396	0x248c338	event_locked	0x346d320	0x187eb0
12397	0x248c36c	forced	0x346d440	0x187ec9
12398	0x248c360	incoming	0x346d560	0x187ee2
12399	0x248c388	outgoing	0x346d680	0x187efb
12400	0x248c378	border_access	0x346d7a0	0x187f14
12401	0x248c3a4	mia	0x346d8c0	0x187f2d
12402	0x248c398	return_date	0x346d9e0	0x187f46
12403	0x248c3b8	hierarchical	0x346db00	0x187f5f
12404	0x248c3a8	tolerance	0x346dc20	0x187f78
12405	0x248c3d0	honorable	0x346dd40	0x187f91
12406	0x248c3c8	warlike	0x346de60	0x187faa
12407	0x248c3f0	personality	0x346df80	0x187fc3
12408	0x248c3e0	attachments	0x346e0a0	0x187fdc
12409	0x248c418	attachment	0x346e1c0	0x187ff5
12410	0x248c400	custom_attachment_label	0x346e2e0	0x18800e
12411	0x248c448	attach_army_attachment_command	0x346e400	0x188027
12412	0x248c428	detach_army_attachment_command	0x346e520	0x188040
12413	0x248c478	resource_production	0x346e640	0x188059
12414	0x248c468	max_ticks_ahead	0x346e760	0x188072
12415	0x248c4a8	migrating_target	0x346e880	0x18808b
12416	0x248c490	add_experience_command	0x346e9a0	0x1880a4
12417	0x248c4c8	add_trait_from_pool_command	0x346eac0	0x1880bd
12418	0x248c4c0	assault	0x346ebe0	0x1880d6
12419	0x248c4f0	prescripted_system	0x346ed00	0x1880ef
12420	0x248c4e4	moon	0x346ee20	0x188108
12421	0x248c518	orbit_distance	0x346ef40	0x188121
12422	0x248c508	orbit_angle	0x346f060	0x18813a
12423	0x248c540	planet_modifier	0x346f180	0x188153
12424	0x248c528	habitat_modifier	0x346f2a0	0x18816c
12425	0x248c560	asteroids_distance	0x346f3c0	0x188185
12426	0x248c550	starting_system	0x346f4e0	0x18819e
12427	0x248c590	starting_planet	0x346f600	0x1881b7
12428	0x248c578	set_primitive_age	0x346f720	0x1881d0
12429	0x247a4a8	system	0x346f840	0x1881e9
12430	0x248c5b0	entities	0x346f960	0x188202
12431	0x248c5a0	entity_name	0x346fa80	0x18821b
12432	0x248c5d0	game_text	0x346fba0	0x188234
12433	0x248c5c0	formation_pos	0x346fcc0	0x18824d
12434	0x248c5f0	formation	0x346fde0	0x188266
12435	0x248c5e0	kill_target	0x346ff00	0x18827f
12436	0x248c610	combat_action	0x3470020	0x188298
12437	0x248c600	scenario	0x3470140	0x1882b1
12438	0x248c638	combat_max_speed	0x3470260	0x1882ca
12439	0x248c620	combat_rotation_speed	0x3470380	0x1882e3
12440	0x248c668	movement	0x34704a0	0x1882fc
12441	0x248c650	return_coordinate	0x34705c0	0x188315
12442	0x248c688	start_coordinate	0x34706e0	0x18832e
12443	0x248c678	use_random_log	0x3470800	0x188347
12444	0x248c6b0	use_deep_scans	0x3470920	0x188360
12445	0x248c6a0	remove_claim	0x3470a40	0x188379
12446	0x248c6d0	auto_decline	0x3470b60	0x188392
12447	0x248c6c0	player_ticks	0x3470c80	0x1883ab
12448	0x248c6f8	collision_radius	0x3470da0	0x1883c4
12449	0x248c6e0	land_armies_command	0x3470ec0	0x1883dd
12450	0x248c724	armies	0x3470fe0	0x1883f6
12451	0x248c710	attacker_general	0x3471100	0x18840f
12452	0x248c740	defender_general	0x3471220	0x188428
12453	0x248c730	retreat_date	0x3471340	0x188441
12454	0x248c760	army_morale	0x3471460	0x18845a
12455	0x248c754	tier	0x3471580	0x188473
12456	0x248c780	tech_manager	0x34716a0	0x18848c
12457	0x248c770	unlocked	0x34717c0	0x1884a5
12458	0x248c7b0	unlock_technology_group_command	0x34718e0	0x1884be
12459	0x248c790	stored_techpoints_for_tech	0x3471a00	0x1884d7
12460	0x248c7e8	days_to_research	0x3471b20	0x1884f0
12461	0x248c7d0	ship_landing_time_mult	0x3471c40	0x188509
12462	0x248c820	army_morale_damage_mult	0x3471d60	0x188522
12463	0x248c800	army_morale_damage_taken_mult	0x3471e80	0x18853b
12464	0x248c850	army_damage_mult	0x3471fa0	0x188554
12465	0x248c838	army_damage_taken_mult	0x34720c0	0x18856d
12466	0x248c888	species_modification_prefix	0x34721e0	0x188586
12467	0x248c868	species_modification_postfix	0x3472300	0x18859f
12468	0x248c8b4	part	0x3472420	0x1885b8
12469	0x248c8a8	has_advisor	0x3472540	0x1885d1
12470	0x248c8d0	muted_advisor	0x3472660	0x1885ea
12471	0x248c8c0	AI_category	0x3472780	0x188603
12472	0x248c8f0	ship_components	0x34728a0	0x18861c
12473	0x248c8e0	ship_basics	0x34729c0	0x188635
12474	0x248c910	economy	0x3472ae0	0x18864e
12475	0x248c900	terraforming	0x3472c00	0x188667
12476	0x248c928	decisions	0x3472d20	0x188680
12477	0x248c918	advisor_3d_view	0x3472e40	0x188699
12478	0x248c948	is_advisor_event	0x3472f60	0x1886b2
12479	0x248c938	tutorial	0x3473080	0x1886cb
12480	0x248c970	read_tutorial_command	0x34731a0	0x1886e4
12481	0x248c960	tutorials	0x34732c0	0x1886fd
12482	0x248c998	hidden	0x34733e0	0x188716
12483	0x248c988	is_discovered	0x3473500	0x18872f
12484	0x248c9b0	on_entering_system	0x3473620	0x188748
12485	0x248c9a0	hit_entity	0x3473740	0x188761
12486	0x248c9e0	projectile_gfx	0x3473860	0x18877a
12487	0x248c9c8	projectile_gfx_missile	0x3473980	0x188793
12488	0x248ca10	projectile_gfx_beam	0x3473aa0	0x1887ac
12489	0x248c9f0	projectile_gfx_ballistic	0x3473bc0	0x1887c5
12490	0x248ca40	trail_size	0x3473ce0	0x1887de
12491	0x248ca28	initialized_budget	0x3473e00	0x1887f7
12492	0x248ca60	tech_need	0x3473f20	0x188810
12493	0x248ca50	tech_group_need	0x3474040	0x188829
12494	0x248ca88	fallback	0x3474160	0x188842
12495	0x248ca70	graphical_culture	0x3474280	0x18885b
12496	0x248caa8	graphical_culture_fallback	0x34743a0	0x188874
12497	0x248ca98	static_rotation	0x34744c0	0x18888d
12498	0x248cad8	rotate_to_center	0x34745e0	0x1888a6
12499	0x248cac8	scale_offset	0x3474700	0x1888bf
12500	0x248caf8	ballistic	0x3474820	0x1888d8
12501	0x248caf0	instant	0x3474940	0x1888f1
12502	0x248cb18	formation_distance	0x3474a60	0x18890a
12503	0x248cb08	trade_expense	0x3474b80	0x188923
12504	0x248cb40	construction	0x3474ca0	0x18893c
12505	0x248cb30	reparation	0x3474dc0	0x188955
12506	0x248cb60	current_month	0x3474ee0	0x18896e
12507	0x248cb50	last_month	0x3475000	0x188987
12508	0x248cb88	budget	0x3475120	0x1889a0
12509	0x248cb70	income_high_water_mark	0x3475240	0x1889b9
12510	0x248cba0	history	0x3475360	0x1889d2
12511	0x248cb90	shield_damage	0x3475480	0x1889eb
12512	0x248cbc0	shield_penetration	0x34755a0	0x188a04
12513	0x248cba8	shield_hardening	0x34756c0	0x188a1d
12514	0x248cbf0	armor_hardening	0x34757e0	0x188a36
12515	0x248cbd8	armor_penetration	0x3475900	0x188a4f
12516	0x248cc18	armor_value	0x3475a20	0x188a68
12517	0x248cc00	remove_player_command	0x3475b40	0x188a81
12518	0x248cc40	texture_scroll_speed	0x3475c60	0x188a9a
12519	0x248cc28	last_created_system	0x3475d80	0x188ab3
12520	0x248cc68	update_tutorial_level_command	0x3475ea0	0x188acc
12521	0x247aa40	tutorial_level	0x3475fc0	0x188ae5
12522	0x248cc58	home_system	0x34760e0	0x188afe
12523	0x248cc90	name_data	0x3476200	0x188b17
12524	0x248cc88	plural	0x3476320	0x188b30
12525	0x248ccb0	remove_claim_command	0x3476440	0x188b49
12526	0x248cca0	liberation	0x3476560	0x188b62
12527	0x248cce0	truce_type	0x3476680	0x188b7b
12528	0x248ccc8	ship_class_names	0x34767a0	0x188b94
12529	0x248cd00	planet_owner	0x34768c0	0x188bad
12530	0x248ccf0	can_unlock	0x34769e0	0x188bc6
12531	0x248cd20	same_option_group_as	0x3476b00	0x188bdf
12532	0x248cd10	available	0x3476c20	0x188bf8
12533	0x248cd40	completed	0x3476d40	0x188c11
12534	0x248cd38	failed	0x3476e60	0x188c2a
12535	0x248cd60	in_progress	0x3476f80	0x188c43
12536	0x248cd50	orbit_planet	0x34770a0	0x188c5c
12537	0x248cd88	actions	0x34771c0	0x188c75
12538	0x248cd70	action_initialized	0x34772e0	0x188c8e
12539	0x248cda0	wait	0x3477400	0x188ca7
12540	0x248cd90	max_iterations	0x3477520	0x188cc0
12541	0x248cdb0	iterations	0x3477640	0x188cd9
12542	0x248cda8	while	0x3477760	0x188cf2
12543	0x248cdd4	done	0x3477880	0x188d0b
12544	0x248cdc0	find_closest_planet	0x34779a0	0x188d24
12545	0x248cdf0	find_random_planet	0x3477ac0	0x188d3d
12546	0x248cde0	find_planet	0x3477be0	0x188d56
12547	0x248ce10	found_planet	0x3477d00	0x188d6f
12548	0x248ce08	move_to	0x3477e20	0x188d88
12549	0x248ce40	ambient_object	0x3477f40	0x188da1
12550	0x248ce20	last_created_ambient_object	0x3478060	0x188dba
12551	0x248ce70	diplo_action_propose_command	0x3478180	0x188dd3
12552	0x248ce50	diplo_action_respond_command	0x34782a0	0x188dec
12553	0x248cea8	diplo_action_vote_command	0x34783c0	0x188e05
12554	0x248ce90	diplomatic_actions	0x34784e0	0x188e1e
12555	0x248ced0	diplomatic_response	0x3478600	0x188e37
12556	0x248cec8	timeout	0x3478720	0x188e50
12557	0x248cf00	diplo_vote_id	0x3478840	0x188e69
12558	0x248cee8	diplo_incoming_id	0x3478960	0x188e82
12559	0x248cf20	is_listed	0x3478a80	0x188e9b
12560	0x248cf10	is_space_object	0x3478ba0	0x188eb4
12561	0x248cf48	requires_actor_peace	0x3478cc0	0x188ecd
12562	0x248cf30	requires_alliance_vote	0x3478de0	0x188ee6
12563	0x248cf78	requires_recipient_peace	0x3478f00	0x188eff
12564	0x248cf60	muzzle_flash_entity	0x3479020	0x188f18
12565	0x248cfa8	texture_tiling	0x3479140	0x188f31
12566	0x248cf98	alpha_curve	0x3479260	0x188f4a
12567	0x248cfc8	max_duration	0x3479380	0x188f63
12568	0x248cfb8	ship_behavior	0x34794a0	0x188f7c
12569	0x248cff0	attack_move_pattern	0x34795c0	0x188f95
12570	0x248cfd8	passive_move_pattern	0x34796e0	0x188fae
12571	0x248d00c	charge	0x3479800	0x188fc7
12572	0x248d004	follow	0x3479920	0x188fe0
12573	0x248d020	range_components	0x3479a40	0x188ff9
12574	0x248d014	median	0x3479b60	0x189012
12575	0x248d058	preferred_attack_range	0x3479c80	0x18902b
12576	0x248d038	AI_acceptance_base_value	0x3479da0	0x189044
12577	0x248d088	allow_slavery	0x3479ec0	0x18905d
12578	0x248d070	ftl_credit_trading	0x3479fe0	0x189076
12579	0x248d0b0	bio_asset_optimization	0x347a100	0x18908f
12580	0x248d098	utopian_abundance	0x347a220	0x1890a8
12581	0x248d0d8	noninterference_directive	0x347a340	0x1890c1
12582	0x248d0c8	is_civilian	0x347a460	0x1890da
12583	0x248d118	collision_awareness	0x347a580	0x1890f3
12584	0x248d0f8	return_to_formation_distance	0x347a6a0	0x18910c
12585	0x248d138	stationary	0x347a7c0	0x189125
12586	0x248d130	vassals	0x347a8e0	0x18913e
12587	0x248d154	room	0x347aa00	0x189157
12588	0x248d148	empty_room	0x347ab20	0x189170
12589	0x248d170	observer	0x347ac40	0x189189
12590	0x248d160	character	0x347ad60	0x1891a2
12591	0x248d190	character_without_room	0x347ae80	0x1891bb
12592	0x248d180	character_large	0x347afa0	0x1891d4
12593	0x248d1b8	keep_previous_target_bonus	0x347b0c0	0x1891ed
12594	0x248d1a8	damage_value	0x347b1e0	0x189206
12595	0x248d1f0	shield_focus_value	0x347b300	0x18921f
12596	0x248d1d8	armor_focus_value	0x347b420	0x189238
12597	0x248d228	already_incoming_damage_penalty	0x347b540	0x189251
12598	0x248d208	distance_to_fleet_penalty	0x347b660	0x18926a
12599	0x248d260	size_difference_penalty	0x347b780	0x189283
12600	0x248d248	civilian_target_penalty	0x347b8a0	0x18929c
12601	0x248d290	targeting	0x347b9c0	0x1892b5
12602	0x248d278	low_health_bonus	0x347bae0	0x1892ce
12603	0x248d2ac	sky	0x347bc00	0x1892e7
12604	0x248d2a0	environment	0x347bd20	0x189300
12605	0x248d2b8	environment_override	0x347be40	0x189319
12606	0x248d2b0	city	0x347bf60	0x189332
12607	0x248d2e0	arkship_background	0x347c080	0x18934b
12608	0x248d2d0	arkship_nebula	0x347c1a0	0x189364
12609	0x248d308	arkship_star	0x347c2c0	0x18937d
12610	0x248d2f8	arkship_tents	0x347c3e0	0x189396
12611	0x248d328	arkship_ship	0x347c500	0x1893af
12612	0x248d318	arkship_picture	0x347c620	0x1893c8
12613	0x248d350	planet_view_header	0x347c740	0x1893e1
12614	0x248d338	ship_shield_damage_mult	0x347c860	0x1893fa
12615	0x248d388	ship_shield_penetration_mult	0x347c980	0x189413
12616	0x248d368	ship_armor_penetration_mult	0x347caa0	0x18942c
12617	0x248d3c8	ship_shield_penetration_add	0x347cbc0	0x189445
12618	0x248d3a8	ship_armor_penetration_add	0x347cce0	0x18945e
12619	0x248d408	ship_shield_hardening_add	0x347ce00	0x189477
12620	0x248d3e8	ship_armor_hardening_add	0x347cf20	0x189490
12621	0x248d448	requires_actor_independence	0x347d040	0x1894a9
12622	0x248d428	requires_recipient_independence	0x347d160	0x1894c2
12623	0x248d470	post_ask	0x347d280	0x1894db
12624	0x248d464	policy	0x347d3a0	0x1894f4
12625	0x248d490	owned_leaders	0x347d4c0	0x18950d
12626	0x248d480	owned_fleets	0x347d5e0	0x189526
12627	0x248d4b8	decloaked_nonallied_fleets	0x347d700	0x18953f
12628	0x248d4a0	decloak_reset_signaller	0x347d820	0x189558
12629	0x248d4e8	owned_armies	0x347d940	0x189571
12630	0x248d4d8	owned_planets	0x347da60	0x18958a
12631	0x248d510	controlled_colonies	0x347db80	0x1895a3
12632	0x248d4f8	controlled_planets	0x347dca0	0x1895bc
12633	0x248d538	trade_deals	0x347ddc0	0x1895d5
12634	0x248d528	requirements	0x347dee0	0x1895ee
12635	0x248d560	triggered_requirement	0x347e000	0x189607
12636	0x248d548	observation_station	0x347e120	0x189620
12637	0x248d580	hostile	0x347e240	0x189639
12638	0x248d578	neutral	0x347e360	0x189652
12639	0x248d590	terrible	0x347e480	0x18966b
12640	0x248d588	poor	0x347e5a0	0x189684
12641	0x248d5ac	good	0x347e6c0	0x18969d
12642	0x248d5a0	excellent	0x347e7e0	0x1896b6
12643	0x248d5c0	precalc_centers	0x347e900	0x1896cf
12644	0x248d5b8	counter	0x347ea20	0x1896e8
12645	0x248d5d8	method	0x347eb40	0x189701
12646	0x248d5d0	closest	0x347ec60	0x18971a
12647	0x248d5f8	find_random_system	0x347ed80	0x189733
12648	0x248d5e0	find_closest_system	0x347eea0	0x18974c
12649	0x248d620	found_system	0x347efc0	0x189765
12650	0x248d610	find_system	0x347f0e0	0x18977e
12651	0x248d648	city_color_lut	0x347f200	0x189797
12652	0x248d630	camera_look_sensitivity	0x347f320	0x1897b0
12653	0x248d664	ethics	0x347f440	0x1897c9
12654	0x248d658	recalculate	0x347f560	0x1897e2
12655	0x248d678	mp_max_ticks_ahead	0x347f680	0x1897fb
12656	0x248d66c	decay	0x347f7a0	0x189814
12657	0x248d698	accumulative	0x347f8c0	0x18982d
12658	0x248d68c	unique	0x347f9e0	0x189846
12659	0x248d6c0	last_created_ship	0x347fb00	0x18985f
12660	0x248d6a8	disable_at_health	0x347fc20	0x189878
12661	0x248d6e8	show_name	0x347fd40	0x189891
12662	0x248d6d8	description	0x347fe60	0x1898aa
12663	0x248d708	negative_description	0x347ff80	0x1898c3
12664	0x248d6f8	selectable	0x34800a0	0x1898dc
12665	0x248d738	shown_message_type_command	0x34801c0	0x1898f5
12666	0x248d720	shown_message_types	0x34802e0	0x18990e
12667	0x248d770	uv_animation_speed	0x3480400	0x189927
12668	0x248d758	uv_animation_direction	0x3480520	0x189940
12669	0x248d78c	tiles	0x3480640	0x189959
12670	0x248d784	food	0x3480760	0x189972
12671	0x248d7b0	minerals	0x3480880	0x18998b
12672	0x248d798	move_pop_command	0x34809a0	0x1899a4
12673	0x248d7d0	tile	0x3480ac0	0x1899bd
12674	0x248d7c0	base_buildtime	0x3480be0	0x1899d6
12675	0x248d7f8	queue_building_construction	0x3480d00	0x1899ef
12676	0x248d7d8	building_construction_queue	0x3480e20	0x189a08
12677	0x248d828	destroy_tile_building_command	0x3480f40	0x189a21
12678	0x248d818	requires_pop	0x3481060	0x189a3a
12679	0x248d860	required_resources	0x3481180	0x189a53
12680	0x248d848	produced_resources	0x34812a0	0x189a6c
12681	0x248d890	building_activated	0x34813c0	0x189a85
12682	0x248d878	passed_production	0x34814e0	0x189a9e
12683	0x248d8b8	requires_research_station	0x3481600	0x189ab7
12684	0x248d8a8	is_planet_local	0x3481720	0x189ad0
12685	0x248d8e8	upgrades	0x3481840	0x189ae9
12686	0x248d8d8	system_entity	0x3481960	0x189b02
12687	0x248d910	galaxy_entity	0x3481a80	0x189b1b
12688	0x248d8f8	track_project_command	0x3481ba0	0x189b34
12689	0x248d940	blocker	0x3481cc0	0x189b4d
12690	0x248d920	clear_deposit_blocker_command	0x3481de0	0x189b66
12691	0x248d95c	goals	0x3481f00	0x189b7f
12692	0x248d948	ping_map_command	0x3482020	0x189b98
12693	0x248d978	ping	0x3482140	0x189bb1
12694	0x248d968	clear_blocker	0x3482260	0x189bca
12695	0x248d990	shield_impact	0x3482380	0x189be3
12696	0x248d980	planet_unique	0x34824a0	0x189bfc
12697	0x248d9b8	prepare_war_command	0x34825c0	0x189c15
12698	0x248d9a0	set_stale_war_command	0x34826e0	0x189c2e
12699	0x248d9d8	is_in_stale_war	0x3482800	0x189c47
12700	0x248d9cc	delay	0x3482920	0x189c60
12701	0x248d9f8	loop_duration	0x3482a40	0x189c79
12702	0x248d9e8	army_names	0x3482b60	0x189c92
12703	0x248da1c	poi	0x3482c80	0x189cab
12704	0x248da08	track_poi_command	0x3482da0	0x189cc4
12705	0x248da30	auto_delete	0x3482ec0	0x189cdd
12706	0x248da20	abort_trigger	0x3482fe0	0x189cf6
12707	0x248da60	issued_abort_trigger	0x3483100	0x189d0f
12708	0x248da40	abort_construction_trigger	0x3483220	0x189d28
12709	0x248da80	abort_effect	0x3483340	0x189d41
12710	0x248da78	exists	0x3483460	0x189d5a
12711	0x248daa8	spatial_object	0x3483580	0x189d73
12712	0x248da90	cancel_project_command	0x34836a0	0x189d8c
12713	0x248dad0	sub_order	0x34837c0	0x189da5
12714	0x248dab8	shield_hit_entity	0x34838e0	0x189dbe
12715	0x248dae4	hit	0x3483a00	0x189dd7
12716	0x248dadc	miss	0x3483b20	0x189df0
12717	0x248db00	station	0x3483c40	0x189e09
12718	0x248dae8	remove_ship_design	0x3483d60	0x189e22
12719	0x248db28	remove_global_ship_design	0x3483e80	0x189e3b
12720	0x248db08	secret_fealties_join_attacker	0x3483fa0	0x189e54
12721	0x248db60	secret_fealty	0x34840c0	0x189e6d
12722	0x248db48	cam_light_1_diffuse	0x34841e0	0x189e86
12723	0x248db88	cam_light_1_dir	0x3484300	0x189e9f
12724	0x248db70	cam_light_2_diffuse	0x3484420	0x189eb8
12725	0x248dbb0	cam_light_2_dir	0x3484540	0x189ed1
12726	0x248db98	cam_light_3_diffuse	0x3484660	0x189eea
12727	0x248dbe0	cam_light_3_dir	0x3484780	0x189f03
12728	0x248dbc0	system_back_light_diffuse	0x34848a0	0x189f1c
12729	0x248dc00	build_spaceport_command	0x34849c0	0x189f35
12730	0x248dbf0	auto_gen_design	0x3484ae0	0x189f4e
12731	0x248dc20	remove_spaceport_build_queue_item	0x3484c00	0x189f67
12732	0x248dc18	length	0x3484d20	0x189f80
12733	0x248dc4c	edicts	0x3484e40	0x189f99
12734	0x248dc44	edict	0x3484f60	0x189fb2
12735	0x248dc68	perpetual	0x3485080	0x189fcb
12736	0x248dc58	has_edict	0x34851a0	0x189fe4
12737	0x248dc88	neighbor_system	0x34852c0	0x189ffd
12738	0x248dc78	initializer	0x34853e0	0x18a016
12739	0x248dca8	init_effect	0x3485500	0x18a02f
12740	0x248dc98	random_asteroid	0x3485620	0x18a048
12741	0x248dcc8	clusters	0x3485740	0x18a061
12742	0x248dcb8	change_orbit	0x3485860	0x18a07a
12743	0x248dce0	init_parent	0x3485980	0x18a093
12744	0x248dcd4	usage	0x3485aa0	0x18a0ac
12745	0x248dd08	empire_init	0x3485bc0	0x18a0c5
12746	0x248dcf0	fallen_empire_init	0x3485ce0	0x18a0de
12747	0x248dd28	misc_system_init	0x3485e00	0x18a0f7
12748	0x248dd18	nomad_init	0x3485f20	0x18a110
12749	0x248dd50	all	0x3486040	0x18a129
12750	0x248dd40	on_action_only	0x3486160	0x18a142
12751	0x248dd68	on_propose	0x3486280	0x18a15b
12752	0x248dd58	portraitType	0x34863a0	0x18a174
12753	0x248dd88	start_cluster	0x34864c0	0x18a18d
12754	0x248dd78	moon_size	0x34865e0	0x18a1a6
12755	0x248dda8	intensity_near	0x3486700	0x18a1bf
12756	0x248dd98	intensity_far	0x3486820	0x18a1d8
12757	0x248ddc8	subsidy_monthly_multiplier	0x3486940	0x18a1f1
12758	0x248ddb8	near_value	0x3486a60	0x18a20a
12759	0x248ddf8	far_value	0x3486b80	0x18a223
12760	0x248dde8	ship_lighting	0x3486ca0	0x18a23c
12761	0x248de18	rim_start_near	0x3486dc0	0x18a255
12762	0x248de08	rim_stop_near	0x3486ee0	0x18a26e
12763	0x248de38	rim_start_far	0x3487000	0x18a287
12764	0x248de28	rim_stop_far	0x3487120	0x18a2a0
12765	0x248de58	ambient_near	0x3487240	0x18a2b9
12766	0x248de48	ambient_far	0x3487360	0x18a2d2
12767	0x248de88	rim_light_diffuse	0x3487480	0x18a2eb
12768	0x248de68	set_tile_building_activated	0x34875a0	0x18a304
12769	0x248deb8	terraform_station	0x34876c0	0x18a31d
12770	0x248dea0	wormhole_station	0x34877e0	0x18a336
12771	0x248ded8	orbital_station	0x3487900	0x18a34f
12772	0x248decc	stars	0x3487a20	0x18a368
12773	0x248df00	cancel_tile_construction_command	0x3487b40	0x18a381
12774	0x248dee8	action_propose_invite	0x3487c60	0x18a39a
12775	0x248df40	usage_odds	0x3487d80	0x18a3b3
12776	0x248df28	random_non_ideal	0x3487ea0	0x18a3cc
12777	0x248df68	random_colonizable	0x3487fc0	0x18a3e5
12778	0x248df50	random_non_colonizable	0x34880e0	0x18a3fe
12779	0x248df90	zoom	0x3488200	0x18a417
12780	0x248df80	is_coordinate	0x3488320	0x18a430
12781	0x248dfb4	moons	0x3488440	0x18a449
12782	0x248df98	move_ships_to_fleet_command	0x3488560	0x18a462
12783	0x248dfc8	merge_fleets_command	0x3488680	0x18a47b
12784	0x248dfbc	fleets	0x34887a0	0x18a494
12785	0x248e008	collect_data_fleet_order_command	0x34888c0	0x18a4ad
12786	0x248dfe0	collect_resource_fleet_order_command	0x34889e0	0x18a4c6
12787	0x248e030	collect_resource_and_data_fleet_order_command	0x3488b00	0x18a4df
12788	0x248e02c	age	0x3488c20	0x18a4f8
12789	0x248e070	death_date	0x3488d40	0x18a511
12790	0x248e060	section_slots	0x3488e60	0x18a52a
12791	0x248e090	fits_on_slot	0x3488f80	0x18a543
12792	0x248e080	fits_on_slots	0x34890a0	0x18a55c
12793	0x248e0b0	cannot_fit_on_slots	0x34891c0	0x18a575
12794	0x248e0a0	is_designable	0x34892e0	0x18a58e
12795	0x248e0e0	is_in_cluster	0x3489400	0x18a5a7
12796	0x248e0c8	every_system_in_cluster	0x3489520	0x18a5c0
12797	0x248e0f8	create_cluster	0x3489640	0x18a5d9
12798	0x248e0f0	cluster	0x3489760	0x18a5f2
12799	0x248e118	num_stars	0x3489880	0x18a60b
12800	0x248e108	num_empires	0x34899a0	0x18a624
12801	0x248e140	num_nebulas	0x3489ac0	0x18a63d
12802	0x248e128	fallen_empire_default	0x3489be0	0x18a656
12803	0x248e160	cluster_count	0x3489d00	0x18a66f
12804	0x248e150	constant	0x3489e20	0x18a688
12805	0x248e190	cluster_radius	0x3489f40	0x18a6a1
12806	0x248e170	cluster_distance_from_core	0x348a060	0x18a6ba
12807	0x248e1b0	colonizable_planet_odds	0x348a180	0x18a6d3
12808	0x248e1a0	supports_shape	0x348a2a0	0x18a6ec
12809	0x248e1d8	spiral_2	0x348a3c0	0x18a705
12810	0x248e1c8	spiral_4	0x348a4e0	0x18a71e
12811	0x248e1f8	one_every_x_empire	0x348a600	0x18a737
12812	0x248e1e8	setup_scenario	0x348a720	0x18a750
12813	0x248e220	core_radius	0x348a840	0x18a769
12814	0x247a9c8	monthly	0x348a960	0x18a782
12815	0x248e210	nebula_size	0x348aa80	0x18a79b
12816	0x248e240	nebula_min_dist	0x348aba0	0x18a7b4
12817	0x248e230	surveyed_by	0x348acc0	0x18a7cd
12818	0x248e268	stretch_to_fit	0x348ade0	0x18a7e6
12819	0x248e250	black_hole_names	0x348af00	0x18a7ff
12820	0x248e290	asteroid_prefix	0x348b020	0x18a818
12821	0x248e278	asteroid_postfix	0x348b140	0x18a831
12822	0x248e2b0	open_date	0x348b260	0x18a84a
12823	0x248e2a0	capacity	0x348b380	0x18a863
12824	0x248e2cc	for	0x348b4a0	0x18a87c
12825	0x248e2c0	politics	0x348b5c0	0x18a895
12826	0x248e2e8	structures	0x348b6e0	0x18a8ae
12827	0x248e2d0	show_structures_tab	0x348b800	0x18a8c7
12828	0x248e308	show_politics_tab	0x348b920	0x18a8e0
12829	0x248e2f8	government_date	0x348ba40	0x18a8f9
12830	0x248e330	show_notification	0x348bb60	0x18a912
12831	0x248e320	explicit_entity	0x348bc80	0x18a92b
12832	0x248e358	adjacency_bonus	0x348bda0	0x18a944
12833	0x248e348	event_disabled	0x348bec0	0x18a95d
12834	0x248e380	requires_mining_station	0x348bfe0	0x18a976
12835	0x248e368	last_created_leader	0x348c100	0x18a98f
12836	0x248e3a0	arsenal	0x348c220	0x18a9a8
12837	0x248e398	bases	0x348c340	0x18a9c1
12838	0x248e3c8	strike_craft	0x348c460	0x18a9da
12839	0x248e3a8	update_strat_data_command	0x348c580	0x18a9f3
12840	0x248e3e8	playable	0x348c6a0	0x18aa0c
12841	0x248e3d8	randomizable	0x348c7c0	0x18aa25
12842	0x248e418	randomized	0x348c8e0	0x18aa3e
12843	0x248e3f8	customize_random_override	0x348ca00	0x18aa57
12844	0x248e440	strike_craft_component_template	0x348cb20	0x18aa70
12845	0x248e428	regeneration_per_day	0x348cc40	0x18aa89
12846	0x248e468	weapon_type	0x348cd60	0x18aaa2
12847	0x248e460	crafts	0x348ce80	0x18aabb
12848	0x248e488	launch_time	0x348cfa0	0x18aad4
12849	0x248e478	prepare_war	0x348d0c0	0x18aaed
12850	0x248e4b0	on_action_command	0x348d1e0	0x18ab06
12851	0x248e498	random_presapient_trait	0x348d300	0x18ab1f
12852	0x248e4cc	shield	0x348d420	0x18ab38
12853	0x248e4c4	armor	0x348d540	0x18ab51
12854	0x248e4e0	hide_size	0x348d660	0x18ab6a
12855	0x248e4d8	planets	0x348d780	0x18ab83
12856	0x248e508	enable_tilt	0x348d8a0	0x18ab9c
12857	0x248e4f0	fixed_entity_scale	0x348d9c0	0x18abb5
12858	0x248e528	required_component_set	0x348dae0	0x18abce
12859	0x248e518	alternatives	0x348dc00	0x18abe7
12860	0x248e558	weight_modifier	0x348dd20	0x18ac00
12861	0x248e540	required_component	0x348de40	0x18ac19
12862	0x248e578	show_in_designer	0x348df60	0x18ac32
12863	0x248e568	statistics	0x348e080	0x18ac4b
12864	0x248e5a0	ideal	0x348e1a0	0x18ac64
12865	0x248e590	ships_killed	0x348e2c0	0x18ac7d
12866	0x248e5b8	ships_lost	0x348e3e0	0x18ac96
12867	0x248e5a8	gain_experience	0x348e500	0x18acaf
12868	0x248e5e0	owner_species	0x348e620	0x18acc8
12869	0x248e5c8	previously_unlocked	0x348e740	0x18ace1
12870	0x248e608	attacker_army_killed	0x348e860	0x18acfa
12871	0x248e5f0	attacker_army_lost	0x348e980	0x18ad13
12872	0x248e638	defender_army_killed	0x348eaa0	0x18ad2c
12873	0x248e620	defender_army_lost	0x348ebc0	0x18ad45
12874	0x248e660	order_id	0x348ece0	0x18ad5e
12875	0x248e650	remove_army	0x348ee00	0x18ad77
12876	0x248e690	max_instances	0x348ef20	0x18ad90
12877	0x248e670	system_initializer_counter	0x348f040	0x18ada9
12878	0x248e6b0	battles	0x348f160	0x18adc2
12879	0x248e6a0	revolt_date	0x348f280	0x18addb
12880	0x248e6d0	pop_food_req	0x348f3a0	0x18adf4
12881	0x248e6b8	pop_food_req_mult	0x348f4c0	0x18ae0d
12882	0x248e6f0	building_time_mult	0x348f5e0	0x18ae26
12883	0x248e6e0	has_access	0x348f700	0x18ae3f
12884	0x248e720	has_sensors	0x348f820	0x18ae58
12885	0x248e708	inhibition_release	0x348f940	0x18ae71
12886	0x248e740	fromfromfrom	0x348fa60	0x18ae8a
12887	0x248e730	leader_class	0x348fb80	0x18aea3
12888	0x248e760	leader_trait	0x348fca0	0x18aebc
12889	0x248e750	requires_traits	0x348fdc0	0x18aed5
12890	0x248e780	requires_governments	0x348fee0	0x18aeee
12891	0x248e770	leader_age	0x3490000	0x18af07
12892	0x248e7b0	leader_lifespan	0x3490120	0x18af20
12893	0x248e798	leader_lifespan_add	0x3490240	0x18af39
12894	0x248e7d8	leader_lifespan_mult	0x3490360	0x18af52
12895	0x248e7c0	last_created_army	0x3490480	0x18af6b
12896	0x248e810	fleet_stance	0x34905a0	0x18af84
12897	0x248e7f0	space_fauna_growth_stance	0x34906c0	0x18af9d
12898	0x248e828	aggressive	0x34907e0	0x18afb6
12899	0x248e820	passive	0x3490900	0x18afcf
12900	0x248e858	evasive	0x3490a20	0x18afe8
12901	0x248e838	switch_fleet_stance_command	0x3490b40	0x18b001
12902	0x248e878	switch_space_fauna_growth_stance_command	0x3490c60	0x18b01a
12903	0x248e860	place_colony_command	0x3490d80	0x18b033
12904	0x248e8b0	module	0x3490ea0	0x18b04c
12905	0x248e8a8	modules	0x3490fc0	0x18b065
12906	0x248e8c8	cancel_spaceport_construction_command	0x34910e0	0x18b07e
12907	0x248e8b8	initial_only	0x3491200	0x18b097
12908	0x248e908	replaceable	0x3491320	0x18b0b0
12909	0x248e8f0	spaceport_module	0x3491440	0x18b0c9
12910	0x248e928	construction_days	0x3491560	0x18b0e2
12911	0x248e918	orbit_modifier	0x3491680	0x18b0fb
12912	0x248e960	ship_reparation_speed_mult	0x34917a0	0x18b114
12913	0x248e940	ship_reparation_cost_mult	0x34918c0	0x18b12d
12914	0x248e990	frame_texture	0x34919e0	0x18b146
12915	0x248e980	flagSpriteType	0x3491b00	0x18b15f
12916	0x248e9a8	bg_position	0x3491c20	0x18b178
12917	0x248e9a0	bg_size	0x3491d40	0x18b191
12918	0x248e9c8	symbol_position	0x3491e60	0x18b1aa
12919	0x248e9b8	symbol_size	0x3491f80	0x18b1c3
12920	0x248e9e8	mask_offset	0x34920a0	0x18b1dc
12921	0x248e9d8	mask_size	0x34921c0	0x18b1f5
12922	0x248ea08	randomizable_combo	0x34922e0	0x18b20e
12923	0x248e9f8	empire_flag	0x3492400	0x18b227
12924	0x248ea30	spaceport_upgrade	0x3492520	0x18b240
12925	0x248ea20	ship_armor_add	0x3492640	0x18b259
12926	0x248ea70	prevent_anomaly	0x3492760	0x18b272
12927	0x248ea48	prevent_automatic_genocidal_hostilities	0x3492880	0x18b28b
12928	0x248ea90	auto_accepted	0x34929a0	0x18b2a4
12929	0x248ea80	require_envoy	0x3492ac0	0x18b2bd
12930	0x248eab0	envoy_assignment	0x3492be0	0x18b2d6
12931	0x248eaa0	texture_size	0x3492d00	0x18b2ef
12932	0x248ead8	deposit_blockers	0x3492e20	0x18b308
12933	0x248eac8	ruined_deposit	0x3492f40	0x18b321
12934	0x248eb08	design_name	0x3493060	0x18b33a
12935	0x248eaf0	last_created_design	0x3493180	0x18b353
12936	0x248eb30	clothes_selector	0x34932a0	0x18b36c
12937	0x248eb18	attachment_selector	0x34933c0	0x18b385
12938	0x248eb58	game_setup	0x34934e0	0x18b39e
12939	0x248eb48	game_mode	0x3493600	0x18b3b7
12940	0x248eb78	single_player	0x3493720	0x18b3d0
12941	0x248eb68	multiplayer	0x3493840	0x18b3e9
12942	0x248eba8	character_textures	0x3493960	0x18b402
12943	0x248eb88	queue_fleet_order_command	0x3493a80	0x18b41b
12944	0x248ebd8	fleet_order	0x3493ba0	0x18b434
12945	0x248ebc0	return_fleet_order	0x3493cc0	0x18b44d
12946	0x248ec08	exclude_allied	0x3493de0	0x18b466
12947	0x248ebe8	queue_fleets_order_command	0x3493f00	0x18b47f
12948	0x248ec30	queue_scripted_orders_command	0x3494020	0x18b498
12949	0x248ec18	envoy_location_country	0x3494140	0x18b4b1
12950	0x248ec60	contact_country	0x3494260	0x18b4ca
12951	0x248ec50	sector_capital	0x3494380	0x18b4e3
12952	0x248ec88	observation_outpost_owner	0x34944a0	0x18b4fc
12953	0x248ec70	observation_outpost	0x34945c0	0x18b515
12954	0x248ecc0	last_month_ships	0x34946e0	0x18b52e
12955	0x248eca8	last_month_armies	0x3494800	0x18b547
12956	0x248ecf0	drop_weight	0x3494920	0x18b560
12957	0x248ecd8	last_month_colonies	0x3494a40	0x18b579
12958	0x248ed10	is_orbital_slot	0x3494b60	0x18b592
12959	0x248ed00	add_deposit	0x3494c80	0x18b5ab
12960	0x248ed38	clear_deposits	0x3494da0	0x18b5c4
12961	0x248ed20	has_orbital_slot	0x3494ec0	0x18b5dd
12962	0x248ed50	has_deposit	0x3494fe0	0x18b5f6
12963	0x248ed48	deposit	0x3495100	0x18b60f
12964	0x248ed70	deposit_holder	0x3495220	0x18b628
12965	0x248ed60	orbital_deposit	0x3495340	0x18b641
12966	0x248ed90	spaceport_station	0x3495460	0x18b65a
12967	0x248ed80	tradable	0x3495580	0x18b673
12968	0x248edc0	tradable_in_market	0x34956a0	0x18b68c
12969	0x248eda8	pop_eff_wo_slaves	0x34957c0	0x18b6a5
12970	0x248edf8	garrison_health	0x34958e0	0x18b6be
12971	0x248edd8	pop_bombardment_resistance	0x3495a00	0x18b6d7
12972	0x248ee28	has_ascension_for_terraforming_candidate	0x3495b20	0x18b6f0
12973	0x248ee08	is_terraforming_candidate	0x3495c40	0x18b709
12974	0x248ee70	building_maintenances	0x3495d60	0x18b722
12975	0x248ee58	army_build_speed	0x3495e80	0x18b73b
12976	0x248eea0	deficit	0x3495fa0	0x18b754
12977	0x247a8e4	low	0x34960c0	0x18b76d
12978	0x247a8f0	high	0x34961e0	0x18b786
12979	0x248ee88	ship_build_speed	0x3496300	0x18b79f
12980	0x248eec0	metals	0x3496420	0x18b7b8
12981	0x248eea8	governor_skill_levels	0x3496540	0x18b7d1
12982	0x248eee0	admiral_skill_levels	0x3496660	0x18b7ea
12983	0x248eec8	general_skill_levels	0x3496780	0x18b803
12984	0x248ef10	leader_initial_skill	0x34968a0	0x18b81c
12985	0x248eef8	leader_skill_add	0x34969c0	0x18b835
12986	0x248ef40	commander_initial_skill	0x3496ae0	0x18b84e
12987	0x248ef28	general_initial_skill	0x3496c00	0x18b867
12988	0x248ef70	governor_initial_skill	0x3496d20	0x18b880
12989	0x248ef58	scientist_initial_skill	0x3496e40	0x18b899
12990	0x248ef98	envoy	0x3496f60	0x18b8b2
12991	0x248ef88	foreign_envoys	0x3497080	0x18b8cb
12992	0x248efb8	monthly_energy	0x34971a0	0x18b8e4
12993	0x248efa0	colonizing_species	0x34972c0	0x18b8fd
12994	0x248efd8	colonize_date	0x34973e0	0x18b916
12995	0x248efc8	can_disable	0x3497500	0x18b92f
12996	0x248f010	rim_galactic_objects	0x3497620	0x18b948
12997	0x248efe8	requires_actor_federation_leader	0x3497740	0x18b961
12998	0x248f040	requires_recipient_federation_leader	0x3497860	0x18b97a
12999	0x248f028	federation_leader	0x3497980	0x18b993
13000	0x248f090	associated_federation	0x3497aa0	0x18b9ac
13001	0x248f068	show_decline_to_alliance_members	0x3497bc0	0x18b9c5
13002	0x248f0c0	is_null	0x3497ce0	0x18b9de
13003	0x248f0a8	ship_sensor_range_add	0x3497e00	0x18b9f7
13004	0x248f0e8	army_defense_morale_mult	0x3497f20	0x18ba10
13005	0x248f0c8	science_ship_survey_speed	0x3498040	0x18ba29
13006	0x248f128	science_ship_survey_speed_uninhabitable	0x3498160	0x18ba42
13007	0x248f108	all_technology_research_speed	0x3498280	0x18ba5b
13008	0x248f168	army_experience_gain_mult	0x34983a0	0x18ba74
13009	0x248f150	terraforming_cost_mult	0x34984c0	0x18ba8d
13010	0x248f1a0	edict_length_mult	0x34985e0	0x18baa6
13011	0x248f188	army_attack_morale_mult	0x3498700	0x18babf
13012	0x248f1d8	country_ship_build_cost_mult	0x3498820	0x18bad8
13013	0x248f1b8	country_spaceport_cost_mult	0x3498940	0x18baf1
13014	0x248f220	country_spaceport_module_cost_mult	0x3498a60	0x18bb0a
13015	0x248f1f8	country_mining_station_cost_mult	0x3498b80	0x18bb23
13016	0x248f268	country_research_station_cost_mult	0x3498ca0	0x18bb3c
13017	0x248f248	country_army_build_cost_mult	0x3498dc0	0x18bb55
13018	0x248f2b0	planet_building_cost_mult	0x3498ee0	0x18bb6e
13019	0x248f290	country_ship_upgrade_cost_mult	0x3499000	0x18bb87
13020	0x248f2e8	army_defense_damage_mult	0x3499120	0x18bba0
13021	0x248f2d0	army_attack_damage_mult	0x3499240	0x18bbb9
13022	0x248f320	entity_selector	0x3499360	0x18bbd2
13023	0x248f308	room_texture_selector	0x3499480	0x18bbeb
13024	0x248f340	can_own_empty_planets	0x34995a0	0x18bc04
13025	0x248f330	max_health	0x34996c0	0x18bc1d
13026	0x248f370	mission	0x34997e0	0x18bc36
13027	0x248f358	switch_mission_command	0x3499900	0x18bc4f
13028	0x248f388	standard_event_module	0x3499a20	0x18bc68
13029	0x248f378	event_popups	0x3499b40	0x18bc81
13030	0x248f3b0	standard_economy_module	0x3499c60	0x18bc9a
13031	0x248f3a0	leader_pool	0x3499d80	0x18bcb3
13032	0x248f3e8	standard_leader_module	0x3499ea0	0x18bccc
13033	0x2478278	modifiers	0x3499fc0	0x18bce5
13034	0x248f3c8	standard_diplomacy_module	0x349a0e0	0x18bcfe
13035	0x248f418	standard_technology_module	0x349a200	0x18bd17
13036	0x248f400	basic_technology_module	0x349a320	0x18bd30
13037	0x248f450	needs_border_access	0x349a440	0x18bd49
13038	0x248f438	generate_borders	0x349a560	0x18bd62
13039	0x248f478	needs_colony	0x349a680	0x18bd7b
13040	0x248f468	copy_hostility	0x349a7a0	0x18bd94
13041	0x248f490	internal_policies	0x349a8c0	0x18bdad
13042	0x248f488	tech	0x349a9e0	0x18bdc6
13043	0x248f4c0	planet_background	0x349ab00	0x18bddf
13044	0x248f4a8	picture_event_data	0x349ac20	0x18bdf8
13045	0x248f4e8	city_species	0x349ad40	0x18be11
13046	0x248f4d8	city_level	0x349ae60	0x18be2a
13047	0x248f518	leave_ftl_trails	0x349af80	0x18be43
13048	0x248f4f8	military_minister_module	0x349b0a0	0x18be5c
13049	0x248f550	foreign_minister_module	0x349b1c0	0x18be75
13050	0x248f530	interior_minister_module	0x349b2e0	0x18be8e
13051	0x248f580	assist_detection_command	0x349b400	0x18bea7
13052	0x248f568	assist_detection_order	0x349b520	0x18bec0
13053	0x248f5b0	active_reconnaissance_order	0x349b640	0x18bed9
13054	0x248f5a0	has_species	0x349b760	0x18bef2
13055	0x248f5f8	swarm_interior_minister_module	0x349b880	0x18bf0b
13056	0x248f5d0	synth_queen_interior_minister_module	0x349b9a0	0x18bf24
13057	0x248f630	synth_queen_military_minister_module	0x349bac0	0x18bf3d
13058	0x248f618	can_have_revolts	0x349bbe0	0x18bf56
13059	0x248f670	shuffle_pop_ethos	0x349bd00	0x18bf6f
13060	0x248f658	set_country_type	0x349be20	0x18bf88
13061	0x248f698	swarm_military_minister_module	0x349bf40	0x18bfa1
13062	0x248f688	take_planet	0x349c060	0x18bfba
13063	0x248f6c8	exclusive_diplomacy_module	0x349c180	0x18bfd3
13064	0x248f6b8	can_send	0x349c2a0	0x18bfec
13065	0x248f6f8	can_receive	0x349c3c0	0x18c005
13066	0x248f6e8	can_be_vassal	0x349c4e0	0x18c01e
13067	0x248f718	can_have_vassal	0x349c600	0x18c037
13068	0x248f708	sub_title	0x349c720	0x18c050
13069	0x248f738	sub_title_desc	0x349c840	0x18c069
13070	0x248f728	country_type	0x349c960	0x18c082
13071	0x248f758	add_global_ship_design_command	0x349ca80	0x18c09b
13072	0x248f748	show_city	0x349cba0	0x18c0b4
13073	0x248f790	needs_survey	0x349ccc0	0x18c0cd
13074	0x248f778	ship_windup_mult	0x349cde0	0x18c0e6
13075	0x248f7c0	ship_winddown_mult	0x349cf00	0x18c0ff
13076	0x248f7a0	ship_interstellar_speed_mult	0x349d020	0x18c118
13077	0x248f7f0	damage_vs_player_crisis_mult	0x349d140	0x18c131
13078	0x248f7d8	damage_vs_rival_mult	0x349d260	0x18c14a
13079	0x248f828	damage_vs_superior_empires_mult	0x349d380	0x18c163
13080	0x248f810	all_technology_module	0x349d4a0	0x18c17c
13081	0x248f858	mission_expense	0x349d5c0	0x18c195
13082	0x248f848	has_capital	0x349d6e0	0x18c1ae
13083	0x248f880	enforces_borders	0x349d800	0x18c1c7
13084	0x248f868	can_planets_be_attacked	0x349d920	0x18c1e0
13085	0x248f8a8	ship_ftl_wormhole_speed_mult	0x349da40	0x18c1f9
13086	0x248f898	closed_wormhole	0x349db60	0x18c212
13087	0x248f8d0	ship_ftl_wormholes_per_station	0x349dc80	0x18c22b
13088	0x248f8c8	open	0x349dda0	0x18c244
13089	0x248f900	lost_ships_value	0x349dec0	0x18c25d
13090	0x248f8f0	always_contact	0x349dfe0	0x18c276
13091	0x248f924	prefix	0x349e100	0x18c28f
13092	0x248f918	anomalies	0x349e220	0x18c2a8
13093	0x248f950	anomaly	0x349e340	0x18c2c1
13094	0x248f930	country_leader_pool_size	0x349e460	0x18c2da
13095	0x248f970	ship_emergency_ftl_mult	0x349e580	0x18c2f3
13096	0x248f958	ship_anomaly_fail_risk	0x349e6a0	0x18c30c
13097	0x248f9b8	ship_anomaly_research_speed_mult	0x349e7c0	0x18c325
13098	0x248f988	ship_anomaly_research_speed_mult_uninhabitable	0x349e8e0	0x18c33e
13099	0x248fa18	ship_anomaly_generation_chance_mult	0x349ea00	0x18c357
13100	0x248f9e0	ship_anomaly_generation_chance_mult_uninhabitable	0x349eb20	0x18c370
13101	0x248fa58	can_retreat	0x349ec40	0x18c389
13102	0x248fa40	prevent_discovery	0x349ed60	0x18c3a2
13103	0x248fa88	discovery_category	0x349ee80	0x18c3bb
13104	0x248fa68	research_discovery_order	0x349efa0	0x18c3d4
13105	0x248fac0	is_rare	0x349f0c0	0x18c3ed
13106	0x248faa0	rare_tech_research_speed_mult	0x349f1e0	0x18c406
13107	0x248fae0	rare_tech_draw_chance_mult	0x349f300	0x18c41f
13108	0x248fac8	colonizing_title	0x349f420	0x18c438
13109	0x248fb08	colonizing_desc	0x349f540	0x18c451
13110	0x248fb00	sectors	0x349f660	0x18c46a
13111	0x248fb30	next_sector_id	0x349f780	0x18c483
13112	0x248fb18	production_targets	0x349f8a0	0x18c49c
13113	0x248fb50	meta_fleets	0x349f9c0	0x18c4b5
13114	0x248fb40	meta_planets	0x349fae0	0x18c4ce
13115	0x248fb68	overwrite	0x349fc00	0x18c4e7
13116	0x248fb5c	sector	0x349fd20	0x18c500
13117	0x248fb88	country_core_sector_planet_cap	0x349fe40	0x18c519
13118	0x248fb78	can_contact	0x349ff60	0x18c532
13119	0x248fbb8	contact_only_diplomacy_module	0x34a0080	0x18c54b
13120	0x248fba8	paying_sector	0x34a01a0	0x18c564
13121	0x248fbf0	self_modifier	0x34a02c0	0x18c57d
13122	0x248fbd8	completion_event	0x34a03e0	0x18c596
13123	0x248fc08	monthly_progress	0x34a0500	0x18c5af
13124	0x248fc00	gain	0x34a0620	0x18c5c8
13125	0x248fc38	cancel_research_technology_command	0x34a0740	0x18c5e1
13126	0x248fc20	next_build_item_id	0x34a0860	0x18c5fa
13127	0x248fc68	savings	0x34a0980	0x18c613
13128	0x248fc5c	half	0x34a0aa0	0x18c62c
13129	0x248fc7c	share	0x34a0bc0	0x18c645
13130	0x248fc70	autonomy	0x34a0ce0	0x18c65e
13131	0x248fc90	prereqfor_desc	0x34a0e00	0x18c677
13132	0x248fc88	feature	0x34a0f20	0x18c690
13133	0x248fcb8	can_upgrade	0x34a1040	0x18c6a9
13134	0x248fca0	can_change_composition	0x34a1160	0x18c6c2
13135	0x248fcd8	can_change_leader	0x34a1280	0x18c6db
13136	0x248fcc8	settings	0x34a13a0	0x18c6f4
13137	0x248fcf8	sector_manager	0x34a14c0	0x18c70d
13138	0x248fcec	custom	0x34a15e0	0x18c726
13139	0x248fd20	ship_auto_repair_add	0x34a1700	0x18c73f
13140	0x248fd08	ship_auto_repair_mult	0x34a1820	0x18c758
13141	0x248fd48	missions_income	0x34a1940	0x18c771
13142	0x248fd38	portrait_groups	0x34a1a60	0x18c78a
13143	0x248fd74	rename	0x34a1b80	0x18c7a3
13144	0x248fd58	change_ship_name_command	0x34a1ca0	0x18c7bc
13145	0x248fd98	change_fleet_name_command	0x34a1dc0	0x18c7d5
13146	0x248fd80	evade_hostiles_order	0x34a1ee0	0x18c7ee
13147	0x248fdd0	can_auto_repair	0x34a2000	0x18c807
13148	0x248fdb8	can_recharge_shield	0x34a2120	0x18c820
13149	0x248fde8	destroyed	0x34a2240	0x18c839
13150	0x248fde0	set_age	0x34a2360	0x18c852
13151	0x248fe20	add_age	0x34a2480	0x18c86b
13152	0x248fdf8	can_get_external_leader_pool_candidate	0x34a25a0	0x18c884
13153	0x248fe38	chance_for_external_leader_pool	0x34a26c0	0x18c89d
13154	0x248fe28	colony_tile	0x34a27e0	0x18c8b6
13155	0x248fe68	default_pop_factions	0x34a2900	0x18c8cf
13156	0x248fe58	pop_factions	0x34a2a20	0x18c8e8
13157	0x248fea0	pop_faction	0x34a2b40	0x18c901
13158	0x248fe80	last_created_pop_faction	0x34a2c60	0x18c91a
13159	0x248fed0	create_country_effect	0x34a2d80	0x18c933
13160	0x248feb0	standard_pop_factions_module	0x34a2ea0	0x18c94c
13161	0x248fef8	create_wormhole_station	0x34a2fc0	0x18c965
13162	0x248fee8	follow_order	0x34a30e0	0x18c97e
13163	0x248ff30	follow_command	0x34a3200	0x18c997
13164	0x248ff10	ignore_initial_colony_error	0x34a3320	0x18c9b0
13165	0x248ff58	evade_hostiles_command	0x34a3440	0x18c9c9
13166	0x248ff40	land_armies_order	0x34a3560	0x18c9e2
13167	0x248ff78	fleet_land_armies_command	0x34a3680	0x18c9fb
13168	0x248ff70	sensor	0x34a37a0	0x18ca14
13169	0x248ffa8	sensor_charts	0x34a38c0	0x18ca2d
13170	0x248ff98	sensor_link	0x34a39e0	0x18ca46
13171	0x248ffc8	parameters	0x34a3b00	0x18ca5f
13172	0x248ffb8	trigger_scope	0x34a3c20	0x18ca78
13173	0x248ffe8	valid_objects	0x34a3d40	0x18ca91
13174	0x248ffd8	attraction	0x34a3e60	0x18caaa
13175	0x2490008	ringworld	0x34a3f80	0x18cac3
13176	0x248fff8	is_potential	0x34a40a0	0x18cadc
13177	0x2490030	can_create	0x34a41c0	0x18caf5
13178	0x2490018	army_maintenances	0x34a42e0	0x18cb0e
13179	0x2490048	support_effects	0x34a4400	0x18cb27
13180	0x249003c	valid	0x34a4520	0x18cb40
13181	0x2490068	execute_faction_action_command	0x34a4640	0x18cb59
13182	0x2490058	militancy	0x34a4760	0x18cb72
13183	0x24900a0	action_embassy	0x34a4880	0x18cb8b
13184	0x2490088	action_make_rival	0x34a49a0	0x18cba4
13185	0x24900d0	action_insult	0x34a4ac0	0x18cbbd
13186	0x24900b0	pop_faction_name_parts_list	0x34a4be0	0x18cbd6
13187	0x24900e8	pop_faction_name_format	0x34a4d00	0x18cbef
13188	0x24900e0	ignore	0x34a4e20	0x18cc08
13189	0x2490108	antagonize	0x34a4f40	0x18cc21
13190	0x2490100	warn	0x34a5060	0x18cc3a
13191	0x2490124	weaken	0x34a5180	0x18cc53
13192	0x2490118	befriend	0x34a52a0	0x18cc6c
13193	0x2490138	protect	0x34a53c0	0x18cc85
13194	0x249012c	loyal	0x34a54e0	0x18cc9e
13195	0x2490150	threatened	0x34a5600	0x18ccb7
13196	0x2490140	disloyal	0x34a5720	0x18ccd0
13197	0x2490178	protective	0x34a5840	0x18cce9
13198	0x2490160	monthly_resources	0x34a5960	0x18cd02
13199	0x2490198	min_support	0x34a5a80	0x18cd1b
13200	0x2490188	max_support	0x34a5ba0	0x18cd34
13201	0x24901c8	ship_maintenances	0x34a5cc0	0x18cd4d
13202	0x24901a8	planet_clear_blocker_time_mult	0x34a5de0	0x18cd66
13203	0x2490200	planet_clear_blocker_cost_mult	0x34a5f00	0x18cd7f
13204	0x24901e0	planet_clear_blocker_speed_mult	0x34a6020	0x18cd98
13205	0x2490228	guarantee	0x34a6140	0x18cdb1
13206	0x2490220	owned	0x34a6260	0x18cdca
13207	0x2490244	owners	0x34a6380	0x18cde3
13208	0x2490238	controlled	0x34a64a0	0x18cdfc
13209	0x2490258	excessive	0x34a65c0	0x18ce15
13210	0x249024c	known	0x34a66e0	0x18ce2e
13211	0x249028c	filter	0x34a6800	0x18ce47
13212	0x2490268	accept_pop_faction_demands_command	0x34a6920	0x18ce60
13213	0x24902a8	is_same_value	0x34a6a40	0x18ce79
13214	0x2490298	threaten_war	0x34a6b60	0x18ce92
13215	0x24902cc	trade	0x34a6c80	0x18ceab
13216	0x24902b8	improve_relations	0x34a6da0	0x18cec4
13217	0x24902f0	harm_relations	0x34a6ec0	0x18cedd
13218	0x24902d8	seek_independence	0x34a6fe0	0x18cef6
13219	0x2490310	support_independence	0x34a7100	0x18cf0f
13220	0x2490300	use_prefix	0x34a7220	0x18cf28
13221	0x2490338	unhappiest_pop	0x34a7340	0x18cf41
13222	0x2490328	attitude	0x34a7460	0x18cf5a
13223	0x2490350	wary	0x34a7580	0x18cf73
13224	0x2490348	conquer	0x34a76a0	0x18cf8c
13225	0x2490370	ship_modifier	0x34a77c0	0x18cfa5
13226	0x2490358	modules_maintenance	0x34a78e0	0x18cfbe
13227	0x24903a0	modules_production	0x34a7a00	0x18cfd7
13228	0x2490380	lose_support_on_pop_leave	0x34a7b20	0x18cff0
13229	0x24903e8	pop_faction_support_increase_chance_add	0x34a7c40	0x18d009
13230	0x24903b8	pop_faction_support_increase_chance_mult	0x34a7d60	0x18d022
13231	0x2490438	pop_faction_support_increase_add	0x34a7e80	0x18d03b
13232	0x2490410	pop_faction_support_increase_mult	0x34a7fa0	0x18d054
13233	0x2490470	details	0x34a80c0	0x18d06d
13234	0x2490460	is_orbital_tile	0x34a81e0	0x18d086
13235	0x2490480	noun	0x34a8300	0x18d09f
13236	0x2490478	market	0x34a8420	0x18d0b8
13237	0x2490498	slave_market	0x34a8540	0x18d0d1
13238	0x2490488	trade_type	0x34a8660	0x18d0ea
13239	0x24904b8	fluctuations	0x34a8780	0x18d103
13240	0x24904a8	market_amount	0x34a88a0	0x18d11c
13241	0x24904d8	market_price	0x34a89c0	0x18d135
13242	0x24904c8	market_buy	0x34a8ae0	0x18d14e
13243	0x2490508	market_sell	0x34a8c00	0x18d167
13244	0x24904e8	market_buy_resource_command	0x34a8d20	0x18d180
13245	0x2490528	market_sell_resource_command	0x34a8e40	0x18d199
13246	0x2490518	monthly_trades	0x34a8f60	0x18d1b2
13247	0x2490560	country_last_traded	0x34a9080	0x18d1cb
13248	0x2490548	resource_last_traded	0x34a91a0	0x18d1e4
13249	0x2490588	trade_type_last_traded	0x34a92c0	0x18d1fd
13250	0x2490578	last_trade	0x34a93e0	0x18d216
13251	0x24905c0	add_monthly_trade_command	0x34a9500	0x18d22f
13252	0x24905a0	remove_monthly_trade_command	0x34a9620	0x18d248
13253	0x24905f8	update_monthly_trade_command	0x34a9740	0x18d261
13254	0x24905e0	country_trade_fee	0x34a9860	0x18d27a
13255	0x2490630	trade_data	0x34a9980	0x18d293
13256	0x2490618	monthly_trade_data	0x34a9aa0	0x18d2ac
13257	0x2490648	formation_scale	0x34a9bc0	0x18d2c5
13258	0x249063c	null	0x34a9ce0	0x18d2de
13259	0x2490670	system_normal_zoom	0x34a9e00	0x18d2f7
13260	0x2490658	galaxy_normal_zoom	0x34a9f20	0x18d310
13261	0x24906b0	orbital_bombardment	0x34aa040	0x18d329
13262	0x2490688	country_physics_tech_research_speed	0x34aa160	0x18d342
13263	0x24906f0	country_society_tech_research_speed	0x34aa280	0x18d35b
13264	0x24906c8	country_engineering_tech_research_speed	0x34aa3a0	0x18d374
13265	0x2490720	set_optimize_for_energy_command	0x34aa4c0	0x18d38d
13266	0x2490718	members	0x34aa5e0	0x18d3a6
13267	0x2490768	hostile_when_attacked	0x34aa700	0x18d3bf
13268	0x2490740	should_show_auto_accept_message_actor	0x34aa820	0x18d3d8
13269	0x2490798	should_notify_all_communications	0x34aa940	0x18d3f1
13270	0x2490780	war_name_parts_list	0x34aaa60	0x18d40a
13271	0x24907d0	war_name_format	0x34aab80	0x18d423
13272	0x24907c0	use_design_name	0x34aaca0	0x18d43c
13273	0x24907f0	inactive_date	0x34aadc0	0x18d455
13274	0x24907e0	orbit_lines	0x34aaee0	0x18d46e
13275	0x2490810	num_tech_alternatives_add	0x34ab000	0x18d487
13276	0x2490800	communications	0x34ab120	0x18d4a0
13277	0x2490848	diplomatic_wars	0x34ab240	0x18d4b9
13278	0x2490830	auto_ship_designs	0x34ab360	0x18d4d2
13279	0x2490870	auto_ship_design_command	0x34ab480	0x18d4eb
13280	0x2490858	pre_communications_name	0x34ab5a0	0x18d504
13281	0x24908b0	pre_communications_name_parts_list	0x34ab6c0	0x18d51d
13282	0x2490890	pre_communications_name_format	0x34ab7e0	0x18d536
13283	0x24908e0	has_triggered_message	0x34ab900	0x18d54f
13284	0x24908d8	aborted	0x34aba20	0x18d568
13285	0x2490908	join_other	0x34abb40	0x18d581
13286	0x24908f8	xenophobe	0x34abc60	0x18d59a
13287	0x2490928	xenophile	0x34abd80	0x18d5b3
13288	0x2490918	regain_control	0x34abea0	0x18d5cc
13289	0x249093c	lost	0x34abfc0	0x18d5e5
13290	0x2490934	price	0x34ac0e0	0x18d5fe
13291	0x2490958	AI_enact	0x34ac200	0x18d617
13292	0x247a9b4	never	0x34ac320	0x18d630
13293	0x2490948	contact_rule	0x34ac440	0x18d649
13294	0x2490980	pop_faction_event	0x34ac560	0x18d662
13295	0x2490968	always_available_tech	0x34ac680	0x18d67b
13296	0x24909b0	backup_data	0x34ac7a0	0x18d694
13297	0x2490998	show_borders_in_us	0x34ac8c0	0x18d6ad
13298	0x24909d0	is_reverse_engineerable	0x34ac9e0	0x18d6c6
13299	0x24909c0	pop_tooltip	0x34acb00	0x18d6df
13300	0x24909f8	pop_status_frame	0x34acc20	0x18d6f8
13301	0x24909e8	ai_can_colonize	0x34acd40	0x18d711
13302	0x2490a20	on_built	0x34ace60	0x18d72a
13303	0x2490a10	on_finished	0x34acf80	0x18d743
13304	0x2490a40	on_aborted	0x34ad0a0	0x18d75c
13305	0x2490a30	on_added	0x34ad1c0	0x18d775
13306	0x2490a60	on_removed	0x34ad2e0	0x18d78e
13307	0x2490a50	on_queued	0x34ad400	0x18d7a7
13308	0x2490a80	on_unqueued	0x34ad520	0x18d7c0
13309	0x2490a70	on_destroyed	0x34ad640	0x18d7d9
13310	0x2490aa0	can_enter_system_by_jump	0x34ad760	0x18d7f2
13311	0x2490a90	built_for_ruler	0x34ad880	0x18d80b
13312	0x2490ad8	share_communications	0x34ad9a0	0x18d824
13313	0x2490ac0	conquered_planets	0x34adac0	0x18d83d
13314	0x2490b08	killed_ships	0x34adbe0	0x18d856
13315	0x2490af0	killed_ship_designs	0x34add00	0x18d86f
13316	0x2490b28	killed_ship_stockpile	0x34ade20	0x18d888
13317	0x2490b18	ruler_name	0x34adf40	0x18d8a1
13318	0x2490b58	change_stance	0x34ae060	0x18d8ba
13319	0x2490b40	start_fleet_stance	0x34ae180	0x18d8d3
13320	0x2490b88	temp_fleet_stance	0x34ae2a0	0x18d8ec
13321	0x2490b68	hide_names_if_no_communication	0x34ae3c0	0x18d905
13322	0x2490bb0	non_aggression_pledge	0x34ae4e0	0x18d91e
13323	0x2490ba0	is_assimilation	0x34ae600	0x18d937
13324	0x2490bd8	is_full_citizenship	0x34ae720	0x18d950
13325	0x2490bc8	is_slavery	0x34ae840	0x18d969
13326	0x2490c08	is_purge	0x34ae960	0x18d982
13327	0x2490bf0	is_robot_servant	0x34aea80	0x18d99b
13328	0x2490c20	has_heir	0x34aeba0	0x18d9b4
13329	0x2490c14	heir	0x34aecc0	0x18d9cd
13330	0x2490c34	alive	0x34aede0	0x18d9e6
13331	0x2490c2c	intel	0x34aef00	0x18d9ff
13332	0x2490c50	federation_intel	0x34af020	0x18da18
13333	0x2490c40	detection_intel	0x34af140	0x18da31
13334	0x2490c78	previous_deals	0x34af260	0x18da4a
13335	0x2490c68	on_set_leader	0x34af380	0x18da63
13336	0x2490ca0	use_regnal_name	0x34af4a0	0x18da7c
13337	0x2490c88	use_regnal_names	0x34af5c0	0x18da95
13338	0x2490cc8	regnal_full_names	0x34af6e0	0x18daae
13339	0x2490cb0	regnal_full_names_male	0x34af800	0x18dac7
13340	0x2490cf8	regnal_full_names_female	0x34af920	0x18dae0
13341	0x2490ce0	regnal_first_names	0x34afa40	0x18daf9
13342	0x2490d38	regnal_first_names_male	0x34afb60	0x18db12
13343	0x2490d18	regnal_first_names_female	0x34afc80	0x18db2b
13344	0x2490d70	regnal_second_names	0x34afda0	0x18db44
13345	0x2490d50	regnal_second_names_male	0x34afec0	0x18db5d
13346	0x2490d98	regnal_second_names_female	0x34affe0	0x18db76
13347	0x2490d88	regnal_name	0x34b0100	0x18db8f
13348	0x2490dc8	regnal_number	0x34b0220	0x18dba8
13349	0x2490db8	regnal_numbers	0x34b0340	0x18dbc1
13350	0x2490de8	first_name	0x34b0460	0x18dbda
13351	0x2490dd8	second_name	0x34b0580	0x18dbf3
13352	0x2490e10	AI_wait_days	0x34b06a0	0x18dc0c
13353	0x2490df8	core_sector_budget	0x34b07c0	0x18dc25
13354	0x2490e38	set_pop_faction_flag	0x34b08e0	0x18dc3e
13355	0x2490e20	remove_pop_faction_flag	0x34b0a00	0x18dc57
13356	0x2490e70	has_pop_faction_flag	0x34b0b20	0x18dc70
13357	0x2490e50	set_timed_pop_faction_flag	0x34b0c40	0x18dc89
13358	0x2490e98	agenda	0x34b0d60	0x18dca2
13359	0x2490e88	has_completed	0x34b0e80	0x18dcbb
13360	0x2490ec0	liberate	0x34b0fa0	0x18dcd4
13361	0x2490ea0	emergency_election_command	0x34b10c0	0x18dced
13362	0x2490ee8	can_have_emergency_elections	0x34b11e0	0x18dd06
13363	0x2490ed0	emergency_election_cost	0x34b1300	0x18dd1f
13364	0x2490f20	can_build_ruler_military_station	0x34b1420	0x18dd38
13365	0x2490f08	can_build_ruler_ship	0x34b1540	0x18dd51
13366	0x2490f60	election_candidates	0x34b1660	0x18dd6a
13367	0x2490f48	max_election_candidates	0x34b1780	0x18dd83
13368	0x2490f90	heir_title	0x34b18a0	0x18dd9c
13369	0x2490f78	heir_title_female	0x34b19c0	0x18ddb5
13370	0x2490fc0	custom_council_titles	0x34b1ae0	0x18ddce
13371	0x2490fa0	required_spaceport_level	0x34b1c00	0x18dde7
13372	0x2490ff0	exterminate	0x34b1d20	0x18de00
13373	0x2490fd8	seize_ring_world	0x34b1e40	0x18de19
13374	0x2491010	has_agendas	0x34b1f60	0x18de32
13375	0x2491000	uses_mandates	0x34b2080	0x18de4b
13376	0x2491040	mandate	0x34b21a0	0x18de64
13377	0x2491020	open_debug_view_categories	0x34b22c0	0x18de7d
13378	0x2491058	disabled_alerts	0x34b23e0	0x18de96
13379	0x2491048	vote_weight	0x34b2500	0x18deaf
13380	0x2491080	outliner	0x34b2620	0x18dec8
13381	0x2491068	parameter_transfer	0x34b2740	0x18dee1
13382	0x24910a0	election_header	0x34b2860	0x18defa
13383	0x2491090	election_type	0x34b2980	0x18df13
13384	0x24910c0	democratic	0x34b2aa0	0x18df2c
13385	0x24910b0	oligarchic	0x34b2bc0	0x18df45
13386	0x24910e8	democratic_election	0x34b2ce0	0x18df5e
13387	0x24910d0	oligarchic_election	0x34b2e00	0x18df77
13388	0x2491118	attack_when_in_range	0x34b2f20	0x18df90
13389	0x2491100	support_multiplier	0x34b3040	0x18dfa9
13390	0x2491158	support_weight_exponent	0x34b3160	0x18dfc2
13391	0x2491130	support_election_candidate_command	0x34b3280	0x18dfdb
13392	0x2491180	on_leader_elected	0x34b33a0	0x18dff4
13393	0x2491170	bloom_factor	0x34b34c0	0x18e00d
13394	0x24911ac	halted	0x34b35e0	0x18e026
13395	0x2491198	add_tech_progress	0x34b3700	0x18e03f
13396	0x24911d8	on_spawn	0x34b3820	0x18e058
13397	0x24911b8	country_insult_efficiency	0x34b3940	0x18e071
13398	0x2491208	country_improve_relations_cost	0x34b3a60	0x18e08a
13399	0x24911e8	country_trade_attractiveness	0x34b3b80	0x18e0a3
13400	0x2491240	date_added	0x34b3ca0	0x18e0bc
13401	0x2491228	section_instance	0x34b3dc0	0x18e0d5
13402	0x2491260	planet_starvation	0x34b3ee0	0x18e0ee
13403	0x2491250	is_purging	0x34b4000	0x18e107
13404	0x2491288	species_purging	0x34b4120	0x18e120
13405	0x2491278	colony_purging	0x34b4240	0x18e139
13406	0x24912b0	had_purge	0x34b4360	0x18e152
13407	0x2491298	had_species_purge	0x34b4480	0x18e16b
13408	0x24912d0	had_colony_purge	0x34b45a0	0x18e184
13409	0x24912c0	purge_state	0x34b46c0	0x18e19d
13410	0x24912f8	purging	0x34b47e0	0x18e1b6
13411	0x24912e8	pop_growth	0x34b4900	0x18e1cf
13412	0x2491318	last_month_growth	0x34b4a20	0x18e1e8
13413	0x2491300	current_month_growth	0x34b4b40	0x18e201
13414	0x2491350	last_month_growth_details	0x34b4c60	0x18e21a
13415	0x2491330	current_month_growth_details	0x34b4d80	0x18e233
13416	0x2491380	growth_category	0x34b4ea0	0x18e24c
13417	0x2491370	growth_and_size	0x34b4fc0	0x18e265
13418	0x24913a0	month_start_size	0x34b50e0	0x18e27e
13419	0x2491390	can_upgrade_pop	0x34b5200	0x18e297
13420	0x24913d8	on_pop_created	0x34b5320	0x18e2b0
13421	0x24913b8	produced_growth_resources	0x34b5440	0x18e2c9
13422	0x2491410	new_pop_resource_requirement	0x34b5560	0x18e2e2
13423	0x24913e8	upgrade_pop_resource_requirement	0x34b5680	0x18e2fb
13424	0x2491440	required_growth	0x34b57a0	0x18e314
13425	0x2491430	food_surplus	0x34b58c0	0x18e32d
13426	0x2491460	upgrade_progress	0x34b59e0	0x18e346
13427	0x2491450	upgrade_to	0x34b5b00	0x18e35f
13428	0x2491488	upgrade_cost	0x34b5c20	0x18e378
13429	0x2491478	on_pop_upgraded	0x34b5d40	0x18e391
13430	0x24914b0	grown_by	0x34b5e60	0x18e3aa
13431	0x2491498	on_leader_ousted	0x34b5f80	0x18e3c3
13432	0x24914d8	pops_can_be_colonizers	0x34b60a0	0x18e3dc
13433	0x24914c0	pops_can_migrate	0x34b61c0	0x18e3f5
13434	0x24914f8	pop_maintenance	0x34b62e0	0x18e40e
13435	0x24914f0	pops	0x34b6400	0x18e427
13436	0x2491518	pops_can_reproduce	0x34b6520	0x18e440
13437	0x2491508	from_pop	0x34b6640	0x18e459
13438	0x2491548	pops_can_join_factions	0x34b6760	0x18e472
13439	0x2491530	can_generate_leaders	0x34b6880	0x18e48b
13440	0x2491578	move_pop_sound_effect	0x34b69a0	0x18e4a4
13441	0x2491560	pops_can_be_slaves	0x34b6ac0	0x18e4bd
13442	0x24915a0	min_steps	0x34b6be0	0x18e4d6
13443	0x2491590	max_steps	0x34b6d00	0x18e4ef
13444	0x24915c8	num_communications	0x34b6e20	0x18e508
13445	0x24915b0	should_ai_use_job_micro	0x34b6f40	0x18e521
13446	0x24915f8	ironman	0x34b7060	0x18e53a
13447	0x24915e0	autosave_tocloud	0x34b7180	0x18e553
13448	0x2491618	last_changed_policy	0x34b72a0	0x18e56c
13449	0x2491600	spaceport_level_2	0x34b73c0	0x18e585
13450	0x2491648	spaceport_level_3	0x34b74e0	0x18e59e
13451	0x2491630	spaceport_level_4	0x34b7600	0x18e5b7
13452	0x2491678	spaceport_level_5	0x34b7720	0x18e5d0
13453	0x2491660	spaceport_level_6	0x34b7840	0x18e5e9
13454	0x24916a0	tile_set	0x34b7960	0x18e602
13455	0x2491690	ai_follow	0x34b7a80	0x18e61b
13456	0x24916d8	can_enslave_pop	0x34b7ba0	0x18e634
13457	0x24916b0	can_generate_leader_from_pop_group	0x34b7cc0	0x18e64d
13458	0x2491700	can_take_hostile_actions	0x34b7de0	0x18e666
13459	0x24916e8	can_colonize_planet	0x34b7f00	0x18e67f
13460	0x2491730	on_enabled	0x34b8020	0x18e698
13461	0x2491720	on_disabled	0x34b8140	0x18e6b1
13462	0x2491750	policy_flags	0x34b8260	0x18e6ca
13463	0x2491740	selected	0x34b8380	0x18e6e3
13464	0x2491788	orbital_weight	0x34b84a0	0x18e6fc
13465	0x2491760	accumulated_anomaly_spawn_chance	0x34b85c0	0x18e715
13466	0x24917b0	custom_diplomacy	0x34b86e0	0x18e72e
13467	0x2491798	best_tile_for_pop	0x34b8800	0x18e747
13468	0x24917d8	pops_have_happiness	0x34b8920	0x18e760
13469	0x24917c8	pop_ethics	0x34b8a40	0x18e779
13470	0x2491800	can_be_modified	0x34b8b60	0x18e792
13471	0x24917f0	can_grow_pop	0x34b8c80	0x18e7ab
13472	0x2491818	forced_happiness	0x34b8da0	0x18e7c4
13473	0x2491810	roles	0x34b8ec0	0x18e7dd
13474	0x2491848	pre_ruler_class	0x34b8fe0	0x18e7f6
13475	0x2491830	ruler_council_position	0x34b9100	0x18e80f
13476	0x2491880	policy_option	0x34b9220	0x18e828
13477	0x2491858	invaders_military_minister_module	0x34b9340	0x18e841
13478	0x24918a0	uplifted_into	0x34b9460	0x18e85a
13479	0x2491890	mouse_panning	0x34b9580	0x18e873
13480	0x24918d0	can_have_federation_design	0x34b96a0	0x18e88c
13481	0x24918b0	can_vote_in_democratic_election	0x34b97c0	0x18e8a5
13482	0x2491910	can_purge_pop	0x34b98e0	0x18e8be
13483	0x24918f0	ground_support_stance_selective	0x34b9a00	0x18e8d7
13484	0x2491940	ground_support_stance_indiscriminate	0x34b9b20	0x18e8f0
13485	0x2491920	has_ground_support_stance	0x34b9c40	0x18e909
13486	0x2491978	station_modifier	0x34b9d60	0x18e922
13487	0x2491968	is_species	0x34b9e80	0x18e93b
13488	0x24919a0	victory_condition_fulfilled	0x34b9fa0	0x18e954
13489	0x2491990	mapmode_details	0x34ba0c0	0x18e96d
13490	0x24919d0	day_zero_contact	0x34ba1e0	0x18e986
13491	0x24919c0	base_income	0x34ba300	0x18e99f
13492	0x2491a00	max_autosaves	0x34ba420	0x18e9b8
13493	0x24919e8	last_increased_tech	0x34ba540	0x18e9d1
13494	0x2491a20	planet_mult	0x34ba660	0x18e9ea
13495	0x2491a10	fraction	0x34ba780	0x18ea03
13496	0x2491a40	static_min	0x34ba8a0	0x18ea1c
13497	0x2491a30	static_max	0x34ba9c0	0x18ea35
13498	0x2491a60	desired_min	0x34baae0	0x18ea4e
13499	0x2491a50	desired_max	0x34bac00	0x18ea67
13500	0x2491aa0	request_from_host_coop_member_camera_coord	0x34bad20	0x18ea80
13501	0x2491a70	response_from_host_coop_member_camera_coord	0x34bae40	0x18ea99
13502	0x2491ae8	request_camera_coord	0x34baf60	0x18eab2
13503	0x2491ad0	response_camera_coord	0x34bb080	0x18eacb
13504	0x2491b10	ship_data	0x34bb1a0	0x18eae4
13505	0x2491b00	army_data	0x34bb2c0	0x18eafd
13506	0x2491b30	manualsave_tocloud	0x34bb3e0	0x18eb16
13507	0x2491b20	small_icon	0x34bb500	0x18eb2f
13508	0x2491b68	movement_manager	0x34bb620	0x18eb48
13509	0x2491b48	time_since_last_path_update	0x34bb740	0x18eb61
13510	0x2491ba0	followers_wait_active	0x34bb860	0x18eb7a
13511	0x2491b80	followers_wait_target_system	0x34bb980	0x18eb93
13512	0x2491bc8	followers_fleets	0x34bbaa0	0x18ebac
13513	0x2491bb8	ftl_winddown	0x34bbbc0	0x18ebc5
13514	0x2491c00	jumpdrive	0x34bbce0	0x18ebde
13515	0x2491be0	ship_ftl_jumpdrive_range_mult	0x34bbe00	0x18ebf7
13516	0x2491c30	country_ship_build_time_mult	0x34bbf20	0x18ec10
13517	0x2491c10	country_army_build_time_mult	0x34bc040	0x18ec29
13518	0x2491c68	war_economy_modifier	0x34bc160	0x18ec42
13519	0x2491c50	merge_fleet_order	0x34bc280	0x18ec5b
13520	0x2491c98	incoming_merges	0x34bc3a0	0x18ec74
13521	0x2491c80	spaceborne_lifeform	0x34bc4c0	0x18ec8d
13522	0x2491cd0	triggered_modifier	0x34bc5e0	0x18eca6
13523	0x2491ca8	country_ship_build_cost_mult_off_war	0x34bc700	0x18ecbf
13524	0x2491d10	country_ship_build_time_mult_off_war	0x34bc820	0x18ecd8
13525	0x2491ce8	country_army_build_cost_mult_off_war	0x34bc940	0x18ecf1
13526	0x2491d60	country_army_build_time_mult_off_war	0x34bca60	0x18ed0a
13527	0x2491d38	country_ship_build_cost_mult_def_war	0x34bcb80	0x18ed23
13528	0x2491db0	country_ship_build_time_mult_def_war	0x34bcca0	0x18ed3c
13529	0x2491d88	country_army_build_cost_mult_def_war	0x34bcdc0	0x18ed55
13530	0x2491df0	country_army_build_time_mult_def_war	0x34bcee0	0x18ed6e
13531	0x24afc68	generic	0x34bd000	0x18ed87
13532	0x2491dd8	next_army_number	0x34bd120	0x18eda0
13533	0x2491e30	proposable	0x34bd240	0x18edb9
13534	0x2491e18	attacker_war_goal	0x34bd360	0x18edd2
13535	0x2491e48	defender_war_goal	0x34bd480	0x18edeb
13536	0x2491e40	demands	0x34bd5a0	0x18ee04
13537	0x2491e88	diplo_action_set_defender_war_goal_command	0x34bd6c0	0x18ee1d
13538	0x2491e60	diplo_action_start_proxy_war_command	0x34bd7e0	0x18ee36
13539	0x2491ed0	change_diplomacy_stand_command	0x34bd900	0x18ee4f
13540	0x2491eb8	have_defender_war_goal	0x34bda20	0x18ee68
13541	0x2491ef8	wants_planets	0x34bdb40	0x18ee81
13542	0x2491ef0	exploit	0x34bdc60	0x18ee9a
13543	0x2491f18	wants_species	0x34bdd80	0x18eeb3
13544	0x2491f08	prev_building	0x34bdea0	0x18eecc
13545	0x2491f40	calc	0x34bdfc0	0x18eee5
13546	0x2491f28	rename_system_command	0x34be0e0	0x18eefe
13547	0x2491f50	counters	0x34be200	0x18ef17
13548	0x2491f48	context	0x34be320	0x18ef30
13549	0x2491f60	planets_in_country	0x34be440	0x18ef49
13550	0x2491f5c	mul	0x34be560	0x18ef62
13551	0x2491f88	div	0x34be680	0x18ef7b
13552	0x2491f78	spaceport_level	0x34be7a0	0x18ef94
13553	0x2491fa0	demandable	0x34be8c0	0x18efad
13554	0x2491f90	execution_order	0x34be9e0	0x18efc6
13555	0x2491fc8	sound_is_advisor	0x34beb00	0x18efdf
13556	0x2491fb0	fixed_maintenance	0x34bec20	0x18eff8
13557	0x2491ff0	build_time	0x34bed40	0x18f011
13558	0x2491fe0	dismantle_time	0x34bee60	0x18f02a
13559	0x2492010	dismantle_cost	0x34bef80	0x18f043
13560	0x2492000	weight_groups	0x34bf0a0	0x18f05c
13561	0x2492030	mod_weight_if_group_picked	0x34bf1c0	0x18f075
13562	0x2492020	last_damage	0x34bf2e0	0x18f08e
13563	0x2492060	AI_invasion_target	0x34bf400	0x18f0a7
13564	0x2492050	find_fleet	0x34bf520	0x18f0c0
13565	0x2492088	found_fleet	0x34bf640	0x18f0d9
13566	0x2492078	system_only	0x34bf760	0x18f0f2
13567	0x24920b0	find_closest_fleet	0x34bf880	0x18f10b
13568	0x2492098	find_random_fleet	0x34bf9a0	0x18f124
13569	0x24920d8	attack_fleet	0x34bfac0	0x18f13d
13570	0x24920c8	allow_ftl	0x34bfbe0	0x18f156
13571	0x2492108	aggro_range	0x34bfd00	0x18f16f
13572	0x24920e8	aggressive_stance_fleet_order	0x34bfe20	0x18f188
13573	0x2492128	aggro_range_measure_from	0x34bff40	0x18f1a1
13574	0x2492118	return_point	0x34c0060	0x18f1ba
13575	0x2492158	self	0x34c0180	0x18f1d3
13576	0x2492148	voice_volume	0x34c02a0	0x18f1ec
13577	0x247a990	tts_volume	0x34c03c0	0x18f205
13578	0x2492178	targets	0x34c04e0	0x18f21e
13579	0x2492160	slave_food_output	0x34c0600	0x18f237
13580	0x2492190	clear_on_owner_change	0x34c0720	0x18f250
13581	0x2492180	original_owner	0x34c0840	0x18f269
13582	0x24921c0	ship_auto_repair_add_perc	0x34c0960	0x18f282
13583	0x24921a8	on_traded_effect	0x34c0a80	0x18f29b
13584	0x2492200	on_deal_ended_sender_effect	0x34c0ba0	0x18f2b4
13585	0x24921e0	on_deal_ended_recipient_effect	0x34c0cc0	0x18f2cd
13586	0x2492230	force_open	0x34c0de0	0x18f2e6
13587	0x2492220	growth_state	0x34c0f00	0x18f2ff
13588	0x2492250	upgrade	0x34c1020	0x18f318
13589	0x2492240	max_rivalries	0x34c1140	0x18f331
13590	0x2492270	rivalry_influence_gain	0x34c1260	0x18f34a
13591	0x2492258	embassy_influence_cost	0x34c1380	0x18f363
13592	0x24922a0	action_improve_relation	0x34c14a0	0x18f37c
13593	0x2492288	action_harm_relation	0x34c15c0	0x18f395
13594	0x24922e8	embassy	0x34c16e0	0x18f3ae
13595	0x24922b8	capitals_connected_through_relay_network	0x34c1800	0x18f3c7
13596	0x2492310	capitals_connected_through_relay_network_before	0x34c1920	0x18f3e0
13597	0x24922f0	has_access_to_relay_network	0x34c1a40	0x18f3f9
13598	0x2492354	rival	0x34c1b60	0x18f412
13599	0x2492340	action_end_rivalry	0x34c1c80	0x18f42b
13600	0x2492370	action_recall_embassy	0x34c1da0	0x18f444
13601	0x2492360	max_embassies	0x34c1ec0	0x18f45d
13602	0x24923a0	set_ruler_title_male	0x34c1fe0	0x18f476
13603	0x2492388	set_ruler_title_female	0x34c2100	0x18f48f
13604	0x24923d8	position_tag	0x34c2220	0x18f4a8
13605	0x24923b8	set_council_position_title_male	0x34c2340	0x18f4c1
13606	0x24923f8	set_council_position_title_female	0x34c2460	0x18f4da
13607	0x24923e8	friction	0x34c2580	0x18f4f3
13608	0x2492438	relations	0x34c26a0	0x18f50c
13609	0x2492420	scaled_rivalries	0x34c27c0	0x18f525
13610	0x2492460	scaled_embassies	0x34c28e0	0x18f53e
13611	0x2492448	rename_alliance_command	0x34c2a00	0x18f557
13612	0x2492490	previous_owner	0x34c2b20	0x18f570
13613	0x2492478	num_advanced_empires	0x34c2c40	0x18f589
13614	0x24924b0	remove_when_completed	0x34c2d60	0x18f5a2
13615	0x24924a0	dismissive	0x34c2e80	0x18f5bb
13616	0x24924d0	patronizing	0x34c2fa0	0x18f5d4
13617	0x24924c8	angry	0x34c30c0	0x18f5ed
13618	0x24924f8	domineering	0x34c31e0	0x18f606
13619	0x24924e0	prepare_war_date_start	0x34c3300	0x18f61f
13620	0x2492520	prepare_war_date	0x34c3420	0x18f638
13621	0x2492508	ai_add_strategy_command	0x34c3540	0x18f651
13622	0x2492540	ai_set_nemesis_command	0x34c3660	0x18f66a
13623	0x2492538	borders	0x34c3780	0x18f683
13624	0x2492568	limited_construction	0x34c38a0	0x18f69c
13625	0x2492558	can_use_market	0x34c39c0	0x18f6b5
13626	0x2492588	insult	0x34c3ae0	0x18f6ce
13627	0x2492580	ruined	0x34c3c00	0x18f6e7
13628	0x24925a0	stack_info	0x34c3d20	0x18f700
13629	0x2492590	friendly_aura	0x34c3e40	0x18f719
13630	0x24925c0	hostile_aura	0x34c3f60	0x18f732
13631	0x24925b0	area_effect	0x34c4080	0x18f74b
13632	0x24925e0	ship_effect	0x34c41a0	0x18f764
13633	0x24925d0	dynamic_scale	0x34c42c0	0x18f77d
13634	0x24925f8	apply_on	0x34c43e0	0x18f796
13635	0x24925ec	aura	0x34c4500	0x18f7af
13636	0x2492618	auras	0x34c4620	0x18f7c8
13637	0x2492608	aura_modifier	0x34c4740	0x18f7e1
13638	0x2492640	repair_tile_building_command	0x34c4860	0x18f7fa
13639	0x2492620	shipclass_outpost_station	0x34c4980	0x18f813
13640	0x2492670	shader_type	0x34c4aa0	0x18f82c
13641	0x2492660	repair_building	0x34c4bc0	0x18f845
13642	0x2492698	ruined_icon	0x34c4ce0	0x18f85e
13643	0x2492680	ruined_icon_frame	0x34c4e00	0x18f877
13644	0x24926b8	army_modifier	0x34c4f20	0x18f890
13645	0x24926a8	ftl_magnet	0x34c5040	0x18f8a9
13646	0x24926d8	toggle_ai_needs_buildings_command	0x34c5160	0x18f8c2
13647	0x24926c8	fleet_presence	0x34c5280	0x18f8db
13648	0x2492718	aura_presence	0x34c53a0	0x18f8f4
13649	0x2492700	ftl_magnet_presence	0x34c54c0	0x18f90d
13650	0x2492730	machine_military_minister_module	0x34c55e0	0x18f926
13651	0x2492728	set	0x34c5700	0x18f93f
13652	0x249276c	sets	0x34c5820	0x18f958
13653	0x2492758	migration_access	0x34c5940	0x18f971
13654	0x2492790	conditional_icon	0x34c5a60	0x18f98a
13655	0x2492778	conditional_portraits	0x34c5b80	0x18f9a3
13656	0x24927b8	damage_hitpoints	0x34c5ca0	0x18f9bc
13657	0x24927a8	damage_shields	0x34c5dc0	0x18f9d5
13658	0x24927d8	damage_armor	0x34c5ee0	0x18f9ee
13659	0x24927cc	hits	0x34c6000	0x18fa07
13660	0x24927f8	misses	0x34c6120	0x18fa20
13661	0x24927e8	damage_outgoing	0x34c6240	0x18fa39
13662	0x2492818	damage_incoming	0x34c6360	0x18fa52
13663	0x2492800	hit_ratio_outgoing	0x34c6480	0x18fa6b
13664	0x2492840	hit_ratio_incoming	0x34c65a0	0x18fa84
13665	0x2492828	targetables_killed	0x34c66c0	0x18fa9d
13666	0x2492868	combat_stats	0x34c67e0	0x18fab6
13667	0x2492858	fleet_stats	0x34c6900	0x18facf
13668	0x2492890	damage_per_day	0x34c6a20	0x18fae8
13669	0x2492878	move_pops_command	0x34c6b40	0x18fb01
13670	0x24928c8	should_ai_use	0x34c6c60	0x18fb1a
13671	0x24928a0	ship_emergency_ftl_min_days_mult	0x34c6d80	0x18fb33
13672	0x24928f8	ship_emergency_ftl_min_days_add	0x34c6ea0	0x18fb4c
13673	0x24928d8	ship_shield_regen_add_perc	0x34c6fc0	0x18fb65
13674	0x2492928	subjects	0x34c70e0	0x18fb7e
13675	0x2492918	subject_type	0x34c7200	0x18fb97
13676	0x2492948	tech_unlocked_ratio	0x34c7320	0x18fbb0
13677	0x2492938	target_leader	0x34c7440	0x18fbc9
13678	0x2492978	target_war	0x34c7560	0x18fbe2
13679	0x2492960	is_leader_level_up	0x34c7680	0x18fbfb
13680	0x2492998	is_combat_stats	0x34c77a0	0x18fc14
13681	0x2492988	is_contract_end	0x34c78c0	0x18fc2d
13682	0x24929b8	country_name	0x34c79e0	0x18fc46
13683	0x24929a8	fleet_name	0x34c7b00	0x18fc5f
13684	0x24929e8	fleet_index	0x34c7c20	0x18fc78
13685	0x24929c8	should_ai_use_for_proposals	0x34c7d40	0x18fc91
13686	0x2492a10	can_preset_be_changed	0x34c7e60	0x18fcaa
13687	0x24929f8	build_block_radius	0x34c7f80	0x18fcc3
13688	0x2492a50	action_demand_protectorate	0x34c80a0	0x18fcdc
13689	0x2492a28	action_ask_to_become_protectorate	0x34c81c0	0x18fcf5
13690	0x2492a80	can_colonize	0x34c82e0	0x18fd0e
13691	0x2492a70	become_vassal	0x34c8400	0x18fd27
13692	0x2492aa8	tech_cost_mult	0x34c8520	0x18fd40
13693	0x2492a90	overlord_influence	0x34c8640	0x18fd59
13694	0x2492ae0	use_as_border_color	0x34c8760	0x18fd72
13695	0x2492ab8	action_ask_to_be_released_subject	0x34c8880	0x18fd8b
13696	0x2492b10	action_release_subject	0x34c89a0	0x18fda4
13697	0x2492af8	can_resettle_pop_group	0x34c8ac0	0x18fdbd
13698	0x2492b40	joins_overlord_wars	0x34c8be0	0x18fdd6
13699	0x2492b28	calls_overlord_to_war	0x34c8d00	0x18fdef
13700	0x2492b68	can_do_diplomacy	0x34c8e20	0x18fe08
13701	0x2492b58	call_type	0x34c8f40	0x18fe21
13702	0x2492b90	slavery_trait	0x34c9060	0x18fe3a
13703	0x2492b80	used_color	0x34c9180	0x18fe53
13704	0x2492bb4	caller	0x34c92a0	0x18fe6c
13705	0x2492ba0	has_special_project	0x34c93c0	0x18fe85
13706	0x2492be8	has_completed_special_project_in_log	0x34c94e0	0x18fe9e
13707	0x2492bc0	has_failed_special_project_in_log	0x34c9600	0x18feb7
13708	0x2492c30	abort_special_project	0x34c9720	0x18fed0
13709	0x2492c10	wormhole_station_presence	0x34c9840	0x18fee9
13710	0x2492c58	ai_weight	0x34c9960	0x18ff02
13711	0x2492c48	ai_priority	0x34c9a80	0x18ff1b
13712	0x2492c80	ai_wants	0x34c9ba0	0x18ff34
13713	0x2492c68	ai_resource_production	0x34c9cc0	0x18ff4d
13714	0x2492cb0	ai_resource_conversion	0x34c9de0	0x18ff66
13715	0x2492c90	ai_resource_current_conversion	0x34c9f00	0x18ff7f
13716	0x2492cd8	ai_categories	0x34ca020	0x18ff98
13717	0x2492cc8	ai_acceptance	0x34ca140	0x18ffb1
13718	0x2492cf0	intangible_weight	0x34ca260	0x18ffca
13719	0x2492ce8	survey	0x34ca380	0x18ffe3
13720	0x2492d20	action_integrate_subject	0x34ca4a0	0x18fffc
13721	0x2492d08	can_be_integrated	0x34ca5c0	0x190015
13722	0x2492d48	subject_integration	0x34ca6e0	0x19002e
13723	0x2492d40	subject	0x34ca800	0x190047
13724	0x2492d88	overlord_becomes_warleader	0x34ca920	0x190060
13725	0x2492d60	action_cancel_subject_integration	0x34caa40	0x190079
13726	0x2492db0	remaining_months	0x34cab60	0x190092
13727	0x2492da8	storage	0x34cac80	0x1900ab
13728	0x2492dd8	rival_date	0x34cada0	0x1900c4
13729	0x2492dc8	unfriendly	0x34caec0	0x1900dd
13730	0x2492df0	coexist	0x34cafe0	0x1900f6
13731	0x2492de8	cordial	0x34cb100	0x19010f
13732	0x2492e08	shared_capacity_modifier	0x34cb220	0x190128
13733	0x2492df8	shared_rivals	0x34cb340	0x190141
13734	0x2492e40	scaled_defamations	0x34cb460	0x19015a
13735	0x2492e28	defamation_campaign	0x34cb580	0x190173
13736	0x2492e68	num_defamation_campaigns	0x34cb6a0	0x19018c
13737	0x2492e58	conqueror	0x34cb7c0	0x1901a5
13738	0x2492e98	subjugator	0x34cb8e0	0x1901be
13739	0x2492e88	liberator	0x34cba00	0x1901d7
13740	0x2492eb4	slaver	0x34cbb20	0x1901f0
13741	0x2492ea8	uplifter	0x34cbc40	0x190209
13742	0x2492ecc	purger	0x34cbd60	0x190222
13743	0x2492ec0	infiltrator	0x34cbe80	0x19023b
13744	0x2492ee8	dominator	0x34cbfa0	0x190254
13745	0x2492ed8	robot_exploiter	0x34cc0c0	0x19026d
13746	0x2492f08	robot_liberator	0x34cc1e0	0x190286
13747	0x2492ef8	capitalist	0x34cc300	0x19029f
13748	0x2492f20	zealot	0x34cc420	0x1902b8
13749	0x2492f18	hegemon	0x34cc540	0x1902d1
13750	0x2492f40	isolationist	0x34cc660	0x1902ea
13751	0x2492f28	federation_builder	0x34cc780	0x190303
13752	0x2492f60	propagator	0x34cc8a0	0x19031c
13753	0x2492f50	explorer	0x34cc9c0	0x190335
13754	0x2492f80	purifier	0x34ccae0	0x19034e
13755	0x2492f70	aggressiveness	0x34ccc00	0x190367
13756	0x2492fa8	trade_willingness	0x34ccd20	0x190380
13757	0x2492f90	loyalty_acceptance	0x34cce40	0x190399
13758	0x2492fd0	honorbound	0x34ccf60	0x1903b2
13759	0x2492fc0	ideologue	0x34cd080	0x1903cb
13760	0x2492fe8	bravery	0x34cd1a0	0x1903e4
13761	0x2492fe0	quarter	0x34cd2c0	0x1903fd
13762	0x2493008	three_quarters	0x34cd3e0	0x190416
13763	0x2492ff0	military_spending	0x34cd500	0x19042f
13764	0x2493028	colony_spending	0x34cd620	0x190448
13765	0x2493018	migrator	0x34cd740	0x190461
13766	0x2493048	deposits	0x34cd860	0x19047a
13767	0x2493038	subject_date	0x34cd980	0x190493
13768	0x2493068	resources_bought	0x34cdaa0	0x1904ac
13769	0x2493058	resources_sold	0x34cdbc0	0x1904c5
13770	0x2493090	required_progress	0x34cdce0	0x1904de
13771	0x2493080	sequential_name	0x34cde00	0x1904f7
13772	0x24930b8	show_to_alliance_members	0x34cdf20	0x190510
13773	0x24930a8	repair_disabled	0x34ce040	0x190529
13774	0x24930e8	gets_access	0x34ce160	0x190542
13775	0x24930d8	gets_sensor	0x34ce280	0x19055b
13776	0x2493110	target_location	0x34ce3a0	0x190574
13777	0x24930f8	used_species_portrait	0x34ce4c0	0x19058d
13778	0x2493130	category_opposite	0x34ce5e0	0x1905a6
13779	0x2493120	border_range	0x34ce700	0x1905bf
13780	0x2493160	advanced_start_chance	0x34ce820	0x1905d8
13781	0x2493148	size_restriction	0x34ce940	0x1905f1
13782	0x2493198	size_requirement	0x34cea60	0x19060a
13783	0x2493178	pre_communications_fleet_name	0x34ceb80	0x190623
13784	0x24931d0	has_plural_name	0x34ceca0	0x19063c
13785	0x24931b0	planet_migration_xeno_pull	0x34cedc0	0x190655
13786	0x2493200	planet_migration_same_pull	0x34ceee0	0x19066e
13787	0x24931e0	planet_migration_all_pull	0x34cf000	0x190687
13788	0x2493230	pop_growth_req_mult	0x34cf120	0x1906a0
13789	0x2493220	pop_growth_req	0x34cf240	0x1906b9
13790	0x2493260	queue_to_front	0x34cf360	0x1906d2
13791	0x2493248	can_join_faction	0x34cf480	0x1906eb
13792	0x2493288	unfulfilled_effect	0x34cf5a0	0x190704
13793	0x2493270	fulfilled_effect	0x34cf6c0	0x19071d
13794	0x247aa78	auto_unpause	0x34cf7e0	0x190736
13795	0x24932b8	used_symbols	0x34cf900	0x19074f
13796	0x24932a0	can_species_procreate	0x34cfa20	0x190768
13797	0x24932d8	used_species_names	0x34cfb40	0x190781
13798	0x24932c8	is_subspecies	0x34cfc60	0x19079a
13799	0x2493308	cyclic	0x34cfd80	0x1907b3
13800	0x24932f0	random_name_variables	0x34cfea0	0x1907cc
13801	0x2493320	triggered_ship_roles	0x34cffc0	0x1907e5
13802	0x2493310	disband_army	0x34d00e0	0x1907fe
13803	0x2493350	detach_army_attachment	0x34d0200	0x190817
13804	0x2493338	alliance_acceptance	0x34d0320	0x190830
13805	0x2493378	alliance_influence_cost	0x34d0440	0x190849
13806	0x2493368	is_threat	0x34d0560	0x190862
13807	0x24933b0	federation_acceptance	0x34d0680	0x19087b
13808	0x2493390	ship_mineral_maintenances	0x34d07a0	0x190894
13809	0x24933d8	station_mineral_maintenances	0x34d08c0	0x1908ad
13810	0x24933c8	is_valid	0x34d09e0	0x1908c6
13811	0x2493400	can_resettle_pop_planet	0x34d0b00	0x1908df
13812	0x24933f8	threat	0x34d0c20	0x1908f8
13813	0x2493438	threat_modifier	0x34d0d40	0x190911
13814	0x2493418	manual_designation_changed_date	0x34d0e60	0x19092a
13815	0x2493458	diplo_view_acceptance_icon	0x34d0f80	0x190943
13816	0x2493448	num_ai_wanted	0x34d10a0	0x19095c
13817	0x2493488	requires_recipient_alliance_vote	0x34d11c0	0x190975
13818	0x2493478	demanded	0x34d12e0	0x19098e
13819	0x24934c8	active_status	0x34d1400	0x1909a7
13820	0x24934b0	use_demanded_terms	0x34d1520	0x1909c0
13821	0x24934e0	friction_modifier	0x34d1640	0x1909d9
13822	0x24934d8	has_met	0x34d1760	0x1909f2
13823	0x2493518	has_fortifications	0x34d1880	0x190a0b
13824	0x24934f8	pop_fortification_defense	0x34d19a0	0x190a24
13825	0x2493550	planet_fortification_strength	0x34d1ac0	0x190a3d
13826	0x2493530	country_fortification_strength	0x34d1be0	0x190a56
13827	0x2493598	fortification_health	0x34d1d00	0x190a6f
13828	0x2493570	toggle_ai_needs_stations_command	0x34d1e20	0x190a88
13829	0x24935e0	should_show_auto_accept_message_recipient	0x34d1f40	0x190aa1
13830	0x24935b0	should_open_auto_accept_message_recipient	0x34d2060	0x190aba
13831	0x2493620	components_add_to_cost	0x34d2180	0x190ad3
13832	0x2493610	opportunist	0x34d22a0	0x190aec
13833	0x2493650	released_by_country	0x34d23c0	0x190b05
13834	0x2493638	released_from_country	0x34d24e0	0x190b1e
13835	0x2493680	difficulty	0x34d2600	0x190b37
13836	0x2493668	maintenance_influence	0x34d2720	0x190b50
13837	0x24936a0	pop_resettlement_cost_mult	0x34d2840	0x190b69
13838	0x2493690	ai_update_type	0x34d2960	0x190b82
13839	0x24936d0	planet_army_build_speed_mult	0x34d2a80	0x190b9b
13840	0x24936c0	species_name	0x34d2ba0	0x190bb4
13841	0x2493700	species_plural	0x34d2cc0	0x190bcd
13842	0x24936f0	species_class	0x34d2de0	0x190be6
13843	0x2493720	subclass_trait	0x34d2f00	0x190bff
13844	0x2493710	planet_name	0x34d3020	0x190c18
13845	0x2493748	council_location	0x34d3140	0x190c31
13846	0x2493730	city_graphical_culture	0x34d3260	0x190c4a
13847	0x2493770	species_adjective	0x34d3380	0x190c63
13848	0x2493760	system_name	0x34d34a0	0x190c7c
13849	0x2493790	hair	0x34d35c0	0x190c95
13850	0x2493788	clothes	0x34d36e0	0x190cae
13851	0x24937b0	country_leader_cap_add	0x34d3800	0x190cc7
13852	0x2493798	country_admiral_cap_add	0x34d3920	0x190ce0
13853	0x24937e8	country_general_cap_add	0x34d3a40	0x190cf9
13854	0x24937c8	country_governor_cap_add	0x34d3b60	0x190d12
13855	0x2493818	country_scientist_cap_add	0x34d3c80	0x190d2b
13856	0x2493800	country_naval_cap_add	0x34d3da0	0x190d44
13857	0x2493858	country_naval_cap_mult	0x34d3ec0	0x190d5d
13858	0x2493838	country_naval_coverage_add	0x34d3fe0	0x190d76
13859	0x2493888	country_naval_coverage_mult	0x34d4100	0x190d8f
13860	0x2493870	country_edict_cap_add	0x34d4220	0x190da8
13861	0x24938c0	country_edict_cap_mult	0x34d4340	0x190dc1
13862	0x24938a8	country_edict_fund_add	0x34d4460	0x190dda
13863	0x24938f0	country_edict_fund_mult	0x34d4580	0x190df3
13864	0x24938d8	remove_edict_command	0x34d46a0	0x190e0c
13865	0x2493928	default_pop_faction	0x34d47c0	0x190e25
13866	0x2493908	check_pop_faction_parameter	0x34d48e0	0x190e3e
13867	0x2493960	kill_pop_faction	0x34d4a00	0x190e57
13868	0x2493940	pop_robot_production_output	0x34d4b20	0x190e70
13869	0x2493990	is_robot_pop	0x34d4c40	0x190e89
13870	0x2493978	is_robot_pop_group	0x34d4d60	0x190ea2
13871	0x24939b8	custom_empire	0x34d4e80	0x190ebb
13872	0x24939a0	ai_special_building	0x34d4fa0	0x190ed4
13873	0x24939d8	colonies	0x34d50c0	0x190eed
13874	0x24939c8	ship_colonies	0x34d51e0	0x190f06
13875	0x24939fc	wars	0x34d5300	0x190f1f
13876	0x24939e8	relations_manager	0x34d5420	0x190f38
13877	0x2493a10	rivals	0x34d5540	0x190f51
13878	0x2493a08	threats	0x34d5660	0x190f6a
13879	0x2493a28	set_dlcs	0x34d5780	0x190f83
13880	0x2493a18	greeting_sound	0x34d58a0	0x190f9c
13881	0x2493a50	attraction_custom_title	0x34d59c0	0x190fb5
13882	0x2493a38	attraction_custom_desc	0x34d5ae0	0x190fce
13883	0x2493a9c	back	0x34d5c00	0x190fe7
13884	0x2493a68	should_remove_response_message_when_not_possible	0x34d5d20	0x191000
13885	0x2493ac8	spaceport_module_cost_mult	0x34d5e40	0x191019
13886	0x2493aa8	spaceport_ship_build_time_mult	0x34d5f60	0x191032
13887	0x2493b08	spaceport_ship_build_cost_mult	0x34d6080	0x19104b
13888	0x2493ae8	planet_army_build_cost_mult	0x34d61a0	0x191064
13889	0x2493b48	planet_army_build_time_mult	0x34d62c0	0x19107d
13890	0x2493b28	planet_ship_build_speed_mult	0x34d63e0	0x191096
13891	0x2493b88	district_automated_workforce	0x34d6500	0x1910af
13892	0x2493b68	bonus_automated_workforce_mult	0x34d6620	0x1910c8
13893	0x2493bb8	can_be_automated	0x34d6740	0x1910e1
13894	0x2493ba8	resources_sum	0x34d6860	0x1910fa
13895	0x2493be8	neighbor_resources_sum	0x34d6980	0x191113
13896	0x2493bd0	maintenance_minerals	0x34d6aa0	0x19112c
13897	0x2493c28	is_dangerous	0x34d6bc0	0x191145
13898	0x2493c00	dangerous_tech_research_speed_mult	0x34d6ce0	0x19115e
13899	0x2493c48	dangerous_tech_draw_chance_mult	0x34d6e00	0x191177
13900	0x2493c38	food_deficit	0x34d6f20	0x191190
13901	0x2493c78	valid_target_aggressive_stance	0x34d7040	0x1911a9
13902	0x2493c68	bombard_target	0x34d7160	0x1911c2
13903	0x2493ca8	change_leader_name_command	0x34d7280	0x1911db
13904	0x2493c98	intel_cache	0x34d73a0	0x1911f4
13905	0x2493ce0	last_war_economy_mult	0x34d74c0	0x19120d
13906	0x2493cc8	planet_border_mult	0x34d75e0	0x191226
13907	0x2493d10	enable_default_design	0x34d7700	0x19123f
13908	0x2493cf8	advanced_empire_default	0x34d7820	0x191258
13909	0x2493d38	num_empire_default	0x34d7940	0x191271
13910	0x2493d28	clustered	0x34d7a60	0x19128a
13911	0x2493d6c	close	0x34d7b80	0x1912a3
13912	0x2493d50	can_gene_mod_habitability	0x34d7ca0	0x1912bc
13913	0x2493d98	can_add_advanced_traits	0x34d7dc0	0x1912d5
13914	0x2493d78	can_add_negative_traits_organic	0x34d7ee0	0x1912ee
13915	0x2493dd0	can_remove_positive_traits_organic	0x34d8000	0x191307
13916	0x2493db0	can_modify_organic_portraits	0x34d8120	0x191320
13917	0x2493e10	player_locations	0x34d8240	0x191339
13918	0x2493df8	weapon_preferences	0x34d8360	0x191352
13919	0x2493e40	ship_accuracy_add	0x34d8480	0x19136b
13920	0x2493e28	ship_accuracy_mult	0x34d85a0	0x191384
13921	0x2493e68	owned_ship_accuracy_mult	0x34d86c0	0x19139d
13922	0x2493e58	buildable_pop	0x34d87e0	0x1913b6
13923	0x2493e98	build_pop_command	0x34d8900	0x1913cf
13924	0x2493e88	military_power	0x34d8a20	0x1913e8
13925	0x2493ec8	exempt_from_ai_amenity_prioritization	0x34d8b40	0x191401
13926	0x2493eb0	pops_auto_growth	0x34d8c60	0x19141a
13927	0x2493f08	pops_auto_upgrade_to	0x34d8d80	0x191433
13928	0x2493ef0	fleet_cancel_order	0x34d8ea0	0x19144c
13929	0x2493f38	country_resettlement_cost_mult	0x34d8fc0	0x191465
13930	0x2493f20	can_colonize_with_pop	0x34d90e0	0x19147e
13931	0x2493f68	rename_country_command	0x34d9200	0x191497
13932	0x2493f58	tile_allow	0x34d9320	0x1914b0
13933	0x2493f98	tile_potential	0x34d9440	0x1914c9
13934	0x2493f80	last_bombardment	0x34d9560	0x1914e2
13935	0x2493fc8	ai_tags	0x34d9680	0x1914fb
13936	0x2493fa8	collect_if_wrong_building	0x34d97a0	0x191514
13937	0x2493fe0	last_date_was_human	0x34d98c0	0x19152d
13938	0x2493fd0	species_bio	0x34d99e0	0x191546
13939	0x2494010	dynastic_last_names	0x34d9b00	0x19155f
13940	0x2493ff8	defender_war_goals	0x34d9c20	0x191578
13941	0x2494038	attackers_war_goals	0x34d9d40	0x191591
13942	0x2494028	rally_points	0x34d9e60	0x1915aa
13943	0x2494058	rally_point	0x34d9f80	0x1915c3
13944	0x249404c	empire	0x34da0a0	0x1915dc
13945	0x24940b8	contacts	0x34da1c0	0x1915f5
13946	0x2494070	country_federation_fleet_contribution_naval_cap_reduction_discount	0x34da2e0	0x19160e
13947	0x24940e0	planet_colony_development_speed_mult	0x34da400	0x191627
13948	0x24940c8	static_galaxy_scenario	0x34da520	0x191640
13949	0x2494118	spawn_weight	0x34da640	0x191659
13950	0x2494108	spawn_design	0x34da760	0x191672
13951	0x2494130	coordinate_transform	0x34da880	0x19168b
13952	0x2494128	sub	0x34da9a0	0x1916a4
13953	0x2494160	random_hyperlanes	0x34daac0	0x1916bd
13954	0x2494148	prevent_hyperlane	0x34dabe0	0x1916d6
13955	0x2494198	show_in_contacts_list	0x34dad00	0x1916ef
13956	0x2494178	diplomatic_action_3rd_party	0x34dae20	0x191708
13957	0x24941c0	exempt_from_ai_planet_specialization	0x34daf40	0x191721
13958	0x24941b0	ship_size_key	0x34db060	0x19173a
13959	0x24941f8	ship_size_name	0x34db180	0x191753
13960	0x24941e8	ship_size_count	0x34db2a0	0x19176c
13961	0x2494218	ship_size_count_lost	0x34db3c0	0x191785
13962	0x2494208	auto_upgrade	0x34db4e0	0x19179e
13963	0x2494240	never_lost	0x34db600	0x1917b7
13964	0x2494230	never_mia	0x34db720	0x1917d0
13965	0x2494268	closed_borders	0x34db840	0x1917e9
13966	0x2494250	wormhole_station_access	0x34db960	0x191802
13967	0x2494290	military_station_access	0x34dba80	0x19181b
13968	0x2494278	action_close_borders	0x34dbba0	0x191834
13969	0x24942c0	action_open_borders	0x34dbcc0	0x19184d
13970	0x24942a8	default_closed_borders	0x34dbde0	0x191866
13971	0x24942e8	closed_borders_message_key	0x34dbf00	0x19187f
13972	0x24942d8	close_up	0x34dc020	0x191898
13973	0x2494320	fleets_gone_mia	0x34dc140	0x1918b1
13974	0x2494308	fleet_mia_time_mult	0x34dc260	0x1918ca
13975	0x2494350	wormhole_stations_destroyed	0x34dc380	0x1918e3
13976	0x2494330	action_form_defensive_pact	0x34dc4a0	0x1918fc
13977	0x2494390	action_break_defensive_pact	0x34dc5c0	0x191915
13978	0x2494370	targetables_killed_outgoing	0x34dc6e0	0x19192e
13979	0x24943c0	targetables_killed_incoming	0x34dc800	0x191947
13980	0x24943b0	no_more_enemies	0x34dc920	0x191960
13981	0x24943f0	we_destroyed	0x34dca40	0x191979
13982	0x24943e0	we_disabled	0x34dcb60	0x191992
13983	0x2494418	we_escaped	0x34dcc80	0x1919ab
13984	0x2494400	pop_radiation_happiness	0x34dcda0	0x1919c4
13985	0x2494440	can_be_stolen	0x34dcec0	0x1919dd
13986	0x2494428	affected_by_radiation	0x34dcfe0	0x1919f6
13987	0x2494470	can_switch_to	0x34dd100	0x191a0f
13988	0x2494450	can_overlord_declare_war	0x34dd220	0x191a28
13989	0x2494490	subject_tax_rate	0x34dd340	0x191a41
13990	0x2494480	subject_tax	0x34dd460	0x191a5a
13991	0x24944b0	overlord_income	0x34dd580	0x191a73
13992	0x24944a4	evades	0x34dd6a0	0x191a8c
13993	0x24944d8	arm_for_swarms	0x34dd7c0	0x191aa5
13994	0x24944c0	free_guarantee_date	0x34dd8e0	0x191abe
13995	0x2494500	free_guarantee_days	0x34dda00	0x191ad7
13996	0x24944e8	subject_mineral_taxes	0x34ddb20	0x191af0
13997	0x2494530	overlord_mineral_taxes	0x34ddc40	0x191b09
13998	0x2494518	uplifted_portraits	0x34ddd60	0x191b22
13999	0x2494558	country_core_sector_system_cap	0x34dde80	0x191b3b
14000	0x2494548	mia_command	0x34ddfa0	0x191b54
14001	0x2494598	has_any_resource	0x34de0c0	0x191b6d
14002	0x2494578	custom_close_up_position_offset	0x34de1e0	0x191b86
14003	0x24945c8	custom_close_up_scale	0x34de300	0x191b9f
14004	0x24945b0	default_close_up_scale	0x34de420	0x191bb8
14005	0x24945f0	ai_allow	0x34de540	0x191bd1
14006	0x24945e0	ai_replace	0x34de660	0x191bea
14007	0x2494618	can_change_point_of_view	0x34de780	0x191c03
14008	0x2494600	hardcoded_tooltip	0x34de8a0	0x191c1c
14009	0x2494650	station_upgrade_design_command	0x34de9c0	0x191c35
14010	0x2494638	pre_ruler_location	0x34deae0	0x191c4e
14011	0x2494698	spaceport_ship_build_speed_mult	0x34dec00	0x191c67
14012	0x2494670	strip_trigger_markers_from_tooltip	0x34ded20	0x191c80
14013	0x24946d0	enable_terra_incognita	0x34dee40	0x191c99
14014	0x24946b8	effectButtonType	0x34def60	0x191cb2
14015	0x2494708	execute_button_effect	0x34df080	0x191ccb
14016	0x24946e8	galaxy_background_hsv_shift	0x34df1a0	0x191ce4
14017	0x2494738	galaxy_radius	0x34df2c0	0x191cfd
14018	0x2494720	ship_excess_power	0x34df3e0	0x191d16
14019	0x2494760	has_empire_unique_building	0x34df500	0x191d2f
14020	0x2494748	pop_migration_speed	0x34df620	0x191d48
14021	0x2494798	default_hide_option	0x34df740	0x191d61
14022	0x2494780	galaxy_background_lut	0x34df860	0x191d7a
14023	0x24947b8	exists_any_crisis	0x34df980	0x191d93
14024	0x24947ac	ycocg	0x34dfaa0	0x191dac
14025	0x24947e8	forced_open_borders	0x34dfbc0	0x191dc5
14026	0x2478270	scopes	0x34dfce0	0x191dde
14027	0x24947d0	fromfromfromfrom	0x34dfe00	0x191df7
14028	0x2494810	voting_allowed_primary_only	0x34dff20	0x191e10
14029	0x2494800	migration_pacts	0x34e0040	0x191e29
14030	0x2494848	diplomacy_stance	0x34e0160	0x191e42
14031	0x2494830	primary_leaders_only	0x34e0280	0x191e5b
14032	0x2494880	upgrade_ship_components	0x34e03a0	0x191e74
14033	0x2494860	upgrade_ship_components_command	0x34e04c0	0x191e8d
14034	0x24948a8	upgrades_to	0x34e05e0	0x191ea6
14035	0x2494898	upgrade_path	0x34e0700	0x191ebf
14036	0x24948cc	after	0x34e0820	0x191ed8
14037	0x24948b8	cached_max_speed	0x34e0940	0x191ef1
14038	0x24948f8	friends_should_follow	0x34e0a60	0x191f0a
14039	0x24948d8	friends_should_follow_command	0x34e0b80	0x191f23
14040	0x2494920	ai_research_date	0x34e0ca0	0x191f3c
14041	0x2494910	spawn_debris	0x34e0dc0	0x191f55
14042	0x2494948	torpedo	0x34e0ee0	0x191f6e
14043	0x2494938	extra_large	0x34e1000	0x191f87
14044	0x2494980	action_offer_federation_association_status	0x34e1120	0x191fa0
14045	0x2494950	action_revoke_federation_association_status	0x34e1240	0x191fb9
14046	0x24949e0	action_ask_for_federation_association_status	0x34e1360	0x191fd2
14047	0x24949b0	action_end_federation_association_status	0x34e1480	0x191feb
14048	0x2494a28	associates	0x34e15a0	0x192004
14049	0x2494a10	associated_alliance	0x34e16c0	0x19201d
14050	0x2494a50	climate	0x34e17e0	0x192036
14051	0x2494a38	extra_trait_points	0x34e1900	0x19204f
14052	0x2494a70	allow_negative_traits	0x34e1a20	0x192068
14053	0x2494a58	awakened_fallen_empire	0x34e1b40	0x192081
14054	0x2494aa0	is_special_buildable	0x34e1c60	0x19209a
14055	0x2494a88	uses_special_buildables	0x34e1d80	0x1920b3
14056	0x2494ad0	allow_buildable_trigger	0x34e1ea0	0x1920cc
14057	0x2494ab8	min_navy_for_wars	0x34e1fc0	0x1920e5
14058	0x2494b00	diplo_threat	0x34e20e0	0x1920fe
14059	0x2494ae8	preferred_subject	0x34e2200	0x192117
14060	0x2494b20	arrogant	0x34e2320	0x192130
14061	0x2494b10	imperious	0x34e2440	0x192149
14062	0x2494b40	belligerent	0x34e2560	0x192162
14063	0x2494b30	major_war	0x34e2680	0x19217b
14064	0x2494b68	gateway	0x34e27a0	0x192194
14065	0x2494b50	threat_others_modifier	0x34e28c0	0x1921ad
14066	0x2494b88	non_randomized_portraits	0x34e29e0	0x1921c6
14067	0x2494b70	num_fallen_empires	0x34e2b00	0x1921df
14068	0x2494bb0	advanced_starts_near_player	0x34e2c20	0x1921f8
14069	0x2494ba4	crises	0x34e2d40	0x192211
14070	0x2494be8	fallen_empire_max	0x34e2e60	0x19222a
14071	0x2494bd0	scaled_spawn_chance	0x34e2f80	0x192243
14072	0x2494c10	custom_opinion	0x34e30a0	0x19225c
14073	0x2494c00	crisis_fighter	0x34e31c0	0x192275
14074	0x2494c38	armor_ratio	0x34e32e0	0x19228e
14075	0x2494c20	afterburners_ratio	0x34e3400	0x1922a7
14076	0x2494c60	shields_ratio	0x34e3520	0x1922c0
14077	0x2494c48	bloom_iterations	0x34e3640	0x1922d9
14078	0x2494c88	lens_flare_bloom_width	0x34e3760	0x1922f2
14079	0x2494c70	lens_flare_bloom_scale	0x34e3880	0x19230b
14080	0x2494cb0	lens_flare_scale	0x34e39a0	0x192324
14081	0x2494ca0	lens_flare_bias	0x34e3ac0	0x19233d
14082	0x2494ce0	lens_flare_ghost_dispersal	0x34e3be0	0x192356
14083	0x2494cc8	lens_flare_halo_width	0x34e3d00	0x19236f
14084	0x2494d20	lens_flare_halo_pow	0x34e3e20	0x192388
14085	0x2494d00	lens_flare_distortion_factor	0x34e3f40	0x1923a1
14086	0x2494d48	lens_flare_distortion_factor_halo	0x34e4060	0x1923ba
14087	0x2494d38	lens_flare	0x34e4180	0x1923d3
14088	0x2494d78	quality	0x34e42a0	0x1923ec
14089	0x2494d6c	bloom	0x34e43c0	0x192405
14090	0x2494d98	hyperlane_opacity	0x34e44e0	0x19241e
14091	0x2494d80	ship_tracking_add	0x34e4600	0x192437
14092	0x2494dc0	ship_tracking_mult	0x34e4720	0x192450
14093	0x2494db0	tracking	0x34e4840	0x192469
14094	0x2494de8	trackable	0x34e4960	0x192482
14095	0x2494dd8	observer_event	0x34e4a80	0x19249b
14096	0x2494e08	victory	0x34e4ba0	0x1924b4
14097	0x2494df8	ship_designer	0x34e4cc0	0x1924cd
14098	0x2494e20	firing_arc	0x34e4de0	0x1924e6
14099	0x2494e10	min_range	0x34e4f00	0x1924ff
14100	0x2494e40	forward_x	0x34e5020	0x192518
14101	0x2494e30	forward_y	0x34e5140	0x192531
14102	0x2494e68	stay_at_range	0x34e5260	0x19254a
14103	0x2494e50	maintain_distance	0x34e5380	0x192563
14104	0x2494e90	angle_to_target_penalty	0x34e54a0	0x19257c
14105	0x2494e78	collision_strafe	0x34e55c0	0x192595
14106	0x2494eb8	windup_entity	0x34e56e0	0x1925ae
14107	0x2494ea8	entity_offset	0x34e5800	0x1925c7
14108	0x2494ee0	entity_offset_angle	0x34e5920	0x1925e0
14109	0x2494ec8	entity_offset_height	0x34e5a40	0x1925f9
14110	0x2494f10	plane_offset	0x34e5b60	0x192612
14111	0x2494ef8	construction_scale	0x34e5c80	0x19262b
14112	0x2494f30	use_3d_location	0x34e5da0	0x192644
14113	0x2494f20	is_global	0x34e5ec0	0x19265d
14114	0x2494f50	resettlement	0x34e5fe0	0x192676
14115	0x2494f40	factions	0x34e6100	0x19268f
14116	0x2494f74	aux	0x34e6220	0x1926a8
14117	0x2494f60	aux_utility_slots	0x34e6340	0x1926c1
14118	0x2494f88	tile_resources	0x34e6460	0x1926da
14119	0x2494f78	colonize	0x34e6580	0x1926f3
14120	0x2494fa8	enslave	0x34e66a0	0x19270c
14121	0x2494f98	redevelopment	0x34e67c0	0x192725
14122	0x2494fc0	space_construction	0x34e68e0	0x19273e
14123	0x2494fb0	missile_evasion	0x34e6a00	0x192757
14124	0x2494fe8	missile_health	0x34e6b20	0x192770
14125	0x2494fd8	missile_shield	0x34e6c40	0x192789
14126	0x2495018	missile_armor	0x34e6d60	0x1927a2
14127	0x2494ff8	transport_target_penalty	0x34e6e80	0x1927bb
14128	0x2495048	target_weights	0x34e6fa0	0x1927d4
14129	0x2495028	component_target_weight_mult	0x34e70c0	0x1927ed
14130	0x2495070	winddown_jump	0x34e71e0	0x192806
14131	0x2495058	distant_ftl_cost_mult	0x34e7300	0x19281f
14132	0x2495098	entity_face_object	0x34e7420	0x192838
14133	0x2495080	entity_scale_to_size	0x34e7540	0x192851
14134	0x24950c0	base_angle_towards	0x34e7660	0x19286a
14135	0x24950b0	set_state	0x34e7780	0x192883
14136	0x24950f0	set_state_windup	0x34e78a0	0x19289c
14137	0x24950d8	expansion_planner	0x34e79c0	0x1928b5
14138	0x2495118	standard_expansion_module	0x34e7ae0	0x1928ce
14139	0x2495108	source_planet	0x34e7c00	0x1928e7
14140	0x2495150	expansion_entry	0x34e7d20	0x192900
14141	0x2495138	expansion_command	0x34e7e40	0x192919
14142	0x2495178	expansion_list	0x34e7f60	0x192932
14143	0x2495160	raytrace_projectiles	0x34e8080	0x19294b
14144	0x2495198	is_boss	0x34e81a0	0x192964
14145	0x2495188	is_ultra_boss	0x34e82c0	0x19297d
14146	0x24951b8	use_custom_military_power	0x34e83e0	0x192996
14147	0x24951a0	custom_military_power	0x34e8500	0x1929af
14148	0x24951f0	custom_gui	0x34e8620	0x1929c8
14149	0x24951d8	dissolve_on_death	0x34e8740	0x1929e1
14150	0x2495218	tech_automated_exploration	0x34e8860	0x1929fa
14151	0x2495200	automated_construction	0x34e8980	0x192a13
14152	0x2495260	automated_collection	0x34e8aa0	0x192a2c
14153	0x2495238	assist_cloaking_detection_unlocked	0x34e8bc0	0x192a45
14154	0x2495290	active_reconnaissance_unlocked	0x34e8ce0	0x192a5e
14155	0x2495278	alien_cloning_unlocked	0x34e8e00	0x192a77
14156	0x24952c8	auto_explore_command	0x34e8f20	0x192a90
14157	0x24952b0	auto_explore_order	0x34e9040	0x192aa9
14158	0x2495308	automate_construction_ship_command	0x34e9160	0x192ac2
14159	0x24952e0	automate_construction_ship_order	0x34e9280	0x192adb
14160	0x2495348	auto_patrol_command	0x34e93a0	0x192af4
14161	0x2495330	auto_patrol_order	0x34e94c0	0x192b0d
14162	0x2495380	ship_color	0x34e95e0	0x192b26
14163	0x2495360	cancel_expansion_command	0x34e9700	0x192b3f
14164	0x24953a8	hit_points	0x34e9820	0x192b58
14165	0x2495390	move_capital_command	0x34e9940	0x192b71
14166	0x24953d0	custodial	0x34e9a60	0x192b8a
14167	0x24953b8	custom_gui_option	0x34e9b80	0x192ba3
14168	0x24953f0	set_custom_capital_location	0x34e9ca0	0x192bbc
14169	0x24953e0	capital_date	0x34e9dc0	0x192bd5
14170	0x2495428	formation_priority	0x34e9ee0	0x192bee
14171	0x2495410	is_preferred_weapons	0x34ea000	0x192c07
14172	0x2495460	nap_acceptance	0x34ea120	0x192c20
14173	0x2495440	defensive_pact_acceptance	0x34ea240	0x192c39
14174	0x2495480	migration_pact_acceptance	0x34ea360	0x192c52
14175	0x2495470	replace_traits	0x34ea480	0x192c6b
14176	0x24954b8	selectable_weight	0x34ea5a0	0x192c84
14177	0x24954a0	use_ship_kill_target	0x34ea6c0	0x192c9d
14178	0x24954e0	suppress	0x34ea7e0	0x192cb6
14179	0x24954d0	suppressed	0x34ea900	0x192ccf
14180	0x2495500	suppress_pop_faction_command	0x34eaa20	0x192ce8
14181	0x24954f0	event_building	0x34eab40	0x192d01
14182	0x2495534	flee	0x34eac60	0x192d1a
14183	0x2495520	has_access_fleet	0x34ead80	0x192d33
14184	0x2495550	free	0x34eaea0	0x192d4c
14185	0x2495540	rotation_rate	0x34eafc0	0x192d65
14186	0x2495578	war_allies	0x34eb0e0	0x192d7e
14187	0x2495558	previously_fought_crises	0x34eb200	0x192d97
14188	0x2495598	is_point_of_interest	0x34eb320	0x192db0
14189	0x2495588	destroy_if	0x34eb440	0x192dc9
14190	0x24955d0	policy_happiness_impact	0x34eb560	0x192de2
14191	0x24955b0	faction_surpression_cost	0x34eb680	0x192dfb
14192	0x24955f8	spawn_as_fallen	0x34eb7a0	0x192e14
14193	0x24955e8	has_boss	0x34eb8c0	0x192e2d
14194	0x249561c	alias	0x34eb9e0	0x192e46
14195	0x2495608	tooltip_override	0x34ebb00	0x192e5f
14196	0x2495638	required_dlcs	0x34ebc20	0x192e78
14197	0x2495628	attack_range	0x34ebd40	0x192e91
14198	0x2495658	engagement_range	0x34ebe60	0x192eaa
14199	0x2495648	is_event_design	0x34ebf80	0x192ec3
14200	0x2495680	last_month_non_accumulative	0x34ec0a0	0x192edc
14201	0x2495670	timed_out	0x34ec1c0	0x192ef5
14202	0x24956c0	power_score	0x34ec2e0	0x192f0e
14203	0x24956a0	cancel_robot_build_command	0x34ec400	0x192f27
14204	0x24956e0	mia_from	0x34ec520	0x192f40
14205	0x24956d0	mia_type	0x34ec640	0x192f59
14206	0x2495700	mia_emergency_ftl	0x34ec760	0x192f72
14207	0x24956f0	mia_return_home	0x34ec880	0x192f8b
14208	0x2495730	mia_forced_to_decloak	0x34ec9a0	0x192fa4
14209	0x2495718	can_orbital_bombard	0x34ecac0	0x192fbd
14210	0x2495760	has_location	0x34ecbe0	0x192fd6
14211	0x2495748	ignore_closed_borders	0x34ecd00	0x192fef
14212	0x2495778	ignore_portrait_duplication	0x34ece20	0x193008
14213	0x2495770	grown	0x34ecf40	0x193021
14214	0x24957b0	percentage	0x34ed060	0x19303a
14215	0x2495798	won_with_condition	0x34ed180	0x193053
14216	0x24957d8	domination_victory	0x34ed2a0	0x19306c
14217	0x24957c0	conquest_victory	0x34ed3c0	0x193085
14218	0x2495818	action_ask_to_leave_federation	0x34ed4e0	0x19309e
14219	0x24957f0	on_ask_to_leave_federation_declined	0x34ed600	0x1930b7
14220	0x2495848	federation_victory	0x34ed720	0x1930d0
14221	0x2495838	terraformed_by	0x34ed840	0x1930e9
14222	0x2495870	unfulfilled_title	0x34ed960	0x193102
14223	0x2495860	build_cost	0x34eda80	0x19311b
14224	0x2495898	monthly_production	0x34edba0	0x193134
14225	0x2495888	on_build_queued	0x34edcc0	0x19314d
14226	0x24958c0	on_build_unqueued	0x34edde0	0x193166
14227	0x24958b0	on_build_start	0x34edf00	0x19317f
14228	0x24958f0	on_build_cancel	0x34ee020	0x193198
14229	0x24958d8	on_build_complete	0x34ee140	0x1931b1
14230	0x2495918	on_dismantle_start	0x34ee260	0x1931ca
14231	0x2495900	on_dismantle_cancel	0x34ee380	0x1931e3
14232	0x2495948	on_dismantle_complete	0x34ee4a0	0x1931fc
14233	0x247aac8	auto_pause	0x34ee5c0	0x193215
14234	0x2495930	faction_happiness	0x34ee6e0	0x19322e
14235	0x2495970	megastructure	0x34ee800	0x193247
14236	0x2495960	pop_attraction	0x34ee920	0x193260
14237	0x2495990	country_attraction	0x34eea40	0x193279
14238	0x2495980	spawn_planet	0x34eeb60	0x193292
14239	0x24959c8	build_megastructure_fleet_order	0x34eec80	0x1932ab
14240	0x24959a8	build_megastructure_command	0x34eeda0	0x1932c4
14241	0x2495a00	build_megastructure_no_cost_localization_key	0x34eeec0	0x1932dd
14242	0x24959e8	build_system_tooltip	0x34eefe0	0x1932f6
14243	0x2495a58	tooltip_system_score	0x34ef100	0x19330f
14244	0x2495a30	tooltip_system_score_low_threshold	0x34ef220	0x193328
14245	0x2495a90	tooltip_system_score_high_threshold	0x34ef340	0x193341
14246	0x2495a70	tooltip_best_systems_header	0x34ef460	0x19335a
14247	0x2495ad8	tooltip_system_filter	0x34ef580	0x193373
14248	0x2495ab8	tooltip_show_star_resources	0x34ef6a0	0x19338c
14249	0x2495b00	variable	0x34ef7c0	0x1933a5
14250	0x2495af0	traditions	0x34ef8e0	0x1933be
14251	0x2495b28	use_for_pops	0x34efa00	0x1933d7
14252	0x2495b10	has_megastructure	0x34efb20	0x1933f0
14253	0x2495b50	upgrade_from	0x34efc40	0x193409
14254	0x2495b38	spawn_megastructure	0x34efd60	0x193422
14255	0x2495b78	upgrade_data	0x34efe80	0x19343b
14256	0x2495b60	owned_megastructures	0x34effa0	0x193454
14257	0x2495ba0	owned_mobile_starbases	0x34f00c0	0x19346d
14258	0x2495b88	construction_entity	0x34f01e0	0x193486
14259	0x2495bd8	megastructure_upgrade	0x34f0300	0x19349f
14260	0x2495bb8	upgrade_megastructure_command	0x34f0420	0x1934b8
14261	0x2495c00	megastructures	0x34f0540	0x1934d1
14262	0x2495bf0	planet_possible	0x34f0660	0x1934ea
14263	0x2495c20	placement_rules	0x34f0780	0x193503
14264	0x2495c10	pathetic	0x34f08a0	0x19351c
14265	0x2495c40	inferior	0x34f09c0	0x193535
14266	0x2495c30	equivalent	0x34f0ae0	0x19354e
14267	0x2495c60	superior	0x34f0c00	0x193567
14268	0x2495c50	overwhelming	0x34f0d20	0x193580
14269	0x2495c74	hard	0x34f0e40	0x193599
14270	0x2495c6c	insane	0x34f0f60	0x1935b2
14271	0x2495c98	galaxy_config_sp	0x34f1080	0x1935cb
14272	0x2495c80	galaxy_config_mp	0x34f11a0	0x1935e4
14273	0x2495cd0	ruler_ship_design	0x34f12c0	0x1935fd
14274	0x2495cb0	activate_tradition_command	0x34f13e0	0x193616
14275	0x2495cf8	remove_megastructure	0x34f1500	0x19362f
14276	0x2495ce8	fanatic_variant	0x34f1620	0x193648
14277	0x2495d30	regular_variant	0x34f1740	0x193661
14278	0x2495d10	pop_government_ethic_attraction	0x34f1860	0x19367a
14279	0x2495d48	ethics_attraction_cache	0x34f1980	0x193693
14280	0x2495d40	last	0x34f1aa0	0x1936ac
14281	0x2495d80	clear	0x34f1bc0	0x1936c5
14282	0x2495d60	place_entity_on_planet_plane	0x34f1ce0	0x1936de
14283	0x2495d98	use_planet_resource	0x34f1e00	0x1936f7
14284	0x2495d88	trail_locators	0x34f1f20	0x193710
14285	0x2495dc0	adoption_bonus	0x34f2040	0x193729
14286	0x2495db0	finish_bonus	0x34f2160	0x193742
14287	0x2495de8	orbit_angle_offset	0x34f2280	0x19375b
14288	0x2495dd0	orbit_distance_offset	0x34f23a0	0x193774
14289	0x2495e18	leader_admiral_cost	0x34f24c0	0x19378d
14290	0x2495e00	leader_general_cost	0x34f25e0	0x1937a6
14291	0x2495e48	leader_scientist_cost	0x34f2700	0x1937bf
14292	0x2495e30	leader_governor_cost	0x34f2820	0x1937d8
14293	0x2495e88	leader_envoy_cost	0x34f2940	0x1937f1
14294	0x2495e60	tradition_cost_num_colonies_mult	0x34f2a60	0x19380a
14295	0x2495ec0	tradition_cost_num_pops_mult	0x34f2b80	0x193823
14296	0x2495ea0	tradition_cost_num_slaves_mult	0x34f2ca0	0x19383c
14297	0x2495f00	tradition_cost_num_founder_pops_mult	0x34f2dc0	0x193855
14298	0x2495ee0	tradition_cost_num_xenos_mult	0x34f2ee0	0x19386e
14299	0x2495f40	tradition_cost_num_xeno_slaves_mult	0x34f3000	0x193887
14300	0x2495f28	pop_attraction_tag	0x34f3120	0x1938a0
14301	0x2495f80	custom_texture	0x34f3240	0x1938b9
14302	0x2495f68	set_planet_purge_type	0x34f3360	0x1938d2
14303	0x2495fb0	clear_planet_purge_type	0x34f3480	0x1938eb
14304	0x2495f90	special_effect_intensity	0x34f35a0	0x193904
14305	0x2495fe8	special_effect_speed	0x34f36c0	0x19391d
14306	0x2495fc8	colony_start_num_pops_add	0x34f37e0	0x193936
14307	0x2496030	triggered_planet_modifier	0x34f3900	0x19394f
14308	0x2496000	triggered_planet_pop_group_modifier_for_all	0x34f3a20	0x193968
14309	0x2496068	triggered_planet_pop_group_modifier_for_species	0x34f3b40	0x193981
14310	0x2496050	triggered_ship_modifier	0x34f3c60	0x19399a
14311	0x24960b0	triggered_ship_design_modifier	0x34f3d80	0x1939b3
14312	0x2496098	last_date_war_lost	0x34f3ea0	0x1939cc
14313	0x24960e8	recently_lost_war	0x34f3fc0	0x1939e5
14314	0x24960d0	last_date_at_war	0x34f40e0	0x1939fe
14315	0x2496118	count_diplo_ties	0x34f4200	0x193a17
14316	0x2496100	has_research_agreement	0x34f4320	0x193a30
14317	0x2496150	has_tributary	0x34f4440	0x193a49
14318	0x2496130	planet_building_upkeep_mult	0x34f4560	0x193a62
14319	0x2496188	armageddon	0x34f4680	0x193a7b
14320	0x2496160	ground_support_stance_armageddon	0x34f47a0	0x193a94
14321	0x24961c0	starbase_defensive_war_ship_build_speed_mult	0x34f48c0	0x193aad
14322	0x2496198	defensive_war_influence_gain_add	0x34f49e0	0x193ac6
14323	0x2496200	tradition_cost_num_sapient_robots_mult	0x34f4b00	0x193adf
14324	0x24961f0	corporate	0x34f4c20	0x193af8
14325	0x2496260	megastructure_build_speed_mult	0x34f4d40	0x193b11
14326	0x2496228	mod_distance_to_capital_static_modifier_efficiency_mult	0x34f4e60	0x193b2a
14327	0x2496290	produced_resource_trigger	0x34f4f80	0x193b43
14328	0x2496280	unity_add	0x34f50a0	0x193b5c
14329	0x24962d0	unity_mult	0x34f51c0	0x193b75
14330	0x24962b0	megastructure_build_speed_add	0x34f52e0	0x193b8e
14331	0x2496308	mod_megastructure_production_mult	0x34f5400	0x193ba7
14332	0x24962e0	mod_megastructure_build_cost_mult	0x34f5520	0x193bc0
14333	0x2496348	main_perk	0x34f5640	0x193bd9
14334	0x2496330	upgrade_days_left	0x34f5760	0x193bf2
14335	0x2496368	on_start	0x34f5880	0x193c0b
14336	0x2496358	on_progress_25	0x34f59a0	0x193c24
14337	0x2496388	on_progress_50	0x34f5ac0	0x193c3d
14338	0x2496378	on_progress_75	0x34f5be0	0x193c56
14339	0x24963b0	on_progress_complete	0x34f5d00	0x193c6f
14340	0x2496398	human_ai_command	0x34f5e20	0x193c88
14341	0x24963d8	force_human_ai_command	0x34f5f40	0x193ca1
14342	0x24963c8	citizenship	0x34f6060	0x193cba
14343	0x2496408	citizenship_full	0x34f6180	0x193cd3
14344	0x24963f0	is_capped_by_modifier	0x34f62a0	0x193cec
14345	0x2496448	is_essential	0x34f63c0	0x193d05
14346	0x2496420	ai_estimate_without_unemployment	0x34f64e0	0x193d1e
14347	0x2496470	additional_ai_weight	0x34f6600	0x193d37
14348	0x2496458	ai_weight_coefficient	0x34f6720	0x193d50
14349	0x24964a0	skip_automation_upgrading	0x34f6840	0x193d69
14350	0x2496488	citizenship_limited	0x34f6960	0x193d82
14351	0x24964d8	citizenship_slavery	0x34f6a80	0x193d9b
14352	0x24964c0	citizenship_purge	0x34f6ba0	0x193db4
14353	0x2496508	military_service	0x34f6cc0	0x193dcd
14354	0x24964f0	military_service_full	0x34f6de0	0x193de6
14355	0x2496538	military_service_limited	0x34f6f00	0x193dff
14356	0x2496520	military_service_none	0x34f7020	0x193e18
14357	0x2496570	population_control	0x34f7140	0x193e31
14358	0x2496558	migration_control	0x34f7260	0x193e4a
14359	0x24965a8	species_rights	0x34f7380	0x193e63
14360	0x2496588	standard_species_rights_module	0x34f74a0	0x193e7c
14361	0x24965c0	citizenship_caste_system	0x34f75c0	0x193e95
14362	0x24965b8	slavery	0x34f76e0	0x193eae
14363	0x24965f8	slavery_normal	0x34f7800	0x193ec7
14364	0x24965e0	slavery_domestic	0x34f7920	0x193ee0
14365	0x2496620	slavery_military	0x34f7a40	0x193ef9
14366	0x2496608	slavery_livestock	0x34f7b60	0x193f12
14367	0x2496650	slavery_indentured	0x34f7c80	0x193f2b
14368	0x2496638	show_agreement_terms	0x34f7da0	0x193f44
14369	0x2496680	set_species_right_command	0x34f7ec0	0x193f5d
14370	0x2496668	emissive_recolor_crunch	0x34f7fe0	0x193f76
14371	0x24966b8	ascension_perks_add	0x34f8100	0x193f8f
14372	0x24966a0	has_any_megastructure	0x34f8220	0x193fa8
14373	0x24966f0	mapmode_sectors	0x34f8340	0x193fc1
14374	0x24966d0	allow_instant_negotiation	0x34f8460	0x193fda
14375	0x2496710	pop_citizen_happiness	0x34f8580	0x193ff3
14376	0x2496700	ascension_perks	0x34f86a0	0x19400c
14377	0x2496740	activate_ascension_perk_command	0x34f87c0	0x194025
14378	0x2496728	terraform_speed_mult	0x34f88e0	0x19403e
14379	0x2496770	purge_normal	0x34f8a00	0x194057
14380	0x2496760	purge_neutering	0x34f8b20	0x194070
14381	0x2496798	purge_labor_camps	0x34f8c40	0x194089
14382	0x2496780	purge_processing	0x34f8d60	0x1940a2
14383	0x24967d8	purge_necrophage	0x34f8e80	0x1940bb
14384	0x24967b0	planet_building_build_speed_mult	0x34f8fa0	0x1940d4
14385	0x2496828	modify_species_cost_mult	0x34f90c0	0x1940ed
14386	0x24967f0	buildable_planet_repair_externally_owned_building	0x34f91e0	0x194106
14387	0x2496880	buildable_planet_replace_externally_owned_building	0x34f9300	0x19411f
14388	0x2496848	buildable_planet_upgrade_externally_owned_building	0x34f9420	0x194138
14389	0x24968d8	can_generate_military_leader_from_pop_group	0x34f9540	0x194151
14390	0x24968b8	can_generate_army_from_species	0x34f9660	0x19416a
14391	0x2496928	faction_influence_mult	0x34f9780	0x194183
14392	0x2496908	subject_influence_gain_mult	0x34f98a0	0x19419c
14393	0x2496970	subject_integration_influence_cost	0x34f99c0	0x1941b5
14394	0x2496940	country_distant_colony_influence_cost_mult	0x34f9ae0	0x1941ce
14395	0x24969c8	country_starbase_influence_cost_mult	0x34f9c00	0x1941e7
14396	0x2496998	country_starbase_influence_cost_distance_mult	0x34f9d20	0x194200
14397	0x2496a08	country_branch_office_influence_cost_mult	0x34f9e40	0x194219
14398	0x24969f0	localization_key	0x34f9f60	0x194232
14399	0x2496a48	can_have_orbital_stations	0x34fa080	0x19424b
14400	0x2496a38	prio_projectile	0x34fa1a0	0x194264
14401	0x2496a90	trigger_megastructure_icon	0x34fa2c0	0x19427d
14402	0x2496a68	custom_mid_close_up_position_offset	0x34fa3e0	0x194296
14403	0x2496ac0	custom_mid_close_up_scale	0x34fa500	0x1942af
14404	0x2496ab0	founder_species	0x34fa620	0x1942c8
14405	0x2496af0	planned_building	0x34fa740	0x1942e1
14406	0x2496ae0	planned_station	0x34fa860	0x1942fa
14407	0x2496b18	planned_spaceport	0x34fa980	0x194313
14408	0x2496b08	planned_robot	0x34faaa0	0x19432c
14409	0x2496b40	planned_ship	0x34fabc0	0x194345
14410	0x2496b30	planned_colony	0x34face0	0x19435e
14411	0x2496b68	num_stars_core_perc	0x34fae00	0x194377
14412	0x2496b50	core_radius_perc	0x34faf20	0x194390
14413	0x2496b90	stars_min_dist	0x34fb040	0x1943a9
14414	0x2496b80	activate_effect	0x34fb160	0x1943c2
14415	0x2496bb8	ideal_sq_dist_between	0x34fb280	0x1943db
14416	0x2496ba0	min_sq_dist_between	0x34fb3a0	0x1943f4
14417	0x2496be0	max_military_fleet_count	0x34fb4c0	0x19440d
14418	0x2496bd0	ships_per_fleet	0x34fb5e0	0x194426
14419	0x2496c10	should_count_towards_leader_cap	0x34fb700	0x19443f
14420	0x2496c00	num_arms	0x34fb820	0x194458
14421	0x2496c38	tightness_winding	0x34fb940	0x194471
14422	0x2496c30	fuzz	0x34fba60	0x19448a
14423	0x2496c60	seperation	0x34fbb80	0x1944a3
14424	0x2496c50	fallen_empires	0x34fbca0	0x1944bc
14425	0x2496c84	arms	0x34fbdc0	0x1944d5
14426	0x2496c70	xeno_integration	0x34fbee0	0x1944ee
14427	0x2496ca0	standalone_components	0x34fc000	0x194507
14428	0x2496c90	ai_rights_full	0x34fc120	0x194520
14429	0x2496cc8	ai_rights_servitude	0x34fc240	0x194539
14430	0x2496cb8	ai_rights_none	0x34fc360	0x194552
14431	0x2496cf8	living_standard_utopian	0x34fc480	0x19456b
14432	0x2496ce0	living_standard_good	0x34fc5a0	0x194584
14433	0x2496d30	living_standard_stratified	0x34fc6c0	0x19459d
14434	0x2496d10	living_standard_subsistence	0x34fc7e0	0x1945b6
14435	0x2496d60	living_standard_none	0x34fc900	0x1945cf
14436	0x2496d50	living_standard	0x34fca20	0x1945e8
14437	0x2496d90	colonization_rights	0x34fcb40	0x194601
14438	0x2496d78	pop_consumer_goods_mult	0x34fcc60	0x19461a
14439	0x2496dc0	pop_consumer_goods_add	0x34fcd80	0x194633
14440	0x2496da8	pop_mineral_maintenance	0x34fcea0	0x19464c
14441	0x2496df8	topbar_settings	0x34fcfc0	0x194665
14442	0x2496dd8	species_can_live_on_planet	0x34fd0e0	0x19467e
14443	0x2496e38	species_can_live_on_ship	0x34fd200	0x194697
14444	0x2496e08	species_has_uncapped_habitability_on_planet	0x34fd320	0x1946b0
14445	0x2496e60	species_has_uncapped_habitability_on_ship	0x34fd440	0x1946c9
14446	0x2496e54	crime	0x34fd560	0x1946e2
14447	0x2496ea8	orbit_location	0x34fd680	0x1946fb
14448	0x2496e90	pop_can_flee_to_country	0x34fd7a0	0x194714
14449	0x2496ed0	species_has_citizenship	0x34fd8c0	0x19472d
14450	0x2496eb8	purge_displacement	0x34fd9e0	0x194746
14451	0x2496f10	last_changed_citizenship_type	0x34fdb00	0x19475f
14452	0x2496ee8	last_changed_military_service_type	0x34fdc20	0x194778
14453	0x2496f48	last_changed_slavery_type	0x34fdd40	0x194791
14454	0x2496f30	last_changed_purge_type	0x34fde60	0x1947aa
14455	0x2496f88	last_changed_living_standard	0x34fdf80	0x1947c3
14456	0x2496f68	last_changed_migration_control	0x34fe0a0	0x1947dc
14457	0x2496fc8	new_pop_weight	0x34fe1c0	0x1947f5
14458	0x2496fa8	last_changed_population_control	0x34fe2e0	0x19480e
14459	0x2496ff8	set_default_species_right_command	0x34fe400	0x194827
14460	0x2496fd8	biological_pop_happiness	0x34fe520	0x194840
14461	0x2497038	lithoid_pop_happiness	0x34fe640	0x194859
14462	0x2497020	last_refugee_country	0x34fe760	0x194872
14463	0x2497060	living_standard_chemical_bliss	0x34fe880	0x19488b
14464	0x2497050	has_immigration	0x34fe9a0	0x1948a4
14465	0x24970a0	forced_migration	0x34feac0	0x1948bd
14466	0x2497080	force_keep_slavery_and_purge	0x34febe0	0x1948d6
14467	0x24970c8	habitat	0x34fed00	0x1948ef
14468	0x24970b8	color_index	0x34fee20	0x194908
14469	0x24970f8	minimalist_contacts_list_profile	0x34fef40	0x194921
14470	0x24970d0	can_planet_support_orbital_station	0x34ff060	0x19493a
14471	0x2497130	should_hide_resources_for_planet	0x34ff180	0x194953
14472	0x2497120	default_ships	0x34ff2a0	0x19496c
14473	0x2497170	population_control_yes	0x34ff3c0	0x194985
14474	0x2497158	population_control_no	0x34ff4e0	0x19499e
14475	0x24971a0	migration_control_yes	0x34ff600	0x1949b7
14476	0x2497188	migration_control_no	0x34ff720	0x1949d0
14477	0x24971d8	custom_name	0x34ff840	0x1949e9
14478	0x24971b8	megastructure_maintenance	0x34ff960	0x194a02
14479	0x2497200	megastructure_maintenances	0x34ffa80	0x194a1b
14480	0x24971e8	living_standard_normal	0x34ffba0	0x194a34
14481	0x2497230	country_subject_integration_speed_add	0x34ffcc0	0x194a4d
14482	0x2497220	bliss_standard	0x34ffde0	0x194a66
14483	0x2497280	consumer_goods	0x34fff00	0x194a7f
14484	0x2497258	subject_integration_influence_cost_mult	0x3500020	0x194a98
14485	0x24972a8	federation_naval_cap_contribution_mult	0x3500140	0x194ab1
14486	0x2497290	valid_for_all_ethics	0x3500260	0x194aca
14487	0x24972e8	valid_for_all_origins	0x3500380	0x194ae3
14488	0x24972d0	valid_for_combat	0x35004a0	0x194afc
14489	0x2497310	allowed_ethics	0x35005c0	0x194b15
14490	0x2497300	allowed_origins	0x35006e0	0x194b2e
14491	0x2497338	allowed_civics	0x3500800	0x194b47
14492	0x2497320	forbidden_origins	0x3500920	0x194b60
14493	0x2497370	forbidden_civics	0x3500a40	0x194b79
14494	0x2497348	country_integration_cooldown_mult	0x3500b60	0x194b92
14495	0x24973a0	ship_home_territory_fire_rate_mult	0x3500c80	0x194bab
14496	0x2497388	immortal_leaders	0x3500da0	0x194bc4
14497	0x24973d8	set_host_language	0x3500ec0	0x194bdd
14498	0x24973c8	check_sum	0x3500fe0	0x194bf6
14499	0x2497408	former_living_standard	0x3501100	0x194c0f
14500	0x24973f0	former_citizenship	0x3501220	0x194c28
14501	0x2497430	former_military_service	0x3501340	0x194c41
14502	0x2497420	former_slavery	0x3501460	0x194c5a
14503	0x2497468	former_purge	0x3501580	0x194c73
14504	0x2497448	former_population_control	0x35016a0	0x194c8c
14505	0x2497498	former_migration_control	0x35017c0	0x194ca5
14506	0x2497478	former_living_standard_type	0x35018e0	0x194cbe
14507	0x24974d8	former_citizenship_type	0x3501a00	0x194cd7
14508	0x24974b8	former_military_service_type	0x3501b20	0x194cf0
14509	0x2497508	former_slavery_type	0x3501c40	0x194d09
14510	0x24974f0	former_purge_type	0x3501d60	0x194d22
14511	0x2497530	former_population_control_type	0x3501e80	0x194d3b
14512	0x2497520	can_reach	0x3501fa0	0x194d54
14513	0x2497560	former_migration_control_type	0x35020c0	0x194d6d
14514	0x2497550	guiding_ethic	0x35021e0	0x194d86
14515	0x24975b0	use_guiding_ethic_as_pop_filter	0x3502300	0x194d9f
14516	0x2497580	country_vassal_naval_capacity_contribution_mult	0x3502420	0x194db8
14517	0x2497608	country_naval_capacity_contribution_from_subjects_mult	0x3502540	0x194dd1
14518	0x24975d0	country_naval_capacity_contribution_to_overlord_mult	0x3502660	0x194dea
14519	0x2497658	subject_tribute_mult	0x3502780	0x194e03
14520	0x2497640	on_system_survey_ship	0x35028a0	0x194e1c
14521	0x2497690	slave_mineral_output	0x35029c0	0x194e35
14522	0x2497670	pop_ethics_shift_speed_mult	0x3502ae0	0x194e4e
14523	0x24976b8	faction_influence_add	0x3502c00	0x194e67
14524	0x24976a8	upgradable	0x3502d20	0x194e80
14525	0x24976e8	country_subject_technology_sharing_mult	0x3502e40	0x194e99
14526	0x24976d0	has_full_sensor_range	0x3502f60	0x194eb2
14527	0x2497738	show_notification_for_ground_combat	0x3503080	0x194ecb
14528	0x2497710	has_planet_specific_war_attack_priority	0x35031a0	0x194ee4
14529	0x2497790	calc_planet_specific_war_attack_priority	0x35032c0	0x194efd
14530	0x2497760	calc_system_specific_war_attack_priority	0x35033e0	0x194f16
14531	0x24977d0	starvation	0x3503500	0x194f2f
14532	0x24977c0	starvation_date	0x3503620	0x194f48
14533	0x2497800	robot_leaders	0x3503740	0x194f61
14534	0x24977e0	country_expansion_distance_mult	0x3503860	0x194f7a
14535	0x2497818	civics	0x3503980	0x194f93
14536	0x2497810	civic	0x3503aa0	0x194fac
14537	0x2497838	authority	0x3503bc0	0x194fc5
14538	0x2497820	validate_government	0x3503ce0	0x194fde
14539	0x2497860	sub_type	0x3503e00	0x194ff7
14540	0x2497848	pop_owner_happiness	0x3503f20	0x195010
14541	0x2497874	robots	0x3504040	0x195029
14542	0x249786c	droids	0x3504160	0x195042
14543	0x249789c	synths	0x3504280	0x19505b
14544	0x2497880	former_colonization_control	0x35043a0	0x195074
14545	0x24978c8	last_changed_colonization_control	0x35044c0	0x19508d
14546	0x24978a8	colonization_control_yes	0x35045e0	0x1950a6
14547	0x2497908	colonization_control_no	0x3504700	0x1950bf
14548	0x24978f0	colonization_control	0x3504820	0x1950d8
14549	0x2497940	notification_event_icon	0x3504940	0x1950f1
14550	0x2497920	notification_event_icon_frame	0x3504a60	0x19510a
14551	0x2497968	country_election_cost_mult	0x3504b80	0x195123
14552	0x2497958	resource_tag	0x3504ca0	0x19513c
14553	0x2497998	skip_account_link	0x3504dc0	0x195155
14554	0x2497988	inner_radius	0x3504ee0	0x19516e
14555	0x24979c0	outer_radius	0x3505000	0x195187
14556	0x24979b0	named_lists	0x3505120	0x1951a0
14557	0x24979e8	ai_ignore_strength	0x3505240	0x1951b9
14558	0x24979d0	advanced_gene_modding	0x3505360	0x1951d2
14559	0x2497a10	add_advanced_traits	0x3505480	0x1951eb
14560	0x2497a00	advanced_trait	0x35055a0	0x195204
14561	0x2497a40	auto_mod	0x35056c0	0x19521d
14562	0x2497a28	auto_mod_monthly_add	0x35057e0	0x195236
14563	0x2497a60	auto_mod_monthly_mult	0x3505900	0x19524f
14564	0x2497a50	modded_pops	0x3505a20	0x195268
14565	0x2497a88	modded_pops_max	0x3505b40	0x195281
14566	0x2497a78	pop_food_add	0x3505c60	0x19529a
14567	0x2497ab8	pop_food_mult	0x3505d80	0x1952b3
14568	0x2497a98	living_standard_hive_mind	0x3505ea0	0x1952cc
14569	0x2497ad0	has_factions	0x3505fc0	0x1952e5
14570	0x2497ac8	unity	0x35060e0	0x1952fe
14571	0x2497b08	add_traits_at_start_of_list	0x3506200	0x195317
14572	0x2497ae0	citizenship_caste_system_limited	0x3506320	0x195330
14573	0x2497b40	can_generate_leader_from_species	0x3506440	0x195349
14574	0x2497b28	demands_clear_borders	0x3506560	0x195362
14575	0x2497b88	country_subject_acceptance_add	0x3506680	0x19537b
14576	0x2497b68	capital_building_resource	0x35067a0	0x195394
14577	0x2497bb8	navy_depleted	0x35068c0	0x1953ad
14578	0x2497ba8	energy_share	0x35069e0	0x1953c6
14579	0x2497be0	minerals_share	0x3506b00	0x1953df
14580	0x2497bc8	terraform_inhabited	0x3506c20	0x1953f8
14581	0x2497c08	planet_class_changed	0x3506d40	0x195411
14582	0x2497bf0	mapmode_hyperlanes	0x3506e60	0x19542a
14583	0x2497c30	extra_text	0x3506f80	0x195443
14584	0x2497c20	hide_age	0x35070a0	0x19545c
14585	0x2497c60	important	0x35071c0	0x195475
14586	0x2497c40	pop_robot_build_speed_mult	0x35072e0	0x19548e
14587	0x2497c88	override_requirements	0x3507400	0x1954a7
14588	0x2497c70	apply_opinion_penalty	0x3507520	0x1954c0
14589	0x2497cb8	logistic_growth_mult	0x3507640	0x1954d9
14590	0x2497ca0	bonus_pop_growth	0x3507760	0x1954f2
14591	0x2497cf0	bonus_pop_growth_mult	0x3507880	0x19550b
14592	0x2497cd0	min_assault_armies_for_wars	0x35079a0	0x195524
14593	0x2497d20	cheaper_wardemands	0x3507ac0	0x19553d
14594	0x2497d08	rename_species_command	0x3507be0	0x195556
14595	0x2497d60	reset_species_rights_command	0x3507d00	0x19556f
14596	0x2497d38	should_apply_neighbor_rival_modifier	0x3507e20	0x195588
14597	0x2497da8	neighbor_rivals	0x3507f40	0x1955a1
14598	0x2497d80	country_government_civic_points_add	0x3508060	0x1955ba
14599	0x2497dc8	leader_trait_selection_options_add	0x3508180	0x1955d3
14600	0x2497db8	on_term_started	0x35082a0	0x1955ec
14601	0x2497e08	on_term_ended	0x35083c0	0x195605
14602	0x2497df0	run_ai_strategic_data	0x35084e0	0x19561e
14603	0x2497e30	ruler_names	0x3508600	0x195637
14604	0x2497e18	custom_formation	0x3508720	0x195650
14605	0x2497e60	scripted_fleet_order	0x3508840	0x195669
14606	0x2497e40	scripted_action_possible	0x3508960	0x195682
14607	0x2497e90	scripted_action_name	0x3508a80	0x19569b
14608	0x2497e78	scripted_action_tooltip	0x3508ba0	0x1956b4
14609	0x2497eb8	scripted_action_icon	0x3508cc0	0x1956cd
14610	0x2497ea8	scripted_action	0x3508de0	0x1956e6
14611	0x2497ee8	deficit_spending	0x3508f00	0x1956ff
14612	0x2497ed0	are_rebels_hostile	0x3509020	0x195718
14613	0x2497f08	outliner_planet_type	0x3509140	0x195731
14614	0x2497f00	special	0x3509260	0x19574a
14615	0x2497f30	can_generate_army_from_colony	0x3509380	0x195763
14616	0x2497f20	planned_project	0x35094a0	0x19577c
14617	0x2497f60	planet_construction	0x35095c0	0x195795
14618	0x2497f50	council_agenda	0x35096e0	0x1957ae
14619	0x2497f88	council_agenda_progress	0x3509800	0x1957c7
14620	0x2497f78	unlocks_agenda	0x3509920	0x1957e0
14621	0x2497fa8	council_agenda_stage	0x3509a40	0x1957f9
14622	0x2497fa0	colony	0x3509b60	0x195812
14623	0x2497fc8	pop_colony	0x3509c80	0x19582b
14624	0x2497fc0	hash	0x3509da0	0x195844
14625	0x2497fe8	alters_species_identity	0x3509ec0	0x19585d
14626	0x2497fd8	upgrade_desc	0x3509fe0	0x195876
14627	0x2498010	version_control_revision	0x350a100	0x19588f
14628	0x2498000	has_policies	0x350a220	0x1958a8
14629	0x2498040	pop_slaves	0x350a340	0x1958c1
14630	0x2498030	pop_xeno_slaves	0x350a460	0x1958da
14631	0x2498060	pop_xenos	0x350a580	0x1958f3
14632	0x2498050	pop_founders	0x350a6a0	0x19590c
14633	0x2498098	pop_robots	0x350a7c0	0x195925
14634	0x2498070	should_colony_be_destroyed_on_pc_change	0x350a8e0	0x19593e
14635	0x24980c8	leader_background_job_weight	0x350aa00	0x195957
14636	0x24980a8	has_policies_for_support_stance	0x350ab20	0x195970
14637	0x2498100	hyperlane_systems	0x350ac40	0x195989
14638	0x24980e8	set_observed_country	0x350ad60	0x1959a2
14639	0x2498128	asteroid_belts	0x350ae80	0x1959bb
14640	0x2498118	asteroid_belt	0x350afa0	0x1959d4
14641	0x2498160	max_hyperlane_distance	0x350b0c0	0x1959ed
14642	0x2498138	experimental_subspace_navigation	0x350b1e0	0x195a06
14643	0x2498198	is_extradimensional_portal	0x350b300	0x195a1f
14644	0x2498178	is_extradimensional_anchor	0x350b420	0x195a38
14645	0x24981d0	update_date	0x350b540	0x195a51
14646	0x24981b8	should_kill_growing_pop	0x350b660	0x195a6a
14647	0x24981f8	decadent	0x350b780	0x195a83
14648	0x24981e0	change_scoped_species	0x350b8a0	0x195a9c
14649	0x2498220	scaled_difficulty_bonuses	0x350b9c0	0x195ab5
14650	0x2498208	tooltip_decimals	0x350bae0	0x195ace
14651	0x2498268	should_name_home_system_planets	0x350bc00	0x195ae7
14652	0x2498240	berserk_military_minister_module	0x350bd20	0x195b00
14653	0x2498298	mesh	0x350be40	0x195b19
14654	0x2498288	days_enslaved	0x350bf60	0x195b32
14655	0x24982c0	berserk_ai_command	0x350c080	0x195b4b
14656	0x24982a0	pop_non_slave_resource_output	0x350c1a0	0x195b64
14657	0x24982f0	pop_slave_resource_output	0x350c2c0	0x195b7d
14658	0x24982d8	pop_resource_output	0x350c3e0	0x195b96
14659	0x2498320	pop_non_food_resource_output	0x350c500	0x195baf
14660	0x2498310	fixed_support	0x350c620	0x195bc8
14661	0x2498350	ai_tag_weight	0x350c740	0x195be1
14662	0x2498340	enigmatic	0x350c860	0x195bfa
14663	0x2498370	berserker	0x350c980	0x195c13
14664	0x2498360	custodian	0x350caa0	0x195c2c
14665	0x2498390	event_leader	0x350cbc0	0x195c45
14666	0x2498380	very_hard	0x350cce0	0x195c5e
14667	0x24983c0	sorting_priority	0x350ce00	0x195c77
14668	0x24983a0	habitability_gene_modding	0x350cf20	0x195c90
14669	0x24983f0	random_non_machine	0x350d040	0x195ca9
14670	0x24983d8	blocked_archetypes	0x350d160	0x195cc2
14671	0x2498418	localization_postfix	0x350d280	0x195cdb
14672	0x2498408	texture_postfix	0x350d3a0	0x195cf4
14673	0x2498440	trait_localization_postfix	0x350d4c0	0x195d0d
14674	0x2498430	pop_energy_add	0x350d5e0	0x195d26
14675	0x2498478	pop_energy_mult	0x350d700	0x195d3f
14676	0x2498460	pop_minerals_add	0x350d820	0x195d58
14677	0x24984a8	pop_minerals_mult	0x350d940	0x195d71
14678	0x2498488	citizenship_organic_trophy	0x350da60	0x195d8a
14679	0x24984d0	pop_is_bio_trophy	0x350db80	0x195da3
14680	0x24984c0	crisis_faction	0x350dca0	0x195dbc
14681	0x2498508	is_under_crisis_attack	0x350ddc0	0x195dd5
14682	0x24984e8	will_anger_fallen_empire	0x350dee0	0x195dee
14683	0x2498538	can_be_invaded	0x350e000	0x195e07
14684	0x2498520	can_have_no_pop_colony	0x350e120	0x195e20
14685	0x2498550	leader_trait_type	0x350e240	0x195e39
14686	0x2498548	veteran	0x350e360	0x195e52
14687	0x2498570	subclass	0x350e480	0x195e6b
14688	0x2498568	destiny	0x350e5a0	0x195e84
14689	0x2498598	destiny_trait	0x350e6c0	0x195e9d
14690	0x2498580	ethic_destiny_trait	0x350e7e0	0x195eb6
14691	0x24985c0	veteran_class_locked_trait	0x350e900	0x195ecf
14692	0x24985a8	destiny_background_icon	0x350ea20	0x195ee8
14693	0x24985f0	background_icon	0x350eb40	0x195f01
14694	0x24985e0	crisis_leader	0x350ec60	0x195f1a
14695	0x2498610	build_speed_mult	0x350ed80	0x195f33
14696	0x2498600	hub_system	0x350eea0	0x195f4c
14697	0x2498638	tradition_swap	0x350efc0	0x195f65
14698	0x2498628	technology_swap	0x350f0e0	0x195f7e
14699	0x2498658	inherit_effects	0x350f200	0x195f97
14700	0x2498648	inherit_name	0x350f320	0x195fb0
14701	0x2498678	inherit_icon	0x350f440	0x195fc9
14702	0x2498668	primitive_odds	0x350f560	0x195fe2
14703	0x24986a0	crisis_strength	0x350f680	0x195ffb
14704	0x2498688	primitive_system	0x350f7a0	0x196014
14705	0x24986c8	random_empires	0x350f8c0	0x19602d
14706	0x24986b0	random_fallen_empires	0x350f9e0	0x196046
14707	0x24986f8	random_advanced_empires	0x350fb00	0x19605f
14708	0x24986d8	last_killed_country_name	0x350fc20	0x196078
14709	0x2498728	potential_build	0x350fd40	0x196091
14710	0x2498710	notification_modifiers	0x350fe60	0x1960aa
14711	0x2498750	git_repo	0x350ff80	0x1960c3
14712	0x2498738	missile_retarget_range	0x35100a0	0x1960dc
14713	0x2498778	retargets	0x35101c0	0x1960f5
14714	0x2498760	size_damage_factor	0x35102e0	0x19610e
14715	0x24987a8	ship_size_damage_factor	0x3510400	0x196127
14716	0x2498788	military_power_multiplier	0x3510520	0x196140
14717	0x24987e0	oos_settings	0x3510640	0x196159
14718	0x24987c0	living_standard_organic_trophy	0x3510760	0x196172
14719	0x2498818	species_mod_templates	0x3510880	0x19618b
14720	0x24987f0	create_species_mod_template_command	0x35109a0	0x1961a4
14721	0x2498858	delete_species_mod_template_command	0x3510ac0	0x1961bd
14722	0x2498830	update_species_mod_template_command	0x3510be0	0x1961d6
14723	0x2498898	purge_matrix	0x3510d00	0x1961ef
14724	0x2498880	advisor_voice_type	0x3510e20	0x196208
14725	0x24988c8	leader_election_elect_cost	0x3510f40	0x196221
14726	0x24988a8	leader_election_support_cost	0x3511060	0x19623a
14727	0x2498908	species_has_happiness	0x3511180	0x196253
14728	0x24988e8	citizenship_full_machine	0x35112a0	0x19626c
14729	0x2498930	pop_eats_energy	0x35113c0	0x196285
14730	0x2498920	starbase_icon	0x35114e0	0x19629e
14731	0x2498950	mode	0x3511600	0x1962b7
14732	0x2498940	modify_robots	0x3511720	0x1962d0
14733	0x2498970	allowed_classes	0x3511840	0x1962e9
14734	0x2498958	species_trait_points	0x3511960	0x196302
14735	0x2498990	species_max_traits	0x3511a80	0x19631b
14736	0x2498980	uses_modifiers	0x3511ba0	0x196334
14737	0x24989c0	description_parameters	0x3511cc0	0x19634d
14738	0x24989a8	species_potential_add	0x3511de0	0x196366
14739	0x24989f0	species_possible_add	0x3511f00	0x19637f
14740	0x24989d8	species_possible_remove	0x3512020	0x196398
14741	0x2498a28	species_possible_merge_add	0x3512140	0x1963b1
14742	0x2498a08	species_possible_merge_remove	0x3512260	0x1963ca
14743	0x2498a60	leader_potential_add	0x3512380	0x1963e3
14744	0x2498a48	pop_robot_upkeep_mult	0x35124a0	0x1963fc
14745	0x2498a90	specified	0x35125c0	0x196415
14746	0x2498a78	use_climate_preference	0x35126e0	0x19642e
14747	0x2498ab8	can_reform	0x3512800	0x196447
14748	0x2498aa0	can_species_have_rights	0x3512920	0x196460
14749	0x2498ad8	species_mod_priority	0x3512a40	0x196479
14750	0x2498ac8	customization	0x3512b60	0x196492
14751	0x2498b00	colony_shelter	0x3512c80	0x1964ab
14752	0x2498af0	leader_age_min	0x3512da0	0x1964c4
14753	0x2498b28	leader_age_max	0x3512ec0	0x1964dd
14754	0x2498b10	can_have_robot_pops	0x3512fe0	0x1964f6
14755	0x2498b50	skill_cap	0x3513100	0x19650f
14756	0x2498b38	pre_sapients_protect	0x3513220	0x196528
14757	0x2498b78	pre_sapients_livestock	0x3513340	0x196541
14758	0x2498b60	pre_sapients_purge	0x3513460	0x19655a
14759	0x2498bb0	starting_ruler_trait	0x3513580	0x196573
14760	0x2498b90	has_colonization_influence_cost	0x35136a0	0x19658c
14761	0x2498bd8	can_build_robots	0x35137c0	0x1965a5
14762	0x2498bc8	robot_colonies	0x35138e0	0x1965be
14763	0x2498c10	robot_colonies_with_free_buildings	0x3513a00	0x1965d7
14764	0x2498bf0	set_ai_robot_settings_command	0x3513b20	0x1965f0
14765	0x2498c58	citizenship_assimilation	0x3513c40	0x196609
14766	0x2498c38	pop_robot_build_cost_mult	0x3513d60	0x196622
14767	0x2498ca0	show_tech_unlock_if	0x3513e80	0x19663b
14768	0x2498c78	graphical_culture_for_random_empire	0x3513fa0	0x196654
14769	0x2498ce0	portrait_modding	0x35140c0	0x19666d
14770	0x2498cb8	living_standard_ego_assimilation	0x35141e0	0x196686
14771	0x2498d10	living_standard_tech_assimilation	0x3514300	0x19669f
14772	0x2498cf8	hire_and_assign_leader	0x3514420	0x1966b8
14773	0x2498d50	planet_modifier_with_pop_trigger	0x3514540	0x1966d1
14774	0x2498d38	valid_for_country	0x3514660	0x1966ea
14775	0x2498da0	living_standard_deassimilation	0x3514780	0x196703
14776	0x2498d78	council_agenda_early_activation_cost	0x35148a0	0x19671c
14777	0x2498de0	early_finish_agenda_command	0x35149c0	0x196735
14778	0x2498dc0	country_synthetic_trust_cap_add	0x3514ae0	0x19674e
14779	0x2498e20	country_organic_trust_cap_add	0x3514c00	0x196767
14780	0x2498e00	country_subject_trust_cap_add	0x3514d20	0x196780
14781	0x2498e50	research_sharing	0x3514e40	0x196799
14782	0x2498e40	council_demand	0x3514f60	0x1967b2
14783	0x2498e78	is_owned_pop	0x3515080	0x1967cb
14784	0x2498e68	is_owner_pop	0x35151a0	0x1967e4
14785	0x2498e98	has_owner_pops	0x35152c0	0x1967fd
14786	0x2498e88	has_owned_pops	0x35153e0	0x196816
14787	0x2498ec8	can_demolish	0x3515500	0x19682f
14788	0x2498ea8	country_border_friction_mult	0x3515620	0x196848
14789	0x2498f00	living_standard_academic_privilege	0x3515740	0x196861
14790	0x2498ed8	country_subject_power_penalty_mult	0x3515860	0x19687a
14791	0x2498f40	pop_other_species_owner_happiness	0x3515980	0x196893
14792	0x2498f28	can_terraform_planet	0x3515aa0	0x1968ac
14793	0x2498f78	habitable_for_organics	0x3515bc0	0x1968c5
14794	0x2498f68	slavery_matrix	0x3515ce0	0x1968de
14795	0x2498fa8	displacer	0x3515e00	0x1968f7
14796	0x2498f90	subject_can_expand	0x3515f20	0x196910
14797	0x2498fc8	can_expand_with_tithe	0x3516040	0x196929
14798	0x2498fb8	cannot_expand	0x3516160	0x196942
14799	0x2499000	subject_expansion_type	0x3516280	0x19695b
14800	0x2498fe0	pop_robot_non_energy_output	0x35163a0	0x196974
14801	0x2499030	can_release_vassal_from_species	0x35164c0	0x19698d
14802	0x2499018	can_release_vassal	0x35165e0	0x1969a6
14803	0x2499060	last_changed_country_type	0x3516700	0x1969bf
14804	0x2499050	decadence	0x3516820	0x1969d8
14805	0x2499090	is_reverse	0x3516940	0x1969f1
14806	0x2499080	attack_neutrals	0x3516a60	0x196a0a
14807	0x24990b0	is_bio_trophy	0x3516b80	0x196a23
14808	0x24990a0	mapmode_unions	0x3516ca0	0x196a3c
14809	0x24990c8	union	0x3516dc0	0x196a55
14810	0x24990c0	unions	0x3516ee0	0x196a6e
14811	0x24990e8	mapmode_players	0x3517000	0x196a87
14812	0x24990d0	can_modify_species	0x3517120	0x196aa0
14813	0x2499108	set_take_point	0x3517240	0x196ab9
14814	0x24990f8	wants_tribute	0x3517360	0x196ad2
14815	0x2499128	combat_bravery	0x3517480	0x196aeb
14816	0x2499118	megaengineering	0x35175a0	0x196b04
14817	0x2499148	next_leader	0x35176c0	0x196b1d
14818	0x2499138	can_disband	0x35177e0	0x196b36
14819	0x2499170	uses_naval_capacity	0x3517900	0x196b4f
14820	0x2499158	used_naval_capacity	0x3517a20	0x196b68
14821	0x24991a0	is_the_shroud	0x3517b40	0x196b81
14822	0x2499188	has_secondary_species	0x3517c60	0x196b9a
14823	0x24991c8	secondary_species	0x3517d80	0x196bb3
14824	0x24991b0	possible_secondary	0x3517ea0	0x196bcc
14825	0x24991f0	on_accept	0x3517fc0	0x196be5
14826	0x24991e0	on_decline	0x35180e0	0x196bfe
14827	0x2499220	on_issue	0x3518200	0x196c17
14828	0x2499200	set_advisor_voice_type_command	0x3518320	0x196c30
14829	0x2499238	citizenship_purge_machine	0x3518440	0x196c49
14830	0x249922c	except	0x3518560	0x196c62
14831	0x2499268	owned_planets_percentage	0x3518680	0x196c7b
14832	0x2499258	planet_limit	0x35187a0	0x196c94
14833	0x2499298	district_limit	0x35188c0	0x196cad
14834	0x2499288	produced_food	0x35189e0	0x196cc6
14835	0x24992b8	valid_for_released_vassal	0x3518b00	0x196cdf
14836	0x24992a8	archetype	0x3518c20	0x196cf8
14837	0x24992f0	allowed_archetypes	0x3518d40	0x196d11
14838	0x24992d8	inherit_traits_from	0x3518e60	0x196d2a
14839	0x2499338	anti_crisis_military_minister_module	0x3518f80	0x196d43
14840	0x2499308	planet_max_subject_holding_buildings_add	0x35190a0	0x196d5c
14841	0x2499378	planet_max_overlord_holding_buildings_add	0x35191c0	0x196d75
14842	0x2499360	subject_is_protectorate	0x35192e0	0x196d8e
14843	0x24993c0	subject_is_not_protectorate	0x3519400	0x196da7
14844	0x24993a8	subject_tech_cost_mult	0x3519520	0x196dc0
14845	0x2499400	subject_diplo_threat	0x3519640	0x196dd9
14846	0x24993e0	inherit_trait_points_from	0x3519760	0x196df2
14847	0x2499428	space_creatures	0x3519880	0x196e0b
14848	0x2499418	change_all	0x35199a0	0x196e24
14849	0x2499448	exclusive_trigger	0x3519ac0	0x196e3d
14850	0x2499438	armor_damage	0x3519be0	0x196e56
14851	0x2499478	ship_armor_regen_add_perc	0x3519d00	0x196e6f
14852	0x2499460	ship_armor_regen_mult	0x3519e20	0x196e88
14853	0x24994a8	hitpoints	0x3519f40	0x196ea1
14854	0x2499498	ship_shield_add	0x351a060	0x196eba
14855	0x24994d0	ship_shield_mult	0x351a180	0x196ed3
14856	0x24994b8	ship_armor_damage_mult	0x351a2a0	0x196eec
14857	0x24994f8	hull_focus_value	0x351a3c0	0x196f05
14858	0x24994e8	hull_damage	0x351a4e0	0x196f1e
14859	0x2499520	shipclass_starbase	0x351a600	0x196f37
14860	0x2499510	starbase	0x351a720	0x196f50
14861	0x2499540	orbital_ring	0x351a840	0x196f69
14862	0x2499538	arkship	0x351a960	0x196f82
14863	0x2499560	waystation	0x351aa80	0x196f9b
14864	0x2499550	starbase_level	0x351aba0	0x196fb4
14865	0x2499580	upkeep_resources	0x351acc0	0x196fcd
14866	0x2499570	system_modifier	0x351ade0	0x196fe6
14867	0x24995a8	sector_modifier	0x351af00	0x196fff
14868	0x2499598	fleet_modifier	0x351b020	0x197018
14869	0x24995d0	galcom_modifier	0x351b140	0x197031
14870	0x24995b8	federation_modifier	0x351b260	0x19704a
14871	0x24995f8	background_planet_modifier	0x351b380	0x197063
14872	0x24995e0	background_colony	0x351b4a0	0x19707c
14873	0x2499630	starbase_module	0x351b5c0	0x197095
14874	0x2499618	starbase_building	0x351b6e0	0x1970ae
14875	0x2499658	starbase_type	0x351b800	0x1970c7
14876	0x2499640	starbase_upgrade	0x351b920	0x1970e0
14877	0x2499680	ship_hull_regen_add_perc	0x351ba40	0x1970f9
14878	0x2499668	ship_hull_regen_mult	0x351bb60	0x197112
14879	0x24996c0	ship_hull_regen_add_static	0x351bc80	0x19712b
14880	0x24996a0	ship_armor_regen_add_static	0x351bda0	0x197144
14881	0x2499700	ship_shield_regen_add_static	0x351bec0	0x19715d
14882	0x24996e0	dismantle_starbase_command	0x351bfe0	0x197176
14883	0x2499748	dismantle_megastructure_command	0x351c100	0x19718f
14884	0x2499720	abort_dismantle_megastructure_command	0x351c220	0x1971a8
14885	0x2499788	starbase_shipyard_capacity_add	0x351c340	0x1971c1
14886	0x2499768	next_shipyard_build_item_id	0x351c460	0x1971da
14887	0x24997d0	shipyard_build_queue_item	0x351c580	0x1971f3
14888	0x24997a8	upgrade_design_at_orbitable_fleet_order	0x351c6a0	0x19720c
14889	0x2499818	starbase_shipyard_build_speed_mult	0x351c7c0	0x197225
14890	0x24997f0	starbase_shipyard_build_time_mult	0x351c8e0	0x19723e
14891	0x2499870	starbase_shipyard_build_cost_mult	0x351ca00	0x197257
14892	0x2499840	starbase_shipyard_artificial_build_speed_mult	0x351cb20	0x197270
14893	0x24998c8	starbase_shipyard_artificial_build_time_mult	0x351cc40	0x197289
14894	0x2499898	starbase_shipyard_artificial_build_cost_mult	0x351cd60	0x1972a2
14895	0x2499928	starbase_shipyard_space_fauna_build_speed_mult	0x351ce80	0x1972bb
14896	0x24998f8	starbase_shipyard_space_fauna_build_time_mult	0x351cfa0	0x1972d4
14897	0x2499960	starbase_shipyard_space_fauna_build_cost_mult	0x351d0c0	0x1972ed
14898	0x2499958	fade	0x351d1e0	0x197306
14899	0x24999a8	summary	0x351d300	0x19731f
14900	0x2499990	planet_hit_entity	0x351d420	0x197338
14901	0x24999c8	ship_fire_entity	0x351d540	0x197351
14902	0x24999b0	planet_destruction_gfx	0x351d660	0x19736a
14903	0x2499a00	planet_killer	0x351d780	0x197383
14904	0x24999e0	starbase_upgrade_cost_mult	0x351d8a0	0x19739c
14905	0x2499a38	starbase_upgrade_speed_mult	0x351d9c0	0x1973b5
14906	0x2499a10	starbase_building_build_cost_mult	0x351dae0	0x1973ce
14907	0x2499a78	starbase_building_build_speed_mult	0x351dc00	0x1973e7
14908	0x2499a58	starbase_module_build_cost_mult	0x351dd20	0x197400
14909	0x2499ac8	starbase_module_build_speed_mult	0x351de40	0x197419
14910	0x2499aa0	dismantle_starbase_component_command	0x351df60	0x197432
14911	0x2499b18	starbase_upgrade_time_mult	0x351e080	0x19744b
14912	0x2499af0	starbase_building_build_time_mult	0x351e1a0	0x197464
14913	0x2499b48	starbase_module_build_time_mult	0x351e2c0	0x19747d
14914	0x2499b38	linked_to	0x351e3e0	0x197496
14915	0x2499b88	gateways	0x351e500	0x1974af
14916	0x2499b68	starbase_module_capacity_add	0x351e620	0x1974c8
14917	0x2499bc0	starbase_building_capacity_add	0x351e740	0x1974e1
14918	0x2499b98	starbase_defense_platform_capacity_add	0x351e860	0x1974fa
14919	0x2499c00	starbase_defense_platform_capacity_mult	0x351e980	0x197513
14920	0x2499be0	starbase_stockpile_capacity_add	0x351eaa0	0x19752c
14921	0x2499c58	starbase_stockpile_capacity_mult	0x351ebc0	0x197545
14922	0x2499c28	starbase_collected_system_resources_mult	0x351ece0	0x19755e
14923	0x2499cb0	ship_starbase_stockpile_collection_rate_add	0x351ee00	0x197577
14924	0x2499c80	ship_starbase_stockpile_collection_rate_mult	0x351ef20	0x197590
14925	0x2499d00	ship_stockpile_capacity_add	0x351f040	0x1975a9
14926	0x2499ce0	ship_stockpile_capacity_mult	0x351f160	0x1975c2
14927	0x2499d38	bypasses	0x351f280	0x1975db
14928	0x2499d20	natural_wormholes	0x351f3a0	0x1975f4
14929	0x2499d68	externally_owned_buildings	0x351f4c0	0x19760d
14930	0x2499d48	externally_owned_build_queues	0x351f5e0	0x197626
14931	0x2499d98	buildable_planet_externally_owned_building	0x351f700	0x19763f
14932	0x2499d88	branch_office	0x351f820	0x197658
14933	0x2499de0	subject_holding	0x351f940	0x197671
14934	0x2499dc8	overlord_holding	0x351fa60	0x19768a
14935	0x2499df8	owner_type	0x351fb80	0x1976a3
14936	0x2499df0	holding	0x351fca0	0x1976bc
14937	0x2499e10	building_owner	0x351fdc0	0x1976d5
14938	0x2499e04	wedge	0x351fee0	0x1976ee
14939	0x2499e34	circle	0x3520000	0x197707
14940	0x2499e20	num_wormhole_pairs	0x3520120	0x197720
14941	0x2499e50	num_wormhole_pairs_default	0x3520240	0x197739
14942	0x2499e40	num_gateways	0x3520360	0x197752
14943	0x2499e80	num_gateways_default	0x3520480	0x19776b
14944	0x2499e70	random_pos	0x35205a0	0x197784
14945	0x2499eb8	scaled_spawn_settings	0x35206c0	0x19779d
14946	0x2499e98	add_system_claim_command	0x35207e0	0x1977b6
14947	0x2499ee0	remove_system_claim_command	0x3520900	0x1977cf
14948	0x2499ed0	casus_belli	0x3520a20	0x1977e8
14949	0x2499f18	shipclass_military_special	0x3520b40	0x197801
14950	0x2499f00	destroy_planet_order	0x3520c60	0x19781a
14951	0x2499f40	planet_killer_weapon_windup_order	0x3520d80	0x197833
14952	0x2499f34	fire	0x3520ea0	0x19784c
14953	0x2499f88	fire_time	0x3520fc0	0x197865
14954	0x2499f68	planet_killer_weapon_fire_order	0x35210e0	0x19787e
14955	0x2499fa8	defense_platform	0x3521200	0x197897
14956	0x2499f98	connection_type	0x3521320	0x1978b0
14957	0x2499fd4	nexus	0x3521440	0x1978c9
14958	0x2499fc0	scripted_connection	0x3521560	0x1978e2
14959	0x2499ff0	any_other	0x3521680	0x1978fb
14960	0x2499fe0	one_to_one	0x35217a0	0x197914
14961	0x249a018	system_wide	0x35218c0	0x19792d
14962	0x249a000	equipped_component	0x35219e0	0x197946
14963	0x249a048	show_component_tooltips	0x3521b00	0x19795f
14964	0x249a028	should_ignore_federations	0x3521c20	0x197978
14965	0x249a070	show_galactic_map_icon	0x3521d40	0x197991
14966	0x249a060	hide_name	0x3521e60	0x1979aa
14967	0x249a0a8	hide_desc	0x3521f80	0x1979c3
14968	0x249a088	galactic_map_tooltip_header	0x35220a0	0x1979dc
14969	0x249a0d8	galactic_map_tooltip_desc	0x35221c0	0x1979f5
14970	0x249a0b8	system_view_tooltip_header	0x35222e0	0x197a0e
14971	0x249a108	enable_at_health	0x3522400	0x197a27
14972	0x249a0f8	ftl_inhibitor	0x3522520	0x197a40
14973	0x249a138	ftl_inhibitor_presence	0x3522640	0x197a59
14974	0x249a120	wormhole_stabilization	0x3522760	0x197a72
14975	0x249a168	gateway_activation	0x3522880	0x197a8b
14976	0x249a150	gateway_construction	0x35229a0	0x197aa4
14977	0x249a198	starbase_maintenance	0x3522ac0	0x197abd
14978	0x249a180	starbase_production	0x3522be0	0x197ad6
14979	0x249a1e0	country_claim_influence_cost_mult	0x3522d00	0x197aef
14980	0x249a1b0	country_hostile_claim_influence_cost_mult	0x3522e20	0x197b08
14981	0x249a228	country_distant_claim_influence_cost_mult	0x3522f40	0x197b21
14982	0x249a208	country_claim_distance_mult	0x3523060	0x197b3a
14983	0x249a270	remember_instances	0x3523180	0x197b53
14984	0x249a258	seen_bypass_types	0x35232a0	0x197b6c
14985	0x249a298	bypass_type	0x35233c0	0x197b85
14986	0x249a288	seen_bypasses	0x35234e0	0x197b9e
14987	0x249a2c0	planet_occupation	0x3523600	0x197bb7
14988	0x249a2a8	system_occupation	0x3523720	0x197bd0
14989	0x249a2e8	next_monthly_trade_item_id	0x3523840	0x197be9
14990	0x249a2d8	starbases	0x3523960	0x197c02
14991	0x249a320	explore_bypass_order	0x3523a80	0x197c1b
14992	0x249a308	explore_bypass_command	0x3523ba0	0x197c34
14993	0x249a348	show_in_tech	0x3523cc0	0x197c4d
14994	0x249a338	system_mult	0x3523de0	0x197c66
14995	0x249a370	use_bypass_order	0x3523f00	0x197c7f
14996	0x249a358	use_bypass_command	0x3524020	0x197c98
14997	0x249a3a0	lock_bypass_order	0x3524140	0x197cb1
14998	0x249a388	lock_bypass_command	0x3524260	0x197cca
14999	0x249a3c8	bypass_lock_expired	0x3524380	0x197ce3
15000	0x249a3b8	destination	0x35244a0	0x197cfc
15001	0x249a3f0	update_flag	0x35245c0	0x197d15
15002	0x249a3e0	move_to_origin	0x35246e0	0x197d2e
15003	0x249a418	explore_bypass	0x3524800	0x197d47
15004	0x249a400	move_to_destination	0x3524920	0x197d60
15005	0x249a448	starbase_ship_build_time_mult	0x3524a40	0x197d79
15006	0x249a428	starbase_ship_build_cost_mult	0x3524b60	0x197d92
15007	0x249a480	starbase_ship_build_speed_mult	0x3524c80	0x197dab
15008	0x249a468	construction_type	0x3524da0	0x197dc4
15009	0x249a4b8	starbase_shipyard	0x3524ec0	0x197ddd
15010	0x249a4a0	starbase_defenses	0x3524fe0	0x197df6
15011	0x249a4e0	upkeep_override	0x3525100	0x197e0f
15012	0x249a4d0	accomplished	0x3525220	0x197e28
15013	0x249a500	base_cap_amount	0x3525340	0x197e41
15014	0x249a4f0	surrender	0x3525460	0x197e5a
15015	0x249a520	demand_surrender	0x3525580	0x197e73
15016	0x249a510	status_quo	0x35256a0	0x197e8c
15017	0x249a550	not_set	0x35257c0	0x197ea5
15018	0x249a538	diplomatic_pacts_secret	0x35258e0	0x197ebe
15019	0x249a578	flip_control_on_disable	0x3525a00	0x197ed7
15020	0x249a558	country_starbase_capacity_add	0x3525b20	0x197ef0
15021	0x249a5b0	country_starbase_capacity_mult	0x3525c40	0x197f09
15022	0x249a590	country_enclave_capacity_add	0x3525d60	0x197f22
15023	0x249a5f0	country_enclave_usage_add	0x3525e80	0x197f3b
15024	0x249a5d0	country_enclave_capacity_mult	0x3525fa0	0x197f54
15025	0x249a630	downgrade_starbase_command	0x35260c0	0x197f6d
15026	0x249a610	can_colonize_outside_borders	0x35261e0	0x197f86
15027	0x249a668	has_borders	0x3526300	0x197f9f
15028	0x249a650	can_nomad_settle	0x3526420	0x197fb8
15029	0x249a690	nomadic	0x3526540	0x197fd1
15030	0x249a678	num_marauder_empires	0x3526660	0x197fea
15031	0x249a6b0	random_marauder_empires	0x3526780	0x198003
15032	0x249a698	marauder_empire_default	0x35268a0	0x19801c
15033	0x249a6e0	marauder_empire_max	0x35269c0	0x198035
15034	0x249a6c8	num_nomad_empires	0x3526ae0	0x19804e
15035	0x249a710	random_nomad_empires	0x3526c00	0x198067
15036	0x249a6f8	nomad_empire_default	0x3526d20	0x198080
15037	0x249a740	nomad_empire_max	0x3526e40	0x198099
15038	0x249a728	share_survey_data	0x3526f60	0x1980b2
15039	0x249a768	capital_star	0x3527080	0x1980cb
15040	0x249a758	system_star	0x35271a0	0x1980e4
15041	0x249a790	living_standard_psi_assimilation	0x35272c0	0x1980fd
15042	0x249a778	has_complete_sensor	0x35273e0	0x198116
15043	0x249a7d8	auto_move_target	0x3527500	0x19812f
15044	0x249a7b8	clear_auto_move_on_arrival	0x3527620	0x198148
15045	0x249a808	command_limit_add	0x3527740	0x198161
15046	0x249a7f0	command_limit_mult	0x3527860	0x19817a
15047	0x249a838	finish_modifier	0x3527980	0x198193
15048	0x249a820	destroy_on_arrival	0x3527aa0	0x1981ac
15049	0x249a860	is_environmental_hazard	0x3527bc0	0x1981c5
15050	0x249a848	ship_speed_reduction	0x3527ce0	0x1981de
15051	0x249a890	council_agenda_cooldowns	0x3527e00	0x1981f7
15052	0x249a878	ship_shield_reduction	0x3527f20	0x198210
15053	0x249a8c0	ship_armor_reduction	0x3528040	0x198229
15054	0x249a8b0	auto_movement	0x3528160	0x198242
15055	0x249a8f0	auto_move_none	0x3528280	0x19825b
15056	0x249a8d8	auto_move_attack_fleet	0x35283a0	0x198274
15057	0x249a910	auto_move_planet	0x35284c0	0x19828d
15058	0x249a900	custom_starbase	0x35285e0	0x1982a6
15059	0x249a950	machine_interior_minister_module	0x3528700	0x1982bf
15060	0x249a928	invaders_interior_minister_module	0x3528820	0x1982d8
15061	0x249a990	can_be_inspected	0x3528940	0x1982f1
15062	0x249a978	ship_orbit_upkeep_mult	0x3528a60	0x19830a
15063	0x249a9c0	space_monsters_module	0x3528b80	0x198323
15064	0x249a9a8	space_monster_target	0x3528ca0	0x19833c
15065	0x249a9f8	enclave_mercenary_military_minister_module	0x3528dc0	0x198355
15066	0x249a9d8	mercenary_buyer_minister_module	0x3528ee0	0x19836e
15067	0x249aa48	enclave_mercenary_seller_minister_module	0x3529000	0x198387
15068	0x249aa28	enclave_founder_minister_module	0x3529120	0x1983a0
15069	0x249aa98	execution_mode	0x3529240	0x1983b9
15070	0x249aa78	action_pledge_secret_fealty	0x3529360	0x1983d2
15071	0x249aac8	action_propose_secret_fealty	0x3529480	0x1983eb
15072	0x249aaa8	action_break_secret_fealty	0x35295a0	0x198404
15073	0x249ab08	action_propose_to_break_secret_fealty	0x35296c0	0x19841d
15074	0x249aae8	ai_option_info_gathering	0x35297e0	0x198436
15075	0x249ab48	ai_option_selection	0x3529900	0x19844f
15076	0x249ab30	ai_trade_facility	0x3529a20	0x198468
15077	0x249ab78	info_gathering	0x3529b40	0x198481
15078	0x249ab60	option_selection	0x3529c60	0x19849a
15079	0x249ab98	run_in_ai_mode	0x3529d80	0x1984b3
15080	0x249ab88	get_trade_data	0x3529ea0	0x1984cc
15081	0x249abb8	make_special_trade	0x3529fc0	0x1984e5
15082	0x249aba8	avoid_enemies	0x352a0e0	0x1984fe
15083	0x249abe8	is_ambition	0x352a200	0x198517
15084	0x249abd0	auto_move_follow_fleet	0x352a320	0x198530
15085	0x249ac18	has_arrived	0x352a440	0x198549
15086	0x249abf8	takes_name_from_ship_design	0x352a560	0x198562
15087	0x249ac48	uses_name_prefix	0x352a680	0x19857b
15088	0x249ac28	country_starbase_upkeep_mult	0x352a7a0	0x198594
15089	0x249ac80	horde_military_minister_module	0x352a8c0	0x1985ad
15090	0x249ac60	tradition_cost_num_systems_mult	0x352a9e0	0x1985c6
15091	0x249acb0	force_disparity_fire_rate_mult	0x352ab00	0x1985df
15092	0x249aca0	disengaged	0x352ac20	0x1985f8
15093	0x249acf0	combat_disengage_chance	0x352ad40	0x198611
15094	0x249acd0	ship_disengage_chance_mult	0x352ae60	0x19862a
15095	0x249ad28	ship_disengage_opportunities_add	0x352af80	0x198643
15096	0x249ad08	disengagement_opportunities	0x352b0a0	0x19865c
15097	0x249ad68	disengagement_opportunities_used	0x352b1c0	0x198675
15098	0x249ad50	potential_country	0x352b2e0	0x19868e
15099	0x249ada8	possible_country	0x352b400	0x1986a7
15100	0x249ad90	potential_construction	0x352b520	0x1986c0
15101	0x249add0	possible_construction	0x352b640	0x1986d9
15102	0x249adc0	last_ftl_jump	0x352b760	0x1986f2
15103	0x249adf8	jump_hyperlane	0x352b880	0x19870b
15104	0x249ade8	jump_bypass	0x352b9a0	0x198724
15105	0x249ae18	jump_count	0x352bac0	0x19873d
15106	0x249ae08	jump_method	0x352bbe0	0x198756
15107	0x249ae38	bypass_from	0x352bd00	0x19876f
15108	0x249ae28	bypass_to	0x352be20	0x198788
15109	0x249ae58	move_wind_up	0x352bf40	0x1987a1
15110	0x249ae48	move_wind_down	0x352c060	0x1987ba
15111	0x249ae78	move_idle	0x352c180	0x1987d3
15112	0x249ae68	move_system	0x352c2a0	0x1987ec
15113	0x249ae98	move_galaxy	0x352c3c0	0x198805
15114	0x249ae88	unity_cost_mult	0x352c4e0	0x19881e
15115	0x249aec8	edict_cap_usage	0x352c600	0x198837
15116	0x249aea8	planet_dissolve_color_mult	0x352c720	0x198850
15117	0x249aee8	unity_ambitions	0x352c840	0x198869
15118	0x249aed8	fleet_template	0x352c960	0x198882
15119	0x249af10	fleet_template_design	0x352ca80	0x19889b
15120	0x249aef8	fleet_uses_templates	0x352cba0	0x1988b4
15121	0x249af40	fleet_template_manager	0x352ccc0	0x1988cd
15122	0x249af28	reinforce_fleet_command	0x352cde0	0x1988e6
15123	0x249af70	design_upgrade	0x352cf00	0x1988ff
15124	0x249af58	resource_restriction	0x352d020	0x198918
15125	0x249af90	ignore_auto_gen	0x352d140	0x198931
15126	0x249af80	home_base	0x352d260	0x19894a
15127	0x249afb8	set_ship_design_upgrade_command	0x352d380	0x198963
15128	0x249afa0	set_ship_design_command	0x352d4a0	0x19897c
15129	0x249aff8	set_home_base_command	0x352d5c0	0x198995
15130	0x249afd8	triggered_country_modifier	0x352d6e0	0x1989ae
15131	0x249b030	triggered_station_modifier	0x352d800	0x1989c7
15132	0x249b010	triggered_system_modifier	0x352d920	0x1989e0
15133	0x249b070	triggered_sector_modifier	0x352da40	0x1989f9
15134	0x249b050	triggered_fleet_modifier	0x352db60	0x198a12
15135	0x249b0b0	triggered_army_modifier	0x352dc80	0x198a2b
15136	0x249b090	triggered_galcom_modifier	0x352dda0	0x198a44
15137	0x249b0f0	triggered_federation_modifier	0x352dec0	0x198a5d
15138	0x249b0c8	triggered_background_planet_modifier	0x352dfe0	0x198a76
15139	0x249b118	triggered_background_planet_pop_group_modifier	0x352e100	0x198a8f
15140	0x249b110	systems	0x352e220	0x198aa8
15141	0x249b158	extends_sensors	0x352e340	0x198ac1
15142	0x249b148	ftl_ship_effect	0x352e460	0x198ada
15143	0x249b178	ftl_bypass_effect	0x352e580	0x198af3
15144	0x249b168	next_level	0x352e6a0	0x198b0c
15145	0x249b1a8	show_in_outliner	0x352e7c0	0x198b25
15146	0x249b190	outliner_trigger	0x352e8e0	0x198b3e
15147	0x249b1d0	level_weight	0x352ea00	0x198b57
15148	0x249b1c0	move_jump_anim	0x352eb20	0x198b70
15149	0x249b1e8	ftl_anim_counter	0x352ec40	0x198b89
15150	0x249b1e0	down	0x352ed60	0x198ba2
15151	0x249b210	icon_large	0x352ee80	0x198bbb
15152	0x249b200	preview_icon	0x352efa0	0x198bd4
15153	0x249b238	button_icon	0x352f0c0	0x198bed
15154	0x249b220	specialist_subject_tier	0x352f1e0	0x198c06
15155	0x249b260	change	0x352f300	0x198c1f
15156	0x249b248	planet_overlay_entity	0x352f420	0x198c38
15157	0x249b280	overlay_entity	0x352f540	0x198c51
15158	0x249b268	max_shield_hitpoints	0x352f660	0x198c6a
15159	0x249b2b0	max_armor_hitpoints	0x352f780	0x198c83
15160	0x249b290	starbase_mineral_maintenance	0x352f8a0	0x198c9c
15161	0x249b2e8	static_war_exhaustion	0x352f9c0	0x198cb5
15162	0x249b2c8	add_static_war_exhaustion	0x352fae0	0x198cce
15163	0x249b318	ftl_total_windup	0x352fc00	0x198ce7
15164	0x249b300	ship_disengagement	0x352fd20	0x198d00
15165	0x249b348	second_names_male	0x352fe40	0x198d19
15166	0x249b330	second_names_female	0x352ff60	0x198d32
15167	0x249b380	war_doctrines	0x3530080	0x198d4b
15168	0x249b360	ship_disengage_chance_reduction	0x35301a0	0x198d64
15169	0x249b3a0	full_names_female	0x35302c0	0x198d7d
15170	0x249b390	full_names_male	0x35303e0	0x198d96
15171	0x249b3d0	caste_system	0x3530500	0x198daf
15172	0x249b3b8	combat_size_multiplier	0x3530620	0x198dc8
15173	0x249b3f8	shield_recharge_time	0x3530740	0x198de1
15174	0x249b3e0	destroys_starbases	0x3530860	0x198dfa
15175	0x249b430	horde_interior_minister_module	0x3530980	0x198e13
15176	0x249b410	value_for_planet_destruction	0x3530aa0	0x198e2c
15177	0x249b478	restricted_systems	0x3530bc0	0x198e45
15178	0x249b450	toggle_restricted_system_command	0x3530ce0	0x198e5e
15179	0x249b4a0	shipyard	0x3530e00	0x198e77
15180	0x249b490	on_action	0x3530f20	0x198e90
15181	0x249b4bc	no_cb	0x3531040	0x198ea9
15182	0x249b4b0	total_war	0x3531160	0x198ec2
15183	0x249b4e0	set_defender_wargoal	0x3531280	0x198edb
15184	0x249b4c8	display_empire_shield	0x35313a0	0x198ef4
15185	0x249b510	show_in_diplomacy	0x35314c0	0x198f0d
15186	0x249b4f8	show_in_issue_list	0x35315e0	0x198f26
15187	0x249b538	on_wargoal_set	0x3531700	0x198f3f
15188	0x249b528	on_status_quo	0x3531820	0x198f58
15189	0x249b550	charging	0x3531940	0x198f71
15190	0x249b548	firing	0x3531a60	0x198f8a
15191	0x249b570	threat_multiplier	0x3531b80	0x198fa3
15192	0x249b560	campaign_edicts	0x3531ca0	0x198fbc
15193	0x249b598	num_of_claims	0x3531dc0	0x198fd5
15194	0x249b588	cede_claims	0x3531ee0	0x198fee
15195	0x249b5c8	occupied_only	0x3532000	0x199007
15196	0x249b5a8	can_orbitable_repair_ships	0x3532120	0x199020
15197	0x249b5e8	ignore_hyperlanes	0x3532240	0x199039
15198	0x249b5d8	fleet_manager	0x3532360	0x199052
15199	0x249b630	add_design_to_fleet_template_command	0x3532480	0x19906b
15200	0x249b600	remove_design_from_fleet_template_command	0x35325a0	0x199084
15201	0x249b670	queued	0x35326c0	0x19909d
15202	0x249b658	merge_fleet_template	0x35327e0	0x1990b6
15203	0x249b698	starbase_main	0x3532900	0x1990cf
15204	0x249b678	attack_unarmed_orbital_stations	0x3532a20	0x1990e8
15205	0x249b6b8	lost_casus_belli_messages	0x3532b40	0x199101
15206	0x249b6a8	naval_cap_div	0x3532c60	0x19911a
15207	0x249b6e8	empire_limit	0x3532d80	0x199133
15208	0x249b6d8	destroy_planet	0x3532ea0	0x19914c
15209	0x249b718	can_expand	0x3532fc0	0x199165
15210	0x249b6f8	army_defense_health_mult	0x35330e0	0x19917e
15211	0x249b750	army_attack_health_mult	0x3533200	0x199197
15212	0x249b728	army_damage_empire_sprawl_penalty_mult	0x3533320	0x1991b0
15213	0x249b778	bombardment_damage	0x3533440	0x1991c9
15214	0x249b768	planet_health	0x3533560	0x1991e2
15215	0x249b7a8	army_collateral_damage_mult	0x3533680	0x1991fb
15216	0x249b790	collateral_damage	0x35337a0	0x199214
15217	0x249b7d8	collateral_range	0x35338c0	0x19922d
15218	0x249b7c8	chain_damage	0x35339e0	0x199246
15219	0x249b800	chain_range	0x3533b00	0x19925f
15220	0x249b7f0	chain_count	0x3533c20	0x199278
15221	0x249b828	planet_orbital_bombardment_damage	0x3533d40	0x199291
15222	0x249b810	is_building_spawned	0x3533e60	0x1992aa
15223	0x249b868	spawned_armies	0x3533f80	0x1992c3
15224	0x249b850	subject_specialization	0x35340a0	0x1992dc
15225	0x249b890	specialist_type	0x35341c0	0x1992f5
15226	0x249b878	subject_modifier	0x35342e0	0x19930e
15227	0x249b8c0	overlord_modifier	0x3534400	0x199327
15228	0x249b8a0	overlord_relay_network_modifier	0x3534520	0x199340
15229	0x249b900	experience_needed_for_next_level	0x3534640	0x199359
15230	0x249b8d8	create_new_fleet_template_command	0x3534760	0x199372
15231	0x249b938	selective	0x3534880	0x19938b
15232	0x249b928	indiscriminate	0x35349a0	0x1993a4
15233	0x249b960	protects_from_bombardment	0x3534ac0	0x1993bd
15234	0x249b948	immune_to_bombardment	0x3534be0	0x1993d6
15235	0x249b9a0	change_army_name_command	0x3534d00	0x1993ef
15236	0x249b980	pop_resource_output_reduction	0x3534e20	0x199408
15237	0x249b9d0	from_planet_damage	0x3534f40	0x199421
15238	0x249b9c0	has_morale	0x3535060	0x19943a
15239	0x249ba00	army_starting_experience_add	0x3535180	0x199453
15240	0x249b9e8	should_force_rename	0x35352a0	0x19946c
15241	0x249ba48	planetary_ftl_inhibitor	0x35353c0	0x199485
15242	0x249ba20	planetary_ftl_inhibitor_presence	0x35354e0	0x19949e
15243	0x249ba70	retrofit_design_from_fleet_template	0x3535600	0x1994b7
15244	0x249ba60	from_design	0x3535720	0x1994d0
15245	0x249bac0	to_design	0x3535840	0x1994e9
15246	0x249ba98	defensive_platforms_upgrade_design	0x3535960	0x199502
15247	0x249bae0	is_valid_rival	0x3535a80	0x19951b
15248	0x249bad0	can_add_claim	0x3535ba0	0x199534
15249	0x249bb08	titanic	0x3535cc0	0x19954d
15250	0x249baf0	hide_prereq_for_desc	0x3535de0	0x199566
15251	0x249bb30	can_use_galactic_market	0x3535f00	0x19957f
15252	0x249bb10	ship_experience_gain_mult	0x3536020	0x199598
15253	0x249bb70	ship_starting_experience_add	0x3536140	0x1995b1
15254	0x249bb48	space_fauna_experience_gain_mult	0x3536260	0x1995ca
15255	0x249bba8	set_planet_size	0x3536380	0x1995e3
15256	0x249bb90	surrender_acceptance	0x35364a0	0x1995fc
15257	0x249bbc8	can_spawn_debris	0x35365c0	0x199615
15258	0x249bbb8	num_hyperlanes	0x35366e0	0x19962e
15259	0x249bbf8	num_hyperlanes_max	0x3536800	0x199647
15260	0x249bbe0	num_hyperlanes_default	0x3536920	0x199660
15261	0x249bc20	abduct_pops	0x3536a40	0x199679
15262	0x249bc10	planet_damage	0x3536b60	0x199692
15263	0x249bc48	kill_pop_chance	0x3536c80	0x1996ab
15264	0x249bc30	min_pops_to_kill_pop	0x3536da0	0x1996c4
15265	0x249bc68	add_blocker_chance	0x3536ec0	0x1996dd
15266	0x249bc58	max_blockers	0x3536fe0	0x1996f6
15267	0x249bc98	stop_when_armies_dead	0x3537100	0x19970f
15268	0x249bc80	should_abduct_pop_group	0x3537220	0x199728
15269	0x249bcd0	has_mineral_upkeep	0x3537340	0x199741
15270	0x249bcb0	can_spawn_occupation_armies	0x3537460	0x19975a
15271	0x249bd00	tiered_technology_module	0x3537580	0x199773
15272	0x249bce8	display_map_icon	0x35376a0	0x19978c
15273	0x249bd30	map_icon_override	0x35377c0	0x1997a5
15274	0x249bd20	reinforcement	0x35378e0	0x1997be
15275	0x249bd70	action_offer_peace_diplomacy_view	0x3537a00	0x1997d7
15276	0x249bd48	action_make_claims_diplomacy_view	0x3537b20	0x1997f0
15277	0x249bdb8	ai_should_restrict_system	0x3537c40	0x199809
15278	0x249bd98	ai_should_not_restrict_system	0x3537d60	0x199822
15279	0x249bdf8	country_occupation_armies_add	0x3537e80	0x19983b
15280	0x249bdd8	army_disengage_chance_mult	0x3537fa0	0x199854
15281	0x249be28	army_disengagement	0x35380c0	0x19986d
15282	0x249be18	pop_limited	0x35381e0	0x199886
15283	0x249be58	disband_if_species_lacks_rights	0x3538300	0x19989f
15284	0x249be40	can_subjugate_empires	0x3538420	0x1998b8
15285	0x249be90	base_damage_hitpoints	0x3538540	0x1998d1
15286	0x249be78	base_damage_shields	0x3538660	0x1998ea
15287	0x249beb8	base_damage_armor	0x3538780	0x199903
15288	0x249bea8	hull_ratio	0x35388a0	0x19991c
15289	0x249bee8	destroy_fleet_template_command	0x35389c0	0x199935
15290	0x249bed0	attacker_victory	0x3538ae0	0x19994e
15291	0x249bf20	jumpdrive_order	0x3538c00	0x199967
15292	0x249bf08	jumpdrive_windup	0x3538d20	0x199980
15293	0x249bf40	quantum_catapult_order	0x3538e40	0x199999
15294	0x249bf30	can_jump_drive	0x3538f60	0x1999b2
15295	0x249bf70	is_affected_by_war_exhaustion	0x3539080	0x1999cb
15296	0x249bf58	ai_build_at_chokepoint	0x35391a0	0x1999e4
15297	0x249bfa0	ai_build_outside_chokepoint	0x35392c0	0x1999fd
15298	0x249bf90	mid_game_start	0x35393e0	0x199a16
15299	0x249bfd8	end_game_start	0x3539500	0x199a2f
15300	0x249bfc0	recruitment_date	0x3539620	0x199a48
15301	0x249c000	piracy_risk	0x3539740	0x199a61
15302	0x249bfe8	last_pirate_spawn	0x3539860	0x199a7a
15303	0x249c028	can_have_piracy_risk	0x3539980	0x199a93
15304	0x249c010	ship_class_icon_frame	0x3539aa0	0x199aac
15305	0x249c048	ensign	0x3539bc0	0x199ac5
15306	0x249c040	captain	0x3539ce0	0x199ade
15307	0x249c060	commodore	0x3539e00	0x199af7
15308	0x249c050	grand_admiral	0x3539f20	0x199b10
15309	0x249c090	scaling	0x353a040	0x199b29
15310	0x249c070	can_get_claim_from_lost_system	0x353a160	0x199b42
15311	0x249c0a8	combat_movement	0x353a280	0x199b5b
15312	0x249c098	player_override	0x353a3a0	0x199b74
15313	0x249c0d0	flee_when_overpowered	0x353a4c0	0x199b8d
15314	0x249c0b8	allow_emergency_ftl	0x353a5e0	0x199ba6
15315	0x249c0f8	allow_disengage	0x353a700	0x199bbf
15316	0x249c0e8	claims_modifier	0x353a820	0x199bd8
15317	0x249c120	country_can_use	0x353a940	0x199bf1
15318	0x249c108	respect_closed_borders	0x353aa60	0x199c0a
15319	0x249c158	block_access_if_hostile	0x353ab80	0x199c23
15320	0x249c130	return_control_of_starbase_command	0x353aca0	0x199c3c
15321	0x249c190	living_standard_servitude	0x353adc0	0x199c55
15322	0x249c170	show_claims_in_description	0x353aee0	0x199c6e
15323	0x249c1d0	megastructure_hit_entity	0x353b000	0x199c87
15324	0x249c1b0	can_have_their_comms_shared	0x353b120	0x199ca0
15325	0x249c208	custom_message_text	0x353b240	0x199cb9
15326	0x249c1f0	custom_toast_icon	0x353b360	0x199cd2
15327	0x249c240	completion_message_type	0x353b480	0x199ceb
15328	0x249c220	completion_message_localization	0x353b5a0	0x199d04
15329	0x249c268	completion_message_days	0x353b6c0	0x199d1d
15330	0x249c258	scaling_off	0x353b7e0	0x199d36
15331	0x249c290	scaling_mid	0x353b900	0x199d4f
15332	0x249c280	scaling_late	0x353ba20	0x199d68
15333	0x249c2b0	scaling_low	0x353bb40	0x199d81
15334	0x249c2a0	scaling_normal	0x353bc60	0x199d9a
15335	0x249c2d0	scaling_high	0x353bd80	0x199db3
15336	0x249c2c0	scaling_extreme	0x353bea0	0x199dcc
15337	0x249c2f8	inherit_entity	0x353bfc0	0x199de5
15338	0x249c2e0	entity_planet_class	0x353c0e0	0x199dfe
15339	0x249c320	source_target_anchor_factor	0x353c200	0x199e17
15340	0x249c308	combat_source_anchor	0x353c320	0x199e30
15341	0x249c358	combat_target_anchor	0x353c440	0x199e49
15342	0x249c340	highest_intel_level	0x353c560	0x199e62
15343	0x249c388	show_health_bar_in_planet_view	0x353c680	0x199e7b
15344	0x249c370	show_startup_game_info	0x353c7a0	0x199e94
15345	0x249c3c8	shown_legal_documents	0x353c8c0	0x199ead
15346	0x249c3a8	split_fleet_template_command	0x353c9e0	0x199ec6
15347	0x249c3f0	mid_game_crisis	0x353cb00	0x199edf
15348	0x249c3e0	end_game_crisis	0x353cc20	0x199ef8
15349	0x249c420	anti_end_game_crisis	0x353cd40	0x199f11
15350	0x249c400	additional_crisis_strength	0x353ce60	0x199f2a
15351	0x249c458	is_alliance_fleet	0x353cf80	0x199f43
15352	0x249c438	change_ruler_titles_command	0x353d0a0	0x199f5c
15353	0x249c488	change_council_position_titles_command	0x353d1c0	0x199f75
15354	0x249c470	ship_base_speed_mult	0x353d2e0	0x199f8e
15355	0x249c4c8	default_behavior	0x353d400	0x199fa7
15356	0x249c4b0	disabled_by_event	0x353d520	0x199fc0
15357	0x249c500	country_war_exhaustion_mult	0x353d640	0x199fd9
15358	0x249c4e0	should_show_accept_message	0x353d760	0x199ff2
15359	0x249c538	action_type	0x353d880	0x19a00b
15360	0x249c520	ship_design_upgrade	0x353d9a0	0x19a024
15361	0x249c558	clear_on_new_orders	0x353dac0	0x19a03d
15362	0x249c548	usable_bypasses	0x353dbe0	0x19a056
15363	0x249c580	blocks_piracy	0x353dd00	0x19a06f
15364	0x249c570	ai_design	0x353de20	0x19a088
15365	0x249c5a8	difficulty_adjusted_ai_modifiers	0x353df40	0x19a0a1
15366	0x249c590	slave_market_manager	0x353e060	0x19a0ba
15367	0x249c5f0	slaves_on_market	0x353e180	0x19a0d3
15368	0x249c5d0	attacker_force_peace_date	0x353e2a0	0x19a0ec
15369	0x249c620	defender_force_peace_date	0x353e3c0	0x19a105
15370	0x249c608	attacker_force_peace	0x353e4e0	0x19a11e
15371	0x249c648	defender_force_peace	0x353e600	0x19a137
15372	0x249c640	blocked	0x353e720	0x19a150
15373	0x249c668	difficulty_modifier_mult	0x353e840	0x19a169
15374	0x249c660	texts	0x353e960	0x19a182
15375	0x249c698	relevant	0x353ea80	0x19a19b
15376	0x249c688	mandatory	0x353eba0	0x19a1b4
15377	0x249c6b8	next_mandatory	0x353ecc0	0x19a1cd
15378	0x249c6a8	structure	0x353ede0	0x19a1e6
15379	0x249c6d0	next_structure	0x353ef00	0x19a1ff
15380	0x249c6c8	themes	0x353f020	0x19a218
15381	0x249c700	put_slave_on_market_command	0x353f140	0x19a231
15382	0x249c6e0	buy_slave_from_market_command	0x353f260	0x19a24a
15383	0x249c740	retract_slave_from_market_command	0x353f380	0x19a263
15384	0x249c720	ai_update_species_right_command	0x353f4a0	0x19a27c
15385	0x249c788	add_ship_to_coordinates	0x353f5c0	0x19a295
15386	0x249c768	execute_event_after_command	0x353f6e0	0x19a2ae
15387	0x249c7b0	attacker_losses	0x353f800	0x19a2c7
15388	0x249c7a0	defender_losses	0x353f920	0x19a2e0
15389	0x249c7c8	units_lost	0x353fa40	0x19a2f9
15390	0x249c7c0	growing	0x353fb60	0x19a312
15391	0x249c7e8	anomaly_event	0x353fc80	0x19a32b
15392	0x249c7d8	max_once	0x353fda0	0x19a344
15393	0x249c808	max_once_global	0x353fec0	0x19a35d
15394	0x249c7f8	hide_modifiers	0x353ffe0	0x19a376
15395	0x249c830	will_leader_retire	0x3540100	0x19a38f
15396	0x249c818	will_leader_survive	0x3540220	0x19a3a8
15397	0x249c860	hard_level_requirement	0x3540340	0x19a3c1
15398	0x249c848	null_spawn_chance	0x3540460	0x19a3da
15399	0x249c890	ai_anomalies_command	0x3540580	0x19a3f3
15400	0x249c878	colonizer_species	0x35406a0	0x19a40c
15401	0x249c8d8	human_anomalies_for_ai_command	0x35407c0	0x19a425
15402	0x249c8a8	experimental_subspace_navigation_fleet_order	0x35408e0	0x19a43e
15403	0x249c928	experimental_subspace_navigation_success	0x3540a00	0x19a457
15404	0x249c8f8	experimental_subspace_navigation_aborted	0x3540b20	0x19a470
15405	0x249c970	mia_experimental_subspace_navigation	0x3540c40	0x19a489
15406	0x249c958	has_forbidden_jobs	0x3540d60	0x19a4a2
15407	0x249c9a0	mult	0x3540e80	0x19a4bb
15408	0x249c998	weights	0x3540fa0	0x19a4d4
15409	0x249c9c0	creator	0x35410c0	0x19a4ed
15410	0x249c9a8	custom_description	0x35411e0	0x19a506
15411	0x249c9e0	skip_background_generation	0x3541300	0x19a51f
15412	0x249c9c8	background_ethic	0x3541420	0x19a538
15413	0x249ca18	add_to_owned	0x3541540	0x19a551
15414	0x249ca00	prevent_anomalies	0x3541660	0x19a56a
15415	0x249ca40	skip_rules	0x3541780	0x19a583
15416	0x249ca28	skip_windup_phase	0x35418a0	0x19a59c
15417	0x249ca60	skip_fire_phase	0x35419c0	0x19a5b5
15418	0x249ca50	add_progress	0x3541ae0	0x19a5ce
15419	0x249ca80	ignore_prereqs	0x3541c00	0x19a5e7
15420	0x249ca70	draw_orbit_line	0x3541d20	0x19a600
15421	0x249caa4	bridge	0x3541e40	0x19a619
15422	0x249ca90	hidden_in_galaxy	0x3541f60	0x19a632
15423	0x249cac0	hidden_in_system	0x3542080	0x19a64b
15424	0x249cab0	depth_first	0x35421a0	0x19a664
15425	0x249cae8	breadth_first	0x35422c0	0x19a67d
15426	0x249cad8	max_systems	0x35423e0	0x19a696
15427	0x249cb08	min_systems	0x3542500	0x19a6af
15428	0x249caf8	max_bridges	0x3542620	0x19a6c8
15429	0x249cb30	min_bridges	0x3542740	0x19a6e1
15430	0x249cb18	home_system_partitions	0x3542860	0x19a6fa
15431	0x249cb50	open_space_partitions	0x3542980	0x19a713
15432	0x249cb40	asteroid_fields	0x3542aa0	0x19a72c
15433	0x249cb80	visibility_prerequisite	0x3542bc0	0x19a745
15434	0x249cb68	min_orientation_angle	0x3542ce0	0x19a75e
15435	0x249cba8	max_orientation_angle	0x3542e00	0x19a777
15436	0x249cb98	visual_ethic	0x3542f20	0x19a790
15437	0x249cbd0	system_blocks_sensors	0x3543040	0x19a7a9
15438	0x249cbc0	no_scope	0x3543160	0x19a7c2
15439	0x249cc00	satellite_naming_policy	0x3543280	0x19a7db
15440	0x249cbe8	planet_naming_policy	0x35433a0	0x19a7f4
15441	0x249cc38	lower_case_roman_numerals	0x35434c0	0x19a80d
15442	0x249cc18	upper_case_roman_numerals	0x35435e0	0x19a826
15443	0x249cc78	arabic_numerals	0x3543700	0x19a83f
15444	0x249cc58	upper_case_latin_letters	0x3543820	0x19a858
15445	0x249cca0	lower_case_latin_letters	0x3543940	0x19a871
15446	0x249cc88	inner_radius_offset	0x3543a60	0x19a88a
15447	0x249ccd8	outer_radius_offset	0x3543b80	0x19a8a3
15448	0x249ccc0	destroy_template	0x3543ca0	0x19a8bc
15449	0x249cd10	hyperlane_range	0x3543dc0	0x19a8d5
15450	0x249ccf0	planet_hyperlane_range_add	0x3543ee0	0x19a8ee
15451	0x249cd30	ship_hyperlane_range_add	0x3544000	0x19a907
15452	0x249cd20	user_status	0x3544120	0x19a920
15453	0x249cd68	last_changed_value	0x3544240	0x19a939
15454	0x249cd50	research_anomalies	0x3544360	0x19a952
15455	0x249cd90	active_reconnaissance_command	0x3544480	0x19a96b
15456	0x249cd80	properties	0x35445a0	0x19a984
15457	0x249cdc0	notify_on_gained	0x35446c0	0x19a99d
15458	0x249cdb0	modifier_dirty	0x35447e0	0x19a9b6
15459	0x249cdf8	observable	0x3544900	0x19a9cf
15460	0x249cdd8	commercial_pact_acceptance	0x3544a20	0x19a9e8
15461	0x249ce20	is_researching_special_project	0x3544b40	0x19aa01
15462	0x249ce08	synced_random_seed	0x3544c60	0x19aa1a
15463	0x249ce50	synced_random_count	0x3544d80	0x19aa33
15464	0x249ce40	produces	0x3544ea0	0x19aa4c
15465	0x249ce70	upkeep	0x3544fc0	0x19aa65
15466	0x249ce68	profits	0x35450e0	0x19aa7e
15467	0x249ce88	logistics	0x3545200	0x19aa97
15468	0x249ce78	can_lead_army	0x3545320	0x19aab0
15469	0x249ceb0	can_lead_navy	0x3545440	0x19aac9
15470	0x249ce98	can_research_tech	0x3545560	0x19aae2
15471	0x249ced8	can_research_special_projects	0x3545680	0x19aafb
15472	0x249cec0	can_crew_science_ship	0x35457a0	0x19ab14
15473	0x249cf08	can_research_anomalies	0x35458c0	0x19ab2d
15474	0x249cef8	can_survey	0x35459e0	0x19ab46
15475	0x249cf40	can_boost_cloaking_detection	0x3545b00	0x19ab5f
15476	0x249cf20	can_research_archaeology_site	0x3545c20	0x19ab78
15477	0x249cf78	can_conduct_active_reconnaissance	0x3545d40	0x19ab91
15478	0x249cf60	can_explore_rifts	0x3545e60	0x19abaa
15479	0x249cfb0	can_govern_planet	0x3545f80	0x19abc3
15480	0x249cfa0	can_rule_empire	0x35460a0	0x19abdc
15481	0x249cfd8	can_be_envoy	0x35461c0	0x19abf5
15482	0x249cfc8	can_have_traits	0x35462e0	0x19ac0e
15483	0x249d000	max_trait_points	0x3546400	0x19ac27
15484	0x249cfe8	default_category	0x3546520	0x19ac40
15485	0x249d028	assignment_cooldown	0x3546640	0x19ac59
15486	0x249d018	paying_country	0x3546760	0x19ac72
15487	0x249d048	sector_build	0x3546880	0x19ac8b
15488	0x249d03c	stored	0x35469a0	0x19aca4
15489	0x249d078	action_form_commercial_pact	0x3546ac0	0x19acbd
15490	0x249d058	action_break_commercial_pact	0x3546be0	0x19acd6
15491	0x249d0b8	action_demand_subsidiary	0x3546d00	0x19acef
15492	0x249d098	action_ask_to_become_subsidiary	0x3546e20	0x19ad08
15493	0x249d0f0	add_skill_without_trait_selection	0x3546f40	0x19ad21
15494	0x249d0d8	triggered_cost_modifier	0x3547060	0x19ad3a
15495	0x249d138	triggered_produces_modifier	0x3547180	0x19ad53
15496	0x249d118	triggered_upkeep_modifier	0x35472a0	0x19ad6c
15497	0x249d168	triggered_logistics_modifier	0x35473c0	0x19ad85
15498	0x249d158	auto_build	0x35474e0	0x19ad9e
15499	0x249d198	local_capital	0x3547600	0x19adb7
15500	0x249d188	owned_sectors	0x3547720	0x19add0
15501	0x249d1b8	system_scores	0x3547840	0x19ade9
15502	0x249d1a8	min_colonies	0x3547960	0x19ae02
15503	0x249d1e0	max_colonies	0x3547a80	0x19ae1b
15504	0x249d1c8	local_capital_scores	0x3547ba0	0x19ae34
15505	0x249d208	economic_category	0x3547cc0	0x19ae4d
15506	0x249d1f0	resettle_pop_command	0x3547de0	0x19ae66
15507	0x249d238	country_megastructure_build_cap_add	0x3547f00	0x19ae7f
15508	0x249d220	allow_resettlement	0x3548020	0x19ae98
15509	0x249d278	resettlement_cost	0x3548140	0x19aeb1
15510	0x249d260	not_yet_proposed	0x3548260	0x19aeca
15511	0x249d2a0	country_admin_cap_add	0x3548380	0x19aee3
15512	0x249d290	source_starbase	0x35484a0	0x19aefc
15513	0x249d2d0	overlord_resources	0x35485c0	0x19af15
15514	0x249d2b8	subject_resources	0x35486e0	0x19af2e
15515	0x249d308	resource_conversion_table	0x3548800	0x19af47
15516	0x249d2e8	country_immigration_pull_add	0x3548920	0x19af60
15517	0x249d348	country_immigration_pull_mult	0x3548a40	0x19af79
15518	0x249d328	country_emigration_push_add	0x3548b60	0x19af92
15519	0x249d378	country_emigration_push_mult	0x3548c80	0x19afab
15520	0x249d368	auto_trait_prio	0x3548da0	0x19afc4
15521	0x249d3a8	once	0x3548ec0	0x19afdd
15522	0x249d398	per_relation	0x3548fe0	0x19aff6
15523	0x249d3d0	focus	0x3549100	0x19b00f
15524	0x249d3b0	give_sector_resources_command	0x3549220	0x19b028
15525	0x249d3f8	set_sector_name_command	0x3549340	0x19b041
15526	0x249d3d8	set_sector_focus_command	0x3549460	0x19b05a
15527	0x249d428	create_sector_command	0x3549580	0x19b073
15528	0x249d410	delete_sector_command	0x35496a0	0x19b08c
15529	0x249d458	move_sector_capital_command	0x35497c0	0x19b0a5
15530	0x249d440	scientist_skill_levels	0x35498e0	0x19b0be
15531	0x249d488	envoy_skill_levels	0x3549a00	0x19b0d7
15532	0x249d478	stability	0x3549b20	0x19b0f0
15533	0x249d4b0	migration	0x3549c40	0x19b109
15534	0x249d4a0	shortages	0x3549d60	0x19b122
15535	0x249d4d0	amenities	0x3549e80	0x19b13b
15536	0x249d4c0	amenities_usage	0x3549fa0	0x19b154
15537	0x249d500	show_sectors_with_focus	0x354a0c0	0x19b16d
15538	0x249d4e0	show_sectors_with_no_focus	0x354a1e0	0x19b186
15539	0x249d538	given_value	0x354a300	0x19b19f
15540	0x249d518	branch_office_build_queue_item	0x354a420	0x19b1b8
15541	0x249d568	navbar_locked	0x354a540	0x19b1d1
15542	0x249d548	can_colonize_with_species	0x354a660	0x19b1ea
15543	0x249d580	manufacturing	0x354a780	0x19b203
15544	0x249d578	amenity	0x354a8a0	0x19b21c
15545	0x249d598	min_upgrade_cost	0x354a9c0	0x19b235
15546	0x249d590	relic	0x354aae0	0x19b24e
15547	0x249d5b4	relics	0x354ac00	0x19b267
15548	0x249d5ac	score	0x354ad20	0x19b280
15549	0x249d5e0	artifact_action	0x354ae40	0x19b299
15550	0x249d5c0	relic_activation_cooldown	0x354af60	0x19b2b2
15551	0x249d608	activation_duration	0x354b080	0x19b2cb
15552	0x249d5f0	activate_relic_command	0x354b1a0	0x19b2e4
15553	0x249d630	active_effect	0x354b2c0	0x19b2fd
15554	0x249d620	activate_relic	0x354b3e0	0x19b316
15555	0x249d658	country_admin_cap_mult	0x354b500	0x19b32f
15556	0x249d640	last_activated_relic	0x354b620	0x19b348
15557	0x249d688	on_relic_activated	0x354b740	0x19b361
15558	0x249d670	on_relic_deactivated	0x354b860	0x19b37a
15559	0x249d6b0	artifact_action_command	0x354b980	0x19b393
15560	0x249d6a0	is_pre_sapient	0x354baa0	0x19b3ac
15561	0x249d6e8	use_parent_icon	0x354bbc0	0x19b3c5
15562	0x249d6c8	leader_cost_empire_size_mult	0x354bce0	0x19b3de
15563	0x249d710	leader_upkeep_empire_size_mult	0x354be00	0x19b3f7
15564	0x249d6f8	can_resettle_colony	0x354bf20	0x19b410
15565	0x249d740	ruined_trigger	0x354c040	0x19b429
15566	0x249d730	declining_pop	0x354c160	0x19b442
15567	0x249d760	potential_count	0x354c280	0x19b45b
15568	0x249d750	actual_count	0x354c3a0	0x19b474
15569	0x249d790	total_faction_members	0x354c4c0	0x19b48d
15570	0x249d770	total_faction_members_power	0x354c5e0	0x19b4a6
15571	0x249d7c8	favorite_jobs	0x354c700	0x19b4bf
15572	0x249d7a8	set_favorite_job_command	0x354c820	0x19b4d8
15573	0x249d7f0	destroy_trigger	0x354c940	0x19b4f1
15574	0x249d7d8	num_upgraded_starbase	0x354ca60	0x19b50a
15575	0x249d818	starbase_capacity	0x354cb80	0x19b523
15576	0x249d800	starbase_capacity_used	0x354cca0	0x19b53c
15577	0x249d848	edict_capacity	0x354cdc0	0x19b555
15578	0x249d830	single_ship_upgrade	0x354cee0	0x19b56e
15579	0x249d870	generate_add_modifiers	0x354d000	0x19b587
15580	0x249d858	generate_mult_modifiers	0x354d120	0x19b5a0
15581	0x249d898	modifier_types	0x354d240	0x19b5b9
15582	0x249d888	is_scope_type	0x354d360	0x19b5d2
15583	0x249d8c0	connections	0x354d480	0x19b5eb
15584	0x249d8a8	active_connections	0x354d5a0	0x19b604
15585	0x249d8e0	upgrade_none	0x354d6c0	0x19b61d
15586	0x249d8d0	upgrade_done	0x354d7e0	0x19b636
15587	0x249d900	upgrade_upgrading	0x354d900	0x19b64f
15588	0x249d8f0	upgrade_waiting	0x354da20	0x19b668
15589	0x249d938	upgrade_canceled	0x354db40	0x19b681
15590	0x249d918	run_ai_strategic_war_data	0x354dc60	0x19b69a
15591	0x249d960	update_strat_war_data_command	0x354dd80	0x19b6b3
15592	0x249d950	total_stored	0x354dea0	0x19b6cc
15593	0x249d990	total_balance	0x354dfc0	0x19b6e5
15594	0x249d980	total_produces	0x354e0e0	0x19b6fe
15595	0x249d9b8	total_upkeep	0x354e200	0x19b717
15596	0x249d9a0	hyperlane_distance	0x354e320	0x19b730
15597	0x249d9d8	hyperlane_jumps	0x354e440	0x19b749
15598	0x249d9c8	machine_empire	0x354e560	0x19b762
15599	0x249d9f0	archaeological_sites	0x354e680	0x19b77b
15600	0x249d9e8	stage	0x354e7a0	0x19b794
15601	0x249da18	on_roll_failed	0x354e8c0	0x19b7ad
15602	0x249da08	last_roll	0x354e9e0	0x19b7c6
15603	0x249da38	clues	0x354eb00	0x19b7df
15604	0x249da28	employable_pops	0x354ec20	0x19b7f8
15605	0x249da54	stages	0x354ed40	0x19b811
15606	0x249da40	archaeological_site	0x354ee60	0x19b82a
15607	0x249da70	target_site	0x354ef80	0x19b843
15608	0x249da60	archaeology	0x354f0a0	0x19b85c
15609	0x249da90	last_excavator_country	0x354f1c0	0x19b875
15610	0x249da80	excavator_fleet	0x354f2e0	0x19b88e
15611	0x249dab0	excavate_archaeological_site_fleet_order	0x354f400	0x19b8a7
15612	0x249daa8	sites	0x354f520	0x19b8c0
15613	0x249daf8	pre_triggers	0x354f640	0x19b8d9
15614	0x249dae0	possible_pre_triggers	0x354f760	0x19b8f2
15615	0x249db18	is_organic	0x354f880	0x19b90b
15616	0x249db08	is_robotic	0x354f9a0	0x19b924
15617	0x249db38	is_swarm_drone	0x354fac0	0x19b93d
15618	0x249db28	has_planet	0x354fbe0	0x19b956
15619	0x249db58	excavate_archaeological_site_fleet_order_command	0x354fd00	0x19b96f
15620	0x249db48	can_migrate	0x354fe20	0x19b988
15621	0x249dba8	can_vote	0x354ff40	0x19b9a1
15622	0x249db90	has_random_ethics	0x3550060	0x19b9ba
15623	0x249dbc8	set_site_event_expired_command	0x3550180	0x19b9d3
15624	0x249dbb8	test_versions	0x35502a0	0x19b9ec
15625	0x249dc00	track_site_command	0x35503c0	0x19ba05
15626	0x249dbe8	current_auto_traits	0x35504e0	0x19ba1e
15627	0x249dc30	leave_archaeological_site_command	0x3550600	0x19ba37
15628	0x249dc18	num_sapient_pops	0x3550720	0x19ba50
15629	0x249dc68	jobs_cache	0x3550840	0x19ba69
15630	0x249dc58	num_employed	0x3550960	0x19ba82
15631	0x249dc90	max_employed	0x3550a80	0x19ba9b
15632	0x249dc78	max_without_prio	0x3550ba0	0x19bab4
15633	0x249dcb0	unlock_arcane_deciphering	0x3550cc0	0x19bacd
15634	0x249dca0	event_effects	0x3550de0	0x19bae6
15635	0x249dcf8	ship_archaeological_site_excavation_speed_mult	0x3550f00	0x19baff
15636	0x249dcd0	ship_archaeological_site_clues_add	0x3551020	0x19bb18
15637	0x249dd38	show_prereqs	0x3551140	0x19bb31
15638	0x249dd28	prereq_name	0x3551260	0x19bb4a
15639	0x249dd78	expired	0x3551380	0x19bb63
15640	0x249dd48	send_site_discovery_notification_command	0x35514a0	0x19bb7c
15641	0x249dd90	timed_trait	0x35515c0	0x19bb95
15642	0x249dd80	available_trait	0x35516e0	0x19bbae
15643	0x249ddb8	available_trait_selections	0x3551800	0x19bbc7
15644	0x249dda0	consume_selection	0x3551920	0x19bbe0
15645	0x249ddf0	give_shared_sector_resources_command	0x3551a40	0x19bbf9
15646	0x249ddd8	expire_site_event	0x3551b60	0x19bc12
15647	0x249de40	monthly_transfer	0x3551c80	0x19bc2b
15648	0x249de18	add_monthly_sector_transfer_command	0x3551da0	0x19bc44
15649	0x249de68	remove_monthly_sector_transfer_command	0x3551ec0	0x19bc5d
15650	0x249de58	extra_income	0x3551fe0	0x19bc76
15651	0x249dea0	is_origin	0x3552100	0x19bc8f
15652	0x249de90	extra_expenses	0x3552220	0x19bca8
15653	0x249dec0	extra_balance	0x3552340	0x19bcc1
15654	0x249deb0	total_housing	0x3552460	0x19bcda
15655	0x249dee8	final_designation	0x3552580	0x19bcf3
15656	0x249ded0	can_join_pre_triggers	0x35526a0	0x19bd0c
15657	0x249df10	auto_slots_taken	0x35527c0	0x19bd25
15658	0x249df00	assembly_score	0x35528e0	0x19bd3e
15659	0x249df38	assembling_species_template	0x3552a00	0x19bd57
15660	0x249df28	ignore_rare	0x3552b20	0x19bd70
15661	0x249df68	only_rare	0x3552c40	0x19bd89
15662	0x249df58	ignore_insight	0x3552d60	0x19bda2
15663	0x249df90	on_visible	0x3552e80	0x19bdbb
15664	0x249df78	randomize_traits	0x3552fa0	0x19bdd4
15665	0x249dfb0	visible_to	0x35530c0	0x19bded
15666	0x249dfa0	interactable_by	0x35531e0	0x19be06
15667	0x249dfd0	explorable_by	0x3553300	0x19be1f
15668	0x249dfc0	order_by	0x3553420	0x19be38
15669	0x249dff8	inverse	0x3553540	0x19be51
15670	0x249dfe0	species_templates	0x3553660	0x19be6a
15671	0x249e018	use_rich_presence	0x3553780	0x19be83
15672	0x249e000	assembling_template	0x35538a0	0x19be9c
15673	0x249e048	has_unlocked_all_traditions	0x35539c0	0x19beb5
15674	0x249e030	has_potential_claims	0x3553ae0	0x19bece
15675	0x249e078	enable_rich_text	0x3553c00	0x19bee7
15676	0x247a8b0	resolution	0x3553d20	0x19bf00
15677	0x249e068	sanction	0x3553e40	0x19bf19
15678	0x249e09c	passed	0x3553f60	0x19bf32
15679	0x249e090	fulfilled	0x3554080	0x19bf4b
15680	0x249e0c0	proposed	0x35541a0	0x19bf64
15681	0x249e0a8	days_from_present	0x35542c0	0x19bf7d
15682	0x249e0f0	expires	0x35543e0	0x19bf96
15683	0x249e0d0	propose_resolution_command	0x3554500	0x19bfaf
15684	0x249e118	pass_resolution_command	0x3554620	0x19bfc8
15685	0x249e0f8	pass_resolution_type_command	0x3554740	0x19bfe1
15686	0x249e138	fail_resolution_command	0x3554860	0x19bffa
15687	0x249e130	laws	0x3554980	0x19c013
15688	0x249e174	law	0x3554aa0	0x19c02c
15689	0x249e150	can_be_part_of_galactic_community	0x3554bc0	0x19c045
15690	0x249e198	council	0x3554ce0	0x19c05e
15691	0x249e178	can_be_part_of_galactic_council	0x3554e00	0x19c077
15692	0x249e1b8	community_formed	0x3554f20	0x19c090
15693	0x249e1a0	council_established	0x3555040	0x19c0a9
15694	0x249e1f0	is_councilor_type	0x3555160	0x19c0c2
15695	0x249e1d0	is_ethic_represented_on_council	0x3555280	0x19c0db
15696	0x249e228	empire_size_districts_mult	0x35553a0	0x19c0f4
15697	0x249e208	empire_size_systems_mult	0x35554c0	0x19c10d
15698	0x249e260	empire_size_colonies_mult	0x35555e0	0x19c126
15699	0x249e248	empire_size_pops_mult	0x3555700	0x19c13f
15700	0x249e290	empire_size_mult	0x3555820	0x19c158
15701	0x249e280	empire_size_add	0x3555940	0x19c171
15702	0x249e2c0	last_lost_relic	0x3555a60	0x19c18a
15703	0x249e2a8	last_received_relic	0x3555b80	0x19c1a3
15704	0x249e2e8	is_artificial_planet	0x3555ca0	0x19c1bc
15705	0x249e2d0	branch_office_buildings	0x3555dc0	0x19c1d5
15706	0x249e310	replace_building	0x3555ee0	0x19c1ee
15707	0x249e300	creation_date	0x3556000	0x19c207
15708	0x249e340	maturation_date	0x3556120	0x19c220
15709	0x249e328	last_breeding_date	0x3556240	0x19c239
15710	0x249e360	construction_date	0x3556360	0x19c252
15711	0x249e350	sexual_breeding	0x3556480	0x19c26b
15712	0x249e390	newborn_ship_design	0x35565a0	0x19c284
15713	0x249e378	reanimated_ship_design	0x35566c0	0x19c29d
15714	0x249e3b0	last_diplo_actions	0x35567e0	0x19c2b6
15715	0x249e3a4	voting	0x3556900	0x19c2cf
15716	0x249e3d8	supporters	0x3556a20	0x19c2e8
15717	0x249e3c8	opponents	0x3556b40	0x19c301
15718	0x249e400	resolution_types	0x3556c60	0x19c31a
15719	0x249e3e8	cast_vote_command	0x3556d80	0x19c333
15720	0x249e420	support_proposed_resolution_command	0x3556ea0	0x19c34c
15721	0x249e414	oppose	0x3556fc0	0x19c365
15722	0x249e460	abstain	0x35570e0	0x19c37e
15723	0x249e448	join_community_command	0x3557200	0x19c397
15724	0x249e480	leave_community_command	0x3557320	0x19c3b0
15725	0x249e468	galactic_community	0x3557440	0x19c3c9
15726	0x249e4a0	galactic_focus	0x3557560	0x19c3e2
15727	0x249e498	breach	0x3557680	0x19c3fb
15728	0x249e4b8	valid_target	0x35577a0	0x19c414
15729	0x249e4b0	lawsuit	0x35578c0	0x19c42d
15730	0x249e4d8	target_leaders	0x35579e0	0x19c446
15731	0x249e4c8	category_timers	0x3557b00	0x19c45f
15732	0x249e500	remove_support_for_proposed_resolution_command	0x3557c20	0x19c478
15733	0x249e4e8	commerce_industry	0x3557d40	0x19c491
15734	0x249e548	politics_culture	0x3557e60	0x19c4aa
15735	0x249e530	environment_technology	0x3557f80	0x19c4c3
15736	0x249e578	defense_war	0x35580a0	0x19c4dc
15737	0x249e560	veto_resolution_command	0x35581c0	0x19c4f5
15738	0x249e5a0	oppose_proposed_resolution_command	0x35582e0	0x19c50e
15739	0x249e588	council_positions	0x3558400	0x19c527
15740	0x249e5e8	council_veto	0x3558520	0x19c540
15741	0x249e5c8	council_emergency_measures	0x3558640	0x19c559
15742	0x249e620	propose_emergency_measure_command	0x3558760	0x19c572
15743	0x249e5f8	withdraw_proposed_resolution_command	0x3558880	0x19c58b
15744	0x249e658	type_timers	0x35589a0	0x19c5a4
15745	0x249e648	envoys_unity	0x3558ac0	0x19c5bd
15746	0x249e690	envoy_modifier	0x3558be0	0x19c5d6
15747	0x249e668	ship_federation_territory_speed_mult	0x3558d00	0x19c5ef
15748	0x249e6b0	ship_federation_territory_fire_rate_mult	0x3558e20	0x19c608
15749	0x249e6a0	pass_resolution	0x3558f40	0x19c621
15750	0x249e6f0	pass_resolution_no_cooldown	0x3559060	0x19c63a
15751	0x249e6e0	veto_timers	0x3559180	0x19c653
15752	0x249e720	emergency_measure_timers	0x35592a0	0x19c66c
15753	0x249e710	veto_cost_mult	0x35593c0	0x19c685
15754	0x249e750	starbase_mgr	0x35594e0	0x19c69e
15755	0x249e740	orbitable	0x3559600	0x19c6b7
15756	0x249e770	potential_home_base	0x3559720	0x19c6d0
15757	0x249e760	is_fixed	0x3559840	0x19c6e9
15758	0x249e798	harmful	0x3559960	0x19c702
15759	0x249e788	civics_count	0x3559a80	0x19c71b
15760	0x249e7c0	planet_orbitals	0x3559ba0	0x19c734
15761	0x249e7a0	federation_join_malus_mult	0x3559cc0	0x19c74d
15762	0x249e7e8	federation_leave_malus_mult	0x3559de0	0x19c766
15763	0x249e7d0	failed_vote_half_price	0x3559f00	0x19c77f
15764	0x249e830	federation_research_sharing_mult	0x355a020	0x19c798
15765	0x249e808	federation_leader_fleet_scale_mult	0x355a140	0x19c7b1
15766	0x249e890	federation_leader_diplo_weight_contribution_add	0x355a260	0x19c7ca
15767	0x249e858	federation_leader_diplo_weight_from_members_mult	0x355a380	0x19c7e3
15768	0x249e8e8	research_sharing_mult	0x355a4a0	0x19c7fc
15769	0x249e8c0	non_colonizable_planet_class_neighbor	0x355a5c0	0x19c815
15770	0x249e920	country_federation_fleet_contribution_discount	0x355a6e0	0x19c82e
15771	0x249e900	federation_triggered_modifier	0x355a800	0x19c847
15772	0x249e970	leader_triggered_modifier	0x355a920	0x19c860
15773	0x249e950	member_triggered_modifier	0x355aa40	0x19c879
15774	0x249e9a0	covenant_triggered_modifier	0x355ab60	0x19c892
15775	0x249e990	covenant	0x355ac80	0x19c8ab
15776	0x249e9d0	permanent_council	0x355ada0	0x19c8c4
15777	0x249e9c0	mia_reinforce	0x355aec0	0x19c8dd
15778	0x249ea08	need_strategic_war_data	0x355afe0	0x19c8f6
15779	0x249e9e8	default_planet_selection	0x355b100	0x19c90f
15780	0x249ea38	has_available_jobs	0x355b220	0x19c928
15781	0x249ea20	free_jobs_of_type	0x355b340	0x19c941
15782	0x249ea6c	mobile	0x355b460	0x19c95a
15783	0x249ea50	contributes_to_diplo_weight	0x355b580	0x19c973
15784	0x249ea90	preview_entity	0x355b6a0	0x19c98c
15785	0x249ea78	uses_preview_background	0x355b7c0	0x19c9a5
15786	0x249eab0	district_set	0x355b8e0	0x19c9be
15787	0x249eaa0	building_set	0x355ba00	0x19c9d7
15788	0x249ead0	building_sets	0x355bb20	0x19c9f0
15789	0x249eac0	zone_sets	0x355bc40	0x19ca09
15790	0x249eb00	include_deprioritized_jobs	0x355bd60	0x19ca22
15791	0x249eae0	buildable_clear_deposit_blocker	0x355be80	0x19ca3b
15792	0x249eb38	buildable_district	0x355bfa0	0x19ca54
15793	0x249eb20	buildable_decision	0x355c0c0	0x19ca6d
15794	0x249eb80	buildable_planet_building	0x355c1e0	0x19ca86
15795	0x249eb50	buildable_planet_extraterritorial_building	0x355c300	0x19ca9f
15796	0x249ebc8	add_buildable_to_queue_command	0x355c420	0x19cab8
15797	0x249eba0	remove_buildable_from_queue_command	0x355c540	0x19cad1
15798	0x249ec10	increase_once_buildable_priority_command	0x355c660	0x19caea
15799	0x249ebe8	increase_max_buildable_priority_command	0x355c780	0x19cb03
15800	0x249ec68	decrease_once_buildable_priority_command	0x355c8a0	0x19cb1c
15801	0x249ec40	decrease_max_buildable_priority_command	0x355c9c0	0x19cb35
15802	0x249ecc0	progress_needed	0x355cae0	0x19cb4e
15803	0x249ec98	buildable_planet_repair_building	0x355cc00	0x19cb67
15804	0x249ecf8	buildable_planet_repair_extraterritorial_building	0x355cd20	0x19cb80
15805	0x249ecd0	buildable_planet_replace_building	0x355ce40	0x19cb99
15806	0x249ed48	buildable_planet_replace_extraterritorial_building	0x355cf60	0x19cbb2
15807	0x249ed30	upgrade_building	0x355d080	0x19cbcb
15808	0x249edb8	buildable_planet_upgrade_building	0x355d1a0	0x19cbe4
15809	0x249ed80	buildable_planet_upgrade_extraterritorial_building	0x355d2c0	0x19cbfd
15810	0x249edf8	buildable_replace_district	0x355d3e0	0x19cc16
15811	0x249ede0	construction_queue	0x355d500	0x19cc2f
15812	0x249ee38	buildable_ship	0x355d620	0x19cc48
15813	0x249ee18	buildable_federation_ship	0x355d740	0x19cc61
15814	0x249ee60	buildable_colony_ship	0x355d860	0x19cc7a
15815	0x249ee48	buildable_ship_upgrade	0x355d980	0x19cc93
15816	0x249ee98	buildable_army	0x355daa0	0x19ccac
15817	0x249ee78	buildable_starbase_building	0x355dbc0	0x19ccc5
15818	0x249eec8	buildable_starbase_module	0x355dce0	0x19ccde
15819	0x249eea8	buildable_starbase_upgrade	0x355de00	0x19ccf7
15820	0x249eef8	buildable_defense_platform	0x355df20	0x19cd10
15821	0x249eee8	build_queue	0x355e040	0x19cd29
15822	0x249ef30	sector_cost	0x355e160	0x19cd42
15823	0x249ef18	shipyard_build_queue	0x355e280	0x19cd5b
15824	0x249ef60	army_build_queue	0x355e3a0	0x19cd74
15825	0x249ef40	branch_office_build_queue	0x355e4c0	0x19cd8d
15826	0x249ef88	queue_mgr	0x355e5e0	0x19cda6
15827	0x249ef78	item_mgr	0x355e700	0x19cdbf
15828	0x249ef9c	queues	0x355e820	0x19cdd8
15829	0x249ef94	items	0x355e940	0x19cdf1
15830	0x249efb8	task	0x355ea60	0x19ce0a
15831	0x249efa8	simultaneous	0x355eb80	0x19ce23
15832	0x249efe0	construction_queue_item	0x355eca0	0x19ce3c
15833	0x249efc0	buildable_ship_reinforcement	0x355edc0	0x19ce55
15834	0x249f020	buildable_federation_ship_reinforcement	0x355eee0	0x19ce6e
15835	0x249eff8	buildable_defense_platform_upgrade	0x355f000	0x19ce87
15836	0x249f068	all_queued	0x355f120	0x19cea0
15837	0x249f048	construction_queue_items	0x355f240	0x19ceb9
15838	0x249f090	upgrade_designs	0x355f360	0x19ced2
15839	0x249f078	proposed_law_votes	0x355f480	0x19ceeb
15840	0x249f0c8	must_be_advanced_empire	0x355f5a0	0x19cf04
15841	0x249f0a0	is_allowed_to_be_advanced_empire	0x355f6c0	0x19cf1d
15842	0x249f0f8	envoy_opinion_positive	0x355f7e0	0x19cf36
15843	0x249f0e0	envoy_opinion_negative	0x355f900	0x19cf4f
15844	0x249f120	nemesis	0x355fa20	0x19cf68
15845	0x249f110	self_upgrading	0x355fb40	0x19cf81
15846	0x249f140	owned_species	0x355fc60	0x19cf9a
15847	0x249f128	enslaved_species	0x355fd80	0x19cfb3
15848	0x249f168	num_enslaved	0x355fea0	0x19cfcc
15849	0x249f150	species_information	0x355ffc0	0x19cfe5
15850	0x249f198	colonizable_by_event	0x35600e0	0x19cffe
15851	0x249f178	can_see_galactic_community	0x3560200	0x19d017
15852	0x249f1b8	upgrade_design_at_starbase_fleet_order	0x3560320	0x19d030
15853	0x249f1b0	manual	0x3560440	0x19d049
15854	0x249f1f8	cached_killed_ships	0x3560560	0x19d062
15855	0x249f1e0	cached_dead_ships	0x3560680	0x19d07b
15856	0x249f228	cached_disabled_ships	0x35607a0	0x19d094
15857	0x249f210	cached_disengaged_ships	0x35608c0	0x19d0ad
15858	0x249f270	cached_combined_removed_ships	0x35609e0	0x19d0c6
15859	0x249f240	should_notify_auto_recipient_on_vote_fail	0x3560b00	0x19d0df
15860	0x249f2a0	ai_remove_diplo_action_command	0x3560c20	0x19d0f8
15861	0x249f290	ultimate	0x3560d40	0x19d111
15862	0x249f2d0	reset_cooldown	0x3560e60	0x19d12a
15863	0x249f2c0	initial_design	0x3560f80	0x19d143
15864	0x249f2f8	extra_crisis_strength	0x35610a0	0x19d15c
15865	0x249f2e0	diplomatic_title	0x35611c0	0x19d175
15866	0x249f320	upgrade_starbases	0x35612e0	0x19d18e
15867	0x249f310	modifications	0x3561400	0x19d1a7
15868	0x249f348	uses_origins	0x3561520	0x19d1c0
15869	0x249f338	initializers	0x3561640	0x19d1d9
15870	0x249f368	approval_modifier	0x3561760	0x19d1f2
15871	0x249f358	voter_favors	0x3561880	0x19d20b
15872	0x249f394	others	0x35619a0	0x19d224
15873	0x249f380	slot_restriction	0x3561ac0	0x19d23d
15874	0x249f3c8	exclude_day_zero_contact	0x3561be0	0x19d256
15875	0x249f3a0	blocks_random_machine_empire_generation	0x3561d00	0x19d26f
15876	0x249f410	auto_research	0x3561e20	0x19d288
15877	0x249f3e8	auto_research_technology_command	0x3561f40	0x19d2a1
15878	0x249f440	auto_researching_physics	0x3562060	0x19d2ba
15879	0x249f420	auto_researching_society	0x3562180	0x19d2d3
15880	0x249f478	auto_researching_engineering	0x35622a0	0x19d2ec
15881	0x249f460	unlocks_auto_research	0x35623c0	0x19d305
15882	0x249f4b8	set_enabled	0x35624e0	0x19d31e
15883	0x249f498	regenerates_when_disabled	0x3562600	0x19d337
15884	0x249f4d8	event_id	0x3562720	0x19d350
15885	0x249f4c8	fired_event_ids	0x3562840	0x19d369
15886	0x249f518	create_species_mod_and_start_special_project	0x3562960	0x19d382
15887	0x249f4e8	has_enough_pops_for_necrophage_on_colony	0x3562a80	0x19d39b
15888	0x249f550	system_ambient_object	0x3562ba0	0x19d3b4
15889	0x249f548	varname	0x3562cc0	0x19d3cd
15890	0x249f580	position_priority	0x3562de0	0x19d3e6
15891	0x249f568	habitable_worlds_scale	0x3562f00	0x19d3ff
15892	0x249f5b0	primitive_worlds_scale	0x3563020	0x19d418
15893	0x249f598	crisis_strength_scale	0x3563140	0x19d431
15894	0x249f5d8	tech_costs_scale	0x3563260	0x19d44a
15895	0x249f5c8	mid_game_year	0x3563380	0x19d463
15896	0x249f600	end_game_year	0x35634a0	0x19d47c
15897	0x249f5f0	on_abort	0x35635c0	0x19d495
15898	0x249f620	first_contact	0x35636e0	0x19d4ae
15899	0x249f610	event_weight	0x3563800	0x19d4c7
15900	0x249f640	first_contact_system	0x3563920	0x19d4e0
15901	0x249f630	step_limit	0x3563a40	0x19d4f9
15902	0x249f668	first_contacts	0x3563b60	0x19d512
15903	0x249f658	cancel_orders	0x3563c80	0x19d52b
15904	0x249f690	stage_event	0x3563da0	0x19d544
15905	0x249f678	first_contact_event	0x3563ec0	0x19d55d
15906	0x249f6b8	covenant_event	0x3563fe0	0x19d576
15907	0x249f6a0	finish_first_contact	0x3564100	0x19d58f
15908	0x249f6e0	finished	0x3564220	0x19d5a8
15909	0x249f6c8	reverse_first_contact	0x3564340	0x19d5c1
15910	0x249f708	is_galactic_custodian	0x3564460	0x19d5da
15911	0x249f6f0	has_galactic_custodian	0x3564580	0x19d5f3
15912	0x249f738	set_galactic_custodian	0x35646a0	0x19d60c
15913	0x249f720	is_galactic_emperor	0x35647c0	0x19d625
15914	0x249f768	has_galactic_emperor	0x35648e0	0x19d63e
15915	0x249f750	set_galactic_emperor	0x3564a00	0x19d657
15916	0x249f798	operations	0x3564b20	0x19d670
15917	0x249f780	espionage_operations	0x3564c40	0x19d689
15918	0x249f7c8	action_build_spy_network	0x3564d60	0x19d6a2
15919	0x249f7a8	action_manage_spy_network	0x3564e80	0x19d6bb
15920	0x249f800	imperial_authority	0x3564fa0	0x19d6d4
15921	0x249f7e8	add_imperial_authority	0x35650c0	0x19d6ed
15922	0x249f838	strengthen_imperial_authority	0x35651e0	0x19d706
15923	0x249f818	undermine_imperial_authority	0x3565300	0x19d71f
15924	0x249f860	espionage_operation	0x3565420	0x19d738
15925	0x249f858	means	0x3565540	0x19d751
15926	0x249f888	destroy_starbases	0x3565660	0x19d76a
15927	0x249f878	crisis_path	0x3565780	0x19d783
15928	0x249f8b0	intel_manager	0x35658a0	0x19d79c
15929	0x249f8a0	menace_perk	0x35659c0	0x19d7b5
15930	0x249f8d0	menace_perks	0x3565ae0	0x19d7ce
15931	0x249f8c0	activation_date	0x3565c00	0x19d7e7
15932	0x249f908	active_operations	0x3565d20	0x19d800
15933	0x249f8e0	destroy_espionage_operation_command	0x3565e40	0x19d819
15934	0x249f948	create_espionage_operation_command	0x3565f60	0x19d832
15935	0x249f920	action_ask_to_join_galactic_empire	0x3566080	0x19d84b
15936	0x249f990	can_be_part_of_galactic_empire	0x35661a0	0x19d864
15937	0x249f970	activate_menace_perk_command	0x35662c0	0x19d87d
15938	0x249f9c0	end_senate_session_command	0x35663e0	0x19d896
15939	0x249f9b0	activate	0x3566500	0x19d8af
15940	0x249f9f0	activated	0x3566620	0x19d8c8
15941	0x249f9e0	pop_purge_mult	0x3566740	0x19d8e1
15942	0x249fa10	councilor_skill_add	0x3566860	0x19d8fa
15943	0x249fa00	ruler_skill_add	0x3566980	0x19d913
15944	0x249fa50	espionage_operation_difficulty_add	0x3566aa0	0x19d92c
15945	0x249fa28	espionage_operation_difficulty_mult	0x3566bc0	0x19d945
15946	0x249faa8	espionage_hostile_operation_difficulty_add	0x3566ce0	0x19d95e
15947	0x249fa78	espionage_hostile_operation_difficulty_mult	0x3566e00	0x19d977
15948	0x249faf8	espionage_operation_speed_mult	0x3566f20	0x19d990
15949	0x249fad8	espionage_operation_cost_add	0x3567040	0x19d9a9
15950	0x249fb40	espionage_operation_cost_mult	0x3567160	0x19d9c2
15951	0x249fb18	espionage_hostile_operation_cost_add	0x3567280	0x19d9db
15952	0x249fb78	espionage_hostile_operation_cost_mult	0x35673a0	0x19d9f4
15953	0x249fb60	intel_encryption_add	0x35674c0	0x19da0d
15954	0x249fbb8	intel_encryption_mult	0x35675e0	0x19da26
15955	0x249fba0	intel_decryption_add	0x3567700	0x19da3f
15956	0x249fbe8	intel_decryption_mult	0x3567820	0x19da58
15957	0x249fbd0	spy_network_value_mult	0x3567940	0x19da71
15958	0x249fc20	spy_network_value_add	0x3567a60	0x19da8a
15959	0x249fc00	spy_network_daily_value_add	0x3567b80	0x19daa3
15960	0x249fc58	spy_network_daily_value_mult	0x3567ca0	0x19dabc
15961	0x249fc38	country_counter_espionage_add	0x3567dc0	0x19dad5
15962	0x249fc90	country_counter_espionage_mult	0x3567ee0	0x19daee
15963	0x249fc78	add_stage_modifier	0x3568000	0x19db07
15964	0x249fcc8	remove_stage_modifier	0x3568120	0x19db20
15965	0x249fcb0	has_stage_modifier	0x3568240	0x19db39
15966	0x249fcf8	timed_modifiers	0x3568360	0x19db52
15967	0x249fce0	timed_stage_modifiers	0x3568480	0x19db6b
15968	0x249fd14	by	0x35685a0	0x19db84
15969	0x249fd08	subtract	0x35686c0	0x19db9d
15970	0x249fd20	multiply	0x35687e0	0x19dbb6
15971	0x249fd18	divide	0x3568900	0x19dbcf
15972	0x249fd34	modulo	0x3568a20	0x19dbe8
15973	0x249fd2c	floor	0x3568b40	0x19dc01
15974	0x249fd50	ceiling	0x3568c60	0x19dc1a
15975	0x249fd40	round_to	0x3568d80	0x19dc33
15976	0x249fd60	abs	0x3568ea0	0x19dc4c
15977	0x249fd58	square	0x3568fc0	0x19dc65
15978	0x249fd74	pow	0x35690e0	0x19dc7e
15979	0x249fd68	square_root	0x3569200	0x19dc97
15980	0x249fd90	system_low_intel	0x3569320	0x19dcb0
15981	0x249fd78	system_medium_intel	0x3569440	0x19dcc9
15982	0x249fdc0	system_high_intel	0x3569560	0x19dce2
15983	0x249fda8	system_full_intel	0x3569680	0x19dcfb
15984	0x249fdf0	lower_insight_score	0x35697a0	0x19dd14
15985	0x249fdd8	higher_insight_score	0x35698c0	0x19dd2d
15986	0x249fe20	lower_insight_reward	0x35699e0	0x19dd46
15987	0x249fe08	higher_insight_reward	0x3569b00	0x19dd5f
15988	0x249fe58	capital_location	0x3569c20	0x19dd78
15989	0x249fe38	galactic_empire_joins_defender	0x3569d40	0x19dd91
15990	0x249fe80	galactic_empire	0x3569e60	0x19ddaa
15991	0x249fe70	dummy_species	0x3569f80	0x19ddc3
15992	0x249fe98	add_intel_report	0x356a0a0	0x19dddc
15993	0x249fe90	reports	0x356a1c0	0x19ddf5
15994	0x249fec8	ship_owner_type	0x356a2e0	0x19de0e
15995	0x249feb0	ship_design_collection	0x356a400	0x19de27
15996	0x249fee8	create_debris_chance	0x356a520	0x19de40
15997	0x249fed8	new_contacts	0x356a640	0x19de59
15998	0x249ff20	new_visited	0x356a760	0x19de72
15999	0x249ff00	set_galactic_defense_force	0x356a880	0x19de8b
16000	0x249ff40	galactic_defense_force_exists	0x356a9a0	0x19dea4
16001	0x249ff30	spy_power_cost	0x356aac0	0x19debd
16002	0x249ff88	spy_network_lvl_requirement	0x356abe0	0x19ded6
16003	0x249ff60	set_first_contact_event_expired_command	0x356ad00	0x19deef
16004	0x249ffd0	spynetwork	0x356ae20	0x19df08
16005	0x249ffa8	ship_community_territory_speed_mult	0x356af40	0x19df21
16006	0x249fff0	relative_economy	0x356b060	0x19df3a
16007	0x249ffe0	relative_fleet	0x356b180	0x19df53
16008	0x24a0018	reverse_relative_power	0x356b2a0	0x19df6c
16009	0x24a0008	crisis_type	0x356b3c0	0x19df85
16010	0x24a0040	prethoryn	0x356b4e0	0x19df9e
16011	0x24a0030	contingency	0x356b600	0x19dfb7
16012	0x24a0060	unbidden	0x356b720	0x19dfd0
16013	0x24a0050	synth_queen	0x356b840	0x19dfe9
16014	0x24a0088	stale_intel	0x356b960	0x19e002
16015	0x24a0070	galactic_defense_force	0x356ba80	0x19e01b
16016	0x24a00c8	buildable_galactic_community_ship	0x356bba0	0x19e034
16017	0x24a0098	buildable_galactic_community_ship_reinforcement	0x356bcc0	0x19e04d
16018	0x24a0108	freeze_proposed_resolution_command	0x356bde0	0x19e066
16019	0x24a00f0	veto_cooldown_mult	0x356bf00	0x19e07f
16020	0x24a0158	emergency_measures_cooldown_mult	0x356c020	0x19e098
16021	0x24a0130	country_community_gdf_naval_capacity	0x356c140	0x19e0b1
16022	0x24a01a0	divide_over_pop_groups	0x356c260	0x19e0ca
16023	0x24a0180	gdf_ship_alloys_cost_mult	0x356c380	0x19e0e3
16024	0x24a01c4	formed	0x356c4a0	0x19e0fc
16025	0x24a01b8	base_intel	0x356c5c0	0x19e115
16026	0x24a01e8	has_intel_level	0x356c6e0	0x19e12e
16027	0x24a01d0	has_intel_report	0x356c800	0x19e147
16028	0x24a0208	has_intel	0x356c920	0x19e160
16029	0x24a01f8	has_stale_intel	0x356ca40	0x19e179
16030	0x24a0238	clear_intel_report	0x356cb60	0x19e192
16031	0x24a0218	galactic_community_senate	0x356cc80	0x19e1ab
16032	0x24a0278	carry_cap_per_free_district	0x356cda0	0x19e1c4
16033	0x24a0250	inherit_country_building_modifiers	0x356cec0	0x19e1dd
16034	0x24a02a8	planet_carry_cap_add	0x356cfe0	0x19e1f6
16035	0x24a0298	espionage_asset	0x356d100	0x19e20f
16036	0x24a02d8	ignores_sapience	0x356d220	0x19e228
16037	0x24a02c0	ignores_favorite	0x356d340	0x19e241
16038	0x24a0300	random_allowed	0x356d460	0x19e25a
16039	0x24a02f0	growing_species	0x356d580	0x19e273
16040	0x24a0328	can_country_change_councilors	0x356d6a0	0x19e28c
16041	0x24a0310	use_shipnames_from	0x356d7c0	0x19e2a5
16042	0x24a0360	use_armynames_from	0x356d8e0	0x19e2be
16043	0x24a0348	cloaking_forbidden	0x356da00	0x19e2d7
16044	0x24a0388	ai_ship_data	0x356db20	0x19e2f0
16045	0x24a0378	text_icon	0x356dc40	0x19e309
16046	0x24a03b8	ship_damage_against_starbases_mult	0x356dd60	0x19e322
16047	0x24a0398	ship_damage_against_boss_mult	0x356de80	0x19e33b
16048	0x24782ac	info	0x356dfa0	0x19e354
16049	0x24a03f8	on_unlock	0x356e0c0	0x19e36d
16050	0x24a03e0	hide_from_country_list	0x356e1e0	0x19e386
16051	0x24a0418	starbase_event	0x356e300	0x19e39f
16052	0x24a0408	system_event	0x356e420	0x19e3b8
16053	0x24a0438	leader_event	0x356e540	0x19e3d1
16054	0x24a0428	situation_event	0x356e660	0x19e3ea
16055	0x24a0460	agreement_event	0x356e780	0x19e403
16056	0x24a0448	score_from_effects	0x356e8a0	0x19e41c
16057	0x24a0480	objective	0x356e9c0	0x19e435
16058	0x24a0470	governors	0x356eae0	0x19e44e
16059	0x24a04b0	exclude	0x356ec00	0x19e467
16060	0x24a0490	first_contact_speed_mult	0x356ed20	0x19e480
16061	0x24a04d8	first_contact_clues_add	0x356ee40	0x19e499
16062	0x24a04b8	first_contact_defense_add	0x356ef60	0x19e4b2
16063	0x24a0510	intel_gain_speed	0x356f080	0x19e4cb
16064	0x24a04f0	counter_intel_gain_speed	0x356f1a0	0x19e4e4
16065	0x24a0548	intel_reconnaissance_level_add	0x356f2c0	0x19e4fd
16066	0x24a0528	intel_tech_relative_power	0x356f3e0	0x19e516
16067	0x24a0588	intel_tech_num_category	0x356f500	0x19e52f
16068	0x24a0568	intel_tech_current_research	0x356f620	0x19e548
16069	0x24a05c0	intel_tech_scientists	0x356f740	0x19e561
16070	0x24a05a0	intel_tech_researched_all	0x356f860	0x19e57a
16071	0x24a05e8	blocked_deposit	0x356f980	0x19e593
16072	0x24a05d8	crisis_currency	0x356faa0	0x19e5ac
16073	0x24a0600	required_crisis_currency	0x356fbc0	0x19e5c5
16074	0x24a05f8	menace	0x356fce0	0x19e5de
16075	0x24a0638	required_menace	0x356fe00	0x19e5f7
16076	0x24a0620	crisis_progression	0x356ff20	0x19e610
16077	0x24a0650	next_level_index	0x3570040	0x19e629
16078	0x24a0648	level	0x3570160	0x19e642
16079	0x24a0680	relative_tech	0x3570280	0x19e65b
16080	0x24a0668	target_potential	0x35703a0	0x19e674
16081	0x24a06a8	appearance	0x35704c0	0x19e68d
16082	0x24a0690	name_generation_method	0x35705e0	0x19e6a6
16083	0x24a06d8	default_name	0x3570700	0x19e6bf
16084	0x24a06b8	portrait_generation_method	0x3570820	0x19e6d8
16085	0x24a06f8	default_portrait	0x3570940	0x19e6f1
16086	0x24a06e8	nongenerated	0x3570a60	0x19e70a
16087	0x24a0720	random_person	0x3570b80	0x19e723
16088	0x24a0710	species_ref	0x3570ca0	0x19e73c
16089	0x24a0748	can_country_connect_to_relay_network	0x3570dc0	0x19e755
16090	0x24a0730	can_country_resettle	0x3570ee0	0x19e76e
16091	0x24a0798	can_resettle_planet_no_owner_check	0x3571000	0x19e787
16092	0x24a0770	set_operation_event_expired_command	0x3571120	0x19e7a0
16093	0x24a07e0	exempt_from_jobs_check	0x3571240	0x19e7b9
16094	0x24a07c0	can_pop_group_auto_migrate	0x3571360	0x19e7d2
16095	0x24a0820	can_colony_auto_migrate	0x3571480	0x19e7eb
16096	0x24a07f8	can_colony_receive_auto_migration	0x35715a0	0x19e804
16097	0x24a0868	can_use_envoys_to_raise_imperial_authority	0x35716c0	0x19e81d
16098	0x24a0838	can_use_envoys_to_lower_imperial_authority	0x35717e0	0x19e836
16099	0x24a08b0	possible_precalc	0x3571900	0x19e84f
16100	0x24a0898	can_fill_drone_job	0x3571a20	0x19e868
16101	0x24a08e0	can_fill_worker_job	0x3571b40	0x19e881
16102	0x24a08c8	can_fill_specialist_job	0x3571c60	0x19e89a
16103	0x24a0910	can_fill_ruler_job	0x3571d80	0x19e8b3
16104	0x24a08f8	can_fill_precursor_job	0x3571ea0	0x19e8cc
16105	0x24a0938	is_unemployment_job	0x3571fc0	0x19e8e5
16106	0x24a0928	is_civilian_job	0x35720e0	0x19e8fe
16107	0x24a0968	can_dismiss_leader	0x3572200	0x19e917
16108	0x24a0950	should_colony_automate	0x3572320	0x19e930
16109	0x24a09a0	automation	0x3572440	0x19e949
16110	0x24a0980	intel_economy_relative_power	0x3572560	0x19e962
16111	0x24a09d0	intel_economy_colonies_low	0x3572680	0x19e97b
16112	0x24a09b0	intel_economy_colonies_med	0x35727a0	0x19e994
16113	0x24a0a10	intel_economy_colonies_high	0x35728c0	0x19e9ad
16114	0x24a09f0	intel_economy_colonies_full	0x35729e0	0x19e9c6
16115	0x24a0a50	intel_economy_civships_locations	0x3572b00	0x19e9df
16116	0x24a0a30	intel_economy_civships_orders	0x3572c20	0x19e9f8
16117	0x24a0a98	intel_economy_systems_low	0x3572d40	0x19ea11
16118	0x24a0a78	intel_economy_systems_med	0x3572e60	0x19ea2a
16119	0x24a0ae0	intel_economy_systems_high	0x3572f80	0x19ea43
16120	0x24a0ab8	transfer_galactic_defense_force_fleets	0x35730a0	0x19ea5c
16121	0x24a0b28	diplomatic_pacts	0x35731c0	0x19ea75
16122	0x24a0b00	galactic_community_vote_breakdown	0x35732e0	0x19ea8e
16123	0x24a0b50	envoy_locations	0x3573400	0x19eaa7
16124	0x24a0b40	envoy_missions	0x3573520	0x19eac0
16125	0x24a0b70	envoy_names	0x3573640	0x19ead9
16126	0x24a0b60	federation_name	0x3573760	0x19eaf2
16127	0x24a0b98	num_of_envoys	0x3573880	0x19eb0b
16128	0x24a0b80	can_have_contact	0x35739a0	0x19eb24
16129	0x24a0bc0	can_have_first_contact	0x3573ac0	0x19eb3d
16130	0x24a0ba8	opinion_breakdown	0x3573be0	0x19eb56
16131	0x24a0bf0	rivalries	0x3573d00	0x19eb6f
16132	0x24a0bd8	country_and_borders	0x3573e20	0x19eb88
16133	0x24a0c08	target_allow	0x3573f40	0x19eba1
16134	0x24a0c00	rounded	0x3574060	0x19ebba
16135	0x24a0c30	spy_power_cost_add	0x3574180	0x19ebd3
16136	0x24a0c18	spy_power_cost_mult	0x35742a0	0x19ebec
16137	0x24a0c60	multiple_active_resolutions	0x35743c0	0x19ec05
16138	0x24a0c48	spy_network_levels_add	0x35744e0	0x19ec1e
16139	0x24a0c98	cancel_resolution	0x3574600	0x19ec37
16140	0x24a0c80	intel_military_admirals	0x3574720	0x19ec50
16141	0x24a0cd0	intel_military_armies	0x3574840	0x19ec69
16142	0x24a0cb0	intel_military_fleet_details	0x3574960	0x19ec82
16143	0x24a0d08	intel_military_fleet_orders	0x3574a80	0x19ec9b
16144	0x24a0ce8	intel_military_cloaked_fleets	0x3574ba0	0x19ecb4
16145	0x24a0d40	intel_military_arkship_colonies	0x3574cc0	0x19eccd
16146	0x24a0d28	intel_military_fleets	0x3574de0	0x19ece6
16147	0x24a0d80	intel_military_generals	0x3574f00	0x19ecff
16148	0x24a0d60	intel_military_starbases	0x3575020	0x19ed18
16149	0x24a0db0	intel_military_ai_prepare_war	0x3575140	0x19ed31
16150	0x24a0d98	ai_module_overrides	0x3575260	0x19ed4a
16151	0x24a0df8	planet_automation_settings	0x3575380	0x19ed63
16152	0x24a0dd0	default_planet_automation_settings	0x35754a0	0x19ed7c
16153	0x24a0e30	set_country_default	0x35755c0	0x19ed95
16154	0x24a0e18	set_on_all_planets	0x35756e0	0x19edae
16155	0x24a0e74	toggle	0x3575800	0x19edc7
16156	0x24a0e48	set_automated_development_settings_command	0x3575920	0x19ede0
16157	0x24a0e98	player_crisis_foreign_minister_module	0x3575a40	0x19edf9
16158	0x24a0e80	target_first_contact	0x3575b60	0x19ee12
16159	0x24a0ed8	target_situation	0x3575c80	0x19ee2b
16160	0x24a0ec0	has_city_graphics	0x3575da0	0x19ee44
16161	0x24a0f10	display_espionage_operations	0x3575ec0	0x19ee5d
16162	0x24a0ef0	intel_from_being_subject	0x3575fe0	0x19ee76
16163	0x24a0f40	intel_from_being_overlord	0x3576100	0x19ee8f
16164	0x24a0f30	custodian_term	0x3576220	0x19eea8
16165	0x24a0f98	auto_accept	0x3576340	0x19eec1
16166	0x24a0f60	set_espionage_operation_auto_accept_event_command	0x3576460	0x19eeda
16167	0x24a0fc8	intel_casus_belli	0x3576580	0x19eef3
16168	0x24a0fa8	could_end_senate_session	0x35766a0	0x19ef0c
16169	0x24a1000	espionage_operation_skill_add	0x35767c0	0x19ef25
16170	0x24a0fe0	espionage_operation_skill_mult	0x35768e0	0x19ef3e
16171	0x24a1038	spy_network_decay_add	0x3576a00	0x19ef57
16172	0x24a1020	spy_network_decay_mult	0x3576b20	0x19ef70
16173	0x24a1088	add_spy_network_level	0x3576c40	0x19ef89
16174	0x24a1050	galactic_community_patrol_military_minister_module	0x3576d60	0x19efa2
16175	0x24a10b0	intel_empire_sprawl	0x3576e80	0x19efbb
16176	0x24a10a0	star_hit_entity	0x3576fa0	0x19efd4
16177	0x24a10d8	add_base_country_intel	0x35770c0	0x19efed
16178	0x24a10c8	strategy_weight	0x35771e0	0x19f006
16179	0x24a1100	agreement	0x3577300	0x19f01f
16180	0x24a10f0	network_weight	0x3577420	0x19f038
16181	0x24a1128	espionage	0x3577540	0x19f051
16182	0x24a1110	operation_policy	0x3577660	0x19f06a
16183	0x24a1160	target_policy	0x3577780	0x19f083
16184	0x24a1138	set_planets_display_order_command	0x35778a0	0x19f09c
16185	0x24a1188	planets_display_order	0x35779c0	0x19f0b5
16186	0x24a1170	show_designation_icons	0x3577ae0	0x19f0ce
16187	0x24a11b8	outliner_planet_display_mode	0x3577c00	0x19f0e7
16188	0x24a11a0	designation_over_type	0x3577d20	0x19f100
16189	0x24a11f0	type_over_designation	0x3577e40	0x19f119
16190	0x24a11d8	species_archetype	0x3577f60	0x19f132
16191	0x24a1218	operation_value	0x3578080	0x19f14b
16192	0x24a1208	target_value	0x35781a0	0x19f164
16193	0x24a1240	highest	0x35782c0	0x19f17d
16194	0x24a1228	highest_available	0x35783e0	0x19f196
16195	0x24a1260	random_available	0x3578500	0x19f1af
16196	0x24a1248	random_no_capital	0x3578620	0x19f1c8
16197	0x24a1298	weighted_random	0x3578740	0x19f1e1
16198	0x24a1278	weighted_random_available	0x3578860	0x19f1fa
16199	0x24a12b8	operation_selector	0x3578980	0x19f213
16200	0x24a12a8	target_selector	0x3578aa0	0x19f22c
16201	0x24a12e8	galactic_emperor	0x3578bc0	0x19f245
16202	0x24a12d0	galactic_custodian	0x3578ce0	0x19f25e
16203	0x24a1310	play_animation_once	0x3578e00	0x19f277
16204	0x24a1300	infertile	0x3578f20	0x19f290
16205	0x24a1330	interface_ancient_clone_vats	0x3579040	0x19f2a9
16206	0x24a1328	include	0x3579160	0x19f2c2
16207	0x24a1360	existing	0x3579280	0x19f2db
16208	0x24a1350	in_construction	0x35793a0	0x19f2f4
16209	0x24a1388	existing_and_in_construction	0x35794c0	0x19f30d
16210	0x24a1370	beam_intersection	0x35795e0	0x19f326
16211	0x24a13c0	entity_center	0x3579700	0x19f33f
16212	0x24a13a8	hit_entity_positioning	0x3579820	0x19f358
16213	0x24a13e8	player_crisis_military_minister_module	0x3579940	0x19f371
16214	0x24a13d0	can_destroy_stars	0x3579a60	0x19f38a
16215	0x24a1428	ai_playable	0x3579b80	0x19f3a3
16216	0x24a1410	game_text_variables	0x3579ca0	0x19f3bc
16217	0x24a1458	abort	0x3579dc0	0x19f3d5
16218	0x24a1438	sync_players_request_command	0x3579ee0	0x19f3ee
16219	0x24a1478	sync_player_respond_command	0x357a000	0x19f407
16220	0x24a1460	selected_country	0x357a120	0x19f420
16221	0x24a14a0	observed_country	0x357a240	0x19f439
16222	0x24a1494	ready	0x357a360	0x19f452
16223	0x24a14d0	recurring	0x357a480	0x19f46b
16224	0x24a14b8	intel_effects_surveyed	0x357a5a0	0x19f484
16225	0x24a14f0	aggregated_message_key	0x357a6c0	0x19f49d
16226	0x24a14e0	temporary	0x357a7e0	0x19f4b6
16227	0x24a1518	resource_min	0x357a900	0x19f4cf
16228	0x24a1508	resource_max	0x357aa20	0x19f4e8
16229	0x24a1540	indefinitely_halted	0x357ab40	0x19f501
16230	0x24a1528	logistic_ceiling	0x357ac60	0x19f51a
16231	0x24a1568	logistic_ceiling_v2	0x357ad80	0x19f533
16232	0x24a1558	growth_scale	0x357aea0	0x19f54c
16233	0x24a15a0	logistics_planet_deficit_costs	0x357afc0	0x19f565
16234	0x24a1580	logistics_fleet_upkeep_costs	0x357b0e0	0x19f57e
16235	0x24a15e0	tradition_categories	0x357b200	0x19f597
16236	0x24a15c0	living_standard_decadent	0x357b320	0x19f5b0
16237	0x24a1608	scales_with_planet	0x357b440	0x19f5c9
16238	0x24a15f8	to_any_system	0x357b560	0x19f5e2
16239	0x24a1640	visual_height	0x357b680	0x19f5fb
16240	0x24a1620	action_propose_agreement	0x357b7a0	0x19f614
16241	0x24a1670	orbital_defence	0x357b8c0	0x19f62d
16242	0x24a1650	hyper_relay_construction	0x357b9e0	0x19f646
16243	0x24a1690	movement_cost	0x357bb00	0x19f65f
16244	0x24a1680	defensive_bonus	0x357bc20	0x19f678
16245	0x24a16b0	offensive_bonus	0x357bd40	0x19f691
16246	0x24a16a0	combat_terrain	0x357be60	0x19f6aa
16247	0x24a16d0	blocks_line_of_sight	0x357bf80	0x19f6c3
16248	0x24a16c0	terrain_name	0x357c0a0	0x19f6dc
16249	0x2479db8	startgame	0x357c1c0	0x19f6f5
16250	0x24a16f0	setrandom	0x357c2e0	0x19f70e
16251	0x24a16e8	seed	0x357c400	0x19f727
16252	0x24a1708	count	0x357c520	0x19f740
16253	0x24a1700	terrain	0x357c640	0x19f759
16254	0x24a1720	min_moisture	0x357c760	0x19f772
16255	0x24a1710	start_moisture	0x357c880	0x19f78b
16256	0x24a1748	sea_add	0x357c9a0	0x19f7a4
16257	0x24a1730	cloud_max_height	0x357cac0	0x19f7bd
16258	0x24a1760	min_promille	0x357cbe0	0x19f7d6
16259	0x24a1750	height_promille	0x357cd00	0x19f7ef
16260	0x24a177c	nodes	0x357ce20	0x19f808
16261	0x24a1770	random_seed	0x357cf40	0x19f821
16262	0x24a1798	random_count	0x357d060	0x19f83a
16263	0x24a1788	countries	0x357d180	0x19f853
16264	0x24a17c0	resources	0x357d2a0	0x19f86c
16265	0x24a17a8	extortion_resource	0x357d3c0	0x19f885
16266	0x24a17e8	extorted	0x357d4e0	0x19f89e
16267	0x24a17d0	persistent_faction	0x357d600	0x19f8b7
16268	0x24a1810	can_rename	0x357d720	0x19f8d0
16269	0x24a17f8	show_only_if_owned	0x357d840	0x19f8e9
16270	0x24a1830	additional_element_height	0x357d960	0x19f902
16271	0x24a1820	minimum_height	0x357da80	0x19f91b
16272	0x24a1850	map	0x357dba0	0x19f934
16273	0x24a184c	arg	0x357dcc0	0x19f94d
16274	0x24a1864	limit	0x357dde0	0x19f966
16275	0x24a1858	evaluator	0x357df00	0x19f97f
16276	0x24a1884	area	0x357e020	0x19f998
16277	0x24a1870	min_water_height	0x357e140	0x19f9b1
16278	0x24a18a0	max_water_height	0x357e260	0x19f9ca
16279	0x24a1890	min_land_height	0x357e380	0x19f9e3
16280	0x24a18c8	max_land_height	0x357e4a0	0x19f9fc
16281	0x24a18b8	cohesion_growth	0x357e5c0	0x19fa15
16282	0x24a18f0	min_impassable_height	0x357e6e0	0x19fa2e
16283	0x24a18d8	max_impassable_height	0x357e800	0x19fa47
16284	0x24a1914	army	0x357e920	0x19fa60
16285	0x24a1908	min_count	0x357ea40	0x19fa79
16286	0x24a1930	location	0x357eb60	0x19fa92
16287	0x24a1920	move_army	0x357ec80	0x19faab
16288	0x24a1954	turn	0x357eda0	0x19fac4
16289	0x24a1940	increase_game_speed	0x357eec0	0x19fadd
16290	0x24a1978	decrease_game_speed	0x357efe0	0x19faf6
16291	0x24a1960	jump_to_next_day	0x357f100	0x19fb0f
16292	0x24a1998	client_ping	0x357f220	0x19fb28
16293	0x24a198c	player	0x357f340	0x19fb41
16294	0x24a19b4	option	0x357f460	0x19fb5a
16295	0x24a19a8	pausegame	0x357f580	0x19fb73
16296	0x24a19d8	pauselocked	0x357f6a0	0x19fb8c
16297	0x24a19c0	default_autopause	0x357f7c0	0x19fba5
16298	0x24a19f4	world	0x357f8e0	0x19fbbe
16299	0x24a19e8	resource	0x357fa00	0x19fbd7
16300	0x24a1a08	line_of_sight_cost	0x357fb20	0x19fbf0
16301	0x24a19fc	damage	0x357fc40	0x19fc09
16302	0x24a1a30	defense	0x357fd60	0x19fc22
16303	0x24a1a20	morale_attack	0x357fe80	0x19fc3b
16304	0x24a1a48	morale_defense	0x357ffa0	0x19fc54
16305	0x24a1a38	morale_damage	0x35800c0	0x19fc6d
16306	0x24a1a68	knockback_distance	0x35801e0	0x19fc86
16307	0x24a1a58	knockback	0x3580300	0x19fc9f
16308	0x24a1a90	movement_speed	0x3580420	0x19fcb8
16309	0x24a1a80	initiative	0x3580540	0x19fcd1
16310	0x24a1aac	tag	0x3580660	0x19fcea
16311	0x24a1aa0	cooldown	0x3580780	0x19fd03
16312	0x24a1ad0	needs_fov	0x35808a0	0x19fd1c
16313	0x24a1ab0	event_picture_background	0x35809c0	0x19fd35
16314	0x24a1ae4	yes	0x3580ae0	0x19fd4e
16315	0x24a1adc	health	0x3580c00	0x19fd67
16316	0x24a1aec	morale	0x3580d20	0x19fd80
16317	0x24a1ae8	col	0x3580e40	0x19fd99
16318	0x247821c	ai	0x3580f60	0x19fdb2
16319	0x24a1b08	unit_id	0x3581080	0x19fdcb
16320	0x24a1af8	experience	0x35811a0	0x19fde4
16321	0x24a1b20	setup_row	0x35812c0	0x19fdfd
16322	0x24a1b10	setup_offset	0x35813e0	0x19fe16
16323	0x24a1b38	definition	0x3581500	0x19fe2f
16324	0x24a1b2c	unit	0x3581620	0x19fe48
16325	0x24a1b50	recruit	0x3581740	0x19fe61
16326	0x24a1b44	combat	0x3581860	0x19fe7a
16327	0x24a1b60	current_unit	0x3581980	0x19fe93
16328	0x24a1b58	round	0x3581aa0	0x19feac
16329	0x24a1b7c	units	0x3581bc0	0x19fec5
16330	0x24a1b70	modifier	0x3581ce0	0x19fede
16331	0x24a1b90	relay_network_modifier	0x3581e00	0x19fef7
16332	0x24a1b84	facing	0x3581f20	0x19ff10
16333	0x24a1bb0	ability	0x3582040	0x19ff29
16334	0x24a1ba8	bonus	0x3582160	0x19ff42
16335	0x24a1bc0	experience_value	0x3582280	0x19ff5b
16336	0x24a1bb8	gold	0x35823a0	0x19ff74
16337	0x24a1be0	relation	0x35824c0	0x19ff8d
16338	0x24a1bd4	looted	0x35825e0	0x19ffa6
16339	0x24a1c00	buildup	0x3582700	0x19ffbf
16340	0x24a1bf0	peak_buildup	0x3582820	0x19ffd8
16341	0x24a1c18	connect_resource	0x3582940	0x19fff1
16342	0x24a1c08	city_world	0x3582a60	0x1a000a
16343	0x24a1c40	resource_world	0x3582b80	0x1a0023
16344	0x24a1c30	loot_city	0x3582ca0	0x1a003c
16345	0x24a1c60	attacker	0x3582dc0	0x1a0055
16346	0x24a1c50	defender	0x3582ee0	0x1a006e
16347	0x24a1c80	production_level	0x3583000	0x1a0087
16348	0x24a1c70	production_time	0x3583120	0x1a00a0
16349	0x24a1ca8	end_of_combat_event	0x3583240	0x1a00b9
16350	0x24a1c98	immortal	0x3583360	0x1a00d2
16351	0x247928c	gfx	0x3583480	0x1a00eb
16352	0x24a1cc8	portrait	0x35835a0	0x1a0104
16353	0x24a1cbc	cost	0x35836c0	0x1a011d
16354	0x24a1ce8	place_unit	0x35837e0	0x1a0136
16355	0x24a1cd8	tweakable	0x3583900	0x1a014f
16356	0x24a1d08	dismiss_unit	0x3583a20	0x1a0168
16357	0x24a1cf8	defeated	0x3583b40	0x1a0181
16358	0x24a1d20	user_template	0x3583c60	0x1a019a
16359	0x24a1d18	token	0x3583d80	0x1a01b3
16360	0x24a1d38	startai	0x3583ea0	0x1a01cc
16361	0x24a1d30	action	0x3583fc0	0x1a01e5
16362	0x24a1d50	halt_army	0x35840e0	0x1a01fe
16363	0x24a1d40	combat_unit	0x3584200	0x1a0217
16364	0x24a1d70	ground_textures	0x3584320	0x1a0230
16365	0x24a1d60	ground_normals	0x3584440	0x1a0249
16366	0x24a1d90	animation_rate	0x3584560	0x1a0262
16367	0x24a1d80	random_delay	0x3584680	0x1a027b
16368	0x24a1dac	weapon	0x35847a0	0x1a0294
16369	0x24a1da0	min_level	0x35848c0	0x1a02ad
16370	0x24a1dc8	max_level	0x35849e0	0x1a02c6
16371	0x24a1db8	random_weight	0x3584b00	0x1a02df
16372	0x24a1df0	terrain_generation	0x3584c20	0x1a02f8
16373	0x24a1dd8	animation_random_start	0x3584d40	0x1a0311
16374	0x24a1e20	corner_items	0x3584e60	0x1a032a
16375	0x24a1e08	rare_corner_items	0x3584f80	0x1a0343
16376	0x24a1e48	corner_item_chance	0x35850a0	0x1a035c
16377	0x24a1e30	rare_corner_item_chance	0x35851c0	0x1a0375
16378	0x24a1e78	center_items	0x35852e0	0x1a038e
16379	0x24a1e60	rare_center_items	0x3585400	0x1a03a7
16380	0x24a1ea0	center_item_chance	0x3585520	0x1a03c0
16381	0x24a1e88	rare_center_item_chance	0x3585640	0x1a03d9
16382	0x24a1ecc	leader	0x3585760	0x1a03f2
16383	0x24a1eb8	set_ability_mode	0x3585880	0x1a040b
16384	0x24a1ee8	shadow_direction	0x35859a0	0x1a0424
16385	0x24a1ed8	outside_items	0x3585ac0	0x1a043d
16386	0x24a1f10	outside_item_chance	0x3585be0	0x1a0456
16387	0x24a1f00	grid_texture	0x3585d00	0x1a046f
16388	0x24a1f30	add_player_command	0x3585e20	0x1a0488
16389	0x24a1f28	hotjoin	0x3585f40	0x1a04a1
16390	0x24a1f58	set_unit_target	0x3586060	0x1a04ba
16391	0x24a1f48	use_game_pad	0x3586180	0x1a04d3
16392	0x24a1f80	playerconnected	0x35862a0	0x1a04ec
16393	0x24a1f68	requestgamestate	0x35863c0	0x1a0505
16394	0x24a1fa0	startgame_from_ingamelobby	0x35864e0	0x1a051e
16395	0x24a1f90	resetgamestate	0x3586600	0x1a0537
16396	0x24a1fd8	savegamecommand	0x3586720	0x1a0550
16397	0x24a1fc0	ready_after_hotjoin	0x3586840	0x1a0569
16398	0x24a2000	reopen_lobby	0x3586960	0x1a0582
16399	0x24a1fe8	resume_countdown	0x3586a80	0x1a059b
16400	0x24a2028	doautosave	0x3586ba0	0x1a05b4
16401	0x24a2010	check_sync_command	0x3586cc0	0x1a05cd
16402	0x24a2040	check_sync_response_command	0x3586de0	0x1a05e6
16403	0x24a2034	human	0x3586f00	0x1a05ff
16404	0x24a2070	success	0x3587020	0x1a0618
16405	0x24a2060	start_mp_combat	0x3587140	0x1a0631
16406	0x24a2088	current_side	0x3587260	0x1a064a
16407	0x24a2078	blend_mode	0x3587380	0x1a0663
16408	0x24a20a8	ease_in	0x35874a0	0x1a067c
16409	0x24a2098	ease_out	0x35875c0	0x1a0695
16410	0x24a20c0	ease_in_out	0x35876e0	0x1a06ae
16411	0x24a20b0	post_effect	0x3587800	0x1a06c7
16412	0x24a20d8	friendly_fire	0x3587920	0x1a06e0
16413	0x24a20d0	wounded	0x3587a40	0x1a06f9
16414	0x24a20f0	promoted	0x3587b60	0x1a0712
16415	0x24a20e8	killed	0x3587c80	0x1a072b
16416	0x24a2104	winner	0x3587da0	0x1a0744
16417	0x24a20fc	first	0x3587ec0	0x1a075d
16418	0x24a211c	second	0x3587fe0	0x1a0776
16419	0x24a2110	strength	0x3588100	0x1a078f
16420	0x24a213c	total	0x3588220	0x1a07a8
16421	0x24a2128	initial_total_days	0x3588340	0x1a07c1
16422	0x24a2170	total_days_effect_mult	0x3588460	0x1a07da
16423	0x24a2148	last_on_action_threshold_reached	0x3588580	0x1a07f3
16424	0x24a2198	dead_unit	0x35886a0	0x1a080c
16425	0x24a2188	combat_result	0x35887c0	0x1a0825
16426	0x24a21d0	dismiss_combat_result	0x35888e0	0x1a083e
16427	0x24a21a8	scripted_action_context_menu_name	0x3588a00	0x1a0857
16428	0x24a21f8	take_all	0x3588b20	0x1a0870
16429	0x24a21e8	last_spawned	0x3588c40	0x1a0889
16430	0x24a2208	spawn_enabled	0x3588d60	0x1a08a2
16431	0x24a2204	and	0x3588e80	0x1a08bb
16432	0x24a2224	patrol	0x3588fa0	0x1a08d4
16433	0x247813c	or	0x35890c0	0x1a08ed
16434	0x24a2218	objectives	0x35891e0	0x1a0906
16435	0x24a2240	terra_incognita	0x3589300	0x1a091f
16436	0x24a2230	exclusive	0x3589420	0x1a0938
16437	0x24a2258	variables	0x3589540	0x1a0951
16438	0x24a2250	literal	0x3589660	0x1a096a
16439	0x24a2270	markers	0x3589780	0x1a0983
16440	0x24a2264	values	0x35898a0	0x1a099c
16441	0x24a2288	configurators	0x35899c0	0x1a09b5
16442	0x24a2278	add_gold	0x3589ae0	0x1a09ce
16443	0x24a22a4	reward	0x3589c00	0x1a09e7
16444	0x24a2298	win_game	0x3589d20	0x1a0a00
16445	0x24a22b8	combat_gfx	0x3589e40	0x1a0a19
16446	0x24a22b0	map_gfx	0x3589f60	0x1a0a32
16447	0x24a22d8	primary	0x358a080	0x1a0a4b
16448	0x24a22c8	secondary	0x358a1a0	0x1a0a64
16449	0x24a22f0	strategy	0x358a2c0	0x1a0a7d
16450	0x24a22e0	initialized	0x358a3e0	0x1a0a96
16451	0x24a2310	ftl_jump_coordinate	0x358a500	0x1a0aaf
16452	0x24a2300	improve_claim	0x358a620	0x1a0ac8
16453	0x24a2338	is_star	0x358a740	0x1a0ae1
16454	0x24a2328	is_asteroid	0x358a860	0x1a0afa
16455	0x24a2350	is_astral_scar	0x358a980	0x1a0b13
16456	0x24a2340	ship_speed_mult	0x358aaa0	0x1a0b2c
16457	0x24a2378	owned_ship_speed_mult	0x358abc0	0x1a0b45
16458	0x24a2360	ship_upkeep_mult	0x358ace0	0x1a0b5e
16459	0x24a23a8	army_upkeep_mult	0x358ae00	0x1a0b77
16460	0x24a2390	influence_gain_mult	0x358af20	0x1a0b90
16461	0x24a23d8	synch_table	0x358b040	0x1a0ba9
16462	0x24a23c0	physics_research_mult	0x358b160	0x1a0bc2
16463	0x24a2408	society_research_mult	0x358b280	0x1a0bdb
16464	0x24a23e8	engineering_research_mult	0x358b3a0	0x1a0bf4
16465	0x24a2438	research_mult	0x358b4c0	0x1a0c0d
16466	0x24a2420	colonization_tech	0x358b5e0	0x1a0c26
16467	0x24a2460	solar_system	0x358b700	0x1a0c3f
16468	0x24a2448	unlock_next_tech	0x358b820	0x1a0c58
16469	0x24a2490	ship_ftl_warp_range_mult	0x358b940	0x1a0c71
16470	0x24a2470	ship_ftl_hyper_range_mult	0x358ba60	0x1a0c8a
16471	0x24a24b8	ship_ftl_wormhole_range_mult	0x358bb80	0x1a0ca3
16472	0x24a24ac	alerts	0x358bca0	0x1a0cbc
16473	0x24a24f0	space_owner	0x358bdc0	0x1a0cd5
16474	0x24a24d8	owner_or_space_owner	0x358bee0	0x1a0cee
16475	0x24a2508	last_months_metals_money	0x358c000	0x1a0d07
16476	0x24a24fc	queue	0x358c120	0x1a0d20
16477	0x24a2540	ship_hitpoints_add	0x358c240	0x1a0d39
16478	0x24a2528	ship_hitpoints_mult	0x358c360	0x1a0d52
16479	0x24a2568	offense	0x358c480	0x1a0d6b
16480	0x24a2558	engineering	0x358c5a0	0x1a0d84
16481	0x24a2580	society	0x358c6c0	0x1a0d9d
16482	0x24a2570	production	0x358c7e0	0x1a0db6
16483	0x24a2598	research	0x358c900	0x1a0dcf
16484	0x24a2588	leadership	0x358ca20	0x1a0de8
16485	0x24a25b0	admiral	0x358cb40	0x1a0e01
16486	0x24a25a8	general	0x358cc60	0x1a0e1a
16487	0x24a25c8	scientist	0x358cd80	0x1a0e33
16488	0x24a25b8	governor	0x358cea0	0x1a0e4c
16489	0x24a25f0	leaders	0x358cfc0	0x1a0e65
16490	0x24a25d8	disband_fleets_command	0x358d0e0	0x1a0e7e
16491	0x24a2608	cancel_fleets_contract_command	0x358d200	0x1a0e97
16492	0x24a25f8	hire_leader	0x358d320	0x1a0eb0
16493	0x24a2638	dismiss_leader	0x358d440	0x1a0ec9
16494	0x24a2628	is_orbital	0x358d560	0x1a0ee2
16495	0x24a2650	assign_leader_command	0x358d680	0x1a0efb
16496	0x24a2648	ruler	0x358d7a0	0x1a0f14
16497	0x24a2678	physics	0x358d8c0	0x1a0f2d
16498	0x24a2668	surveyed	0x358d9e0	0x1a0f46
16499	0x24a26a8	surveyed_deposit_holders	0x358db00	0x1a0f5f
16500	0x24a2680	current_months_reparation_expenses	0x358dc20	0x1a0f78
16501	0x24a26e0	last_months_reparation_expenses	0x358dd40	0x1a0f91
16502	0x24a26c8	no_first_contact	0x358de60	0x1a0faa
16503	0x24a2710	center_entity	0x358df80	0x1a0fc3
16504	0x247a820	disabled	0x358e0a0	0x1a0fdc
16505	0x24a2700	sync_game_speed	0x358e1c0	0x1a0ff5
16506	0x24a2728	saved_event_target	0x358e2e0	0x1a100e
16507	0x24a2720	credits	0x358e400	0x1a1027
16508	0x24a2750	transfer_control	0x358e520	0x1a1040
16509	0x24a2740	transfer_leader	0x358e640	0x1a1059
16510	0x24a2778	transfer_fleet	0x358e760	0x1a1072
16511	0x24a2768	open_borders	0x358e880	0x1a108b
16512	0x24a2798	join_alliance	0x358e9a0	0x1a10a4
16513	0x24a2788	scaled_modifier	0x358eac0	0x1a10bd
16514	0x24a27b8	complex_trigger_modifier	0x358ebe0	0x1a10d6
16515	0x24a27a8	saved_leaders	0x358ed00	0x1a10ef
16516	0x24a27e8	autofill_leaders	0x358ee20	0x1a1108
16517	0x24a27d8	years_10	0x358ef40	0x1a1121
16518	0x24a2810	years_20	0x358f060	0x1a113a
16519	0x24a2800	years_30	0x358f180	0x1a1153
16520	0x24a2830	years_40	0x358f2a0	0x1a116c
16521	0x24a2820	succession_type	0x358f3c0	0x1a1185
16522	0x24a2858	succession_term	0x358f4e0	0x1a119e
16523	0x24a2840	diplomatic_weight	0x358f600	0x1a11b7
16524	0x24a2878	on_enact	0x358f720	0x1a11d0
16525	0x24a2868	slavery_ethos	0x358f840	0x1a11e9
16526	0x24a28a0	species_portrait	0x358f960	0x1a1202
16527	0x24a2888	opposite_dislike	0x358fa80	0x1a121b
16528	0x24a28d0	is_space_critter	0x358fba0	0x1a1234
16529	0x24a28b8	is_space_fauna_ship	0x358fcc0	0x1a124d
16530	0x24a2900	is_reanimated	0x358fde0	0x1a1266
16531	0x24a28e8	space_fauna_values	0x358ff00	0x1a127f
16532	0x24a2920	age_threshold	0x3590020	0x1a1298
16533	0x24a2910	culling_value	0x3590140	0x1a12b1
16534	0x24a2958	monthly_initial_breeding_chance	0x3590260	0x1a12ca
16535	0x24a2930	monthly_increased_breeding_chance	0x3590380	0x1a12e3
16536	0x24a2988	breeding_cooldown_months	0x35904a0	0x1a12fc
16537	0x24a2978	do_critters_age	0x35905c0	0x1a1315
16538	0x24a29b8	gfx_quality	0x35906e0	0x1a132e
16539	0x24a29a8	defensive_pact	0x3590800	0x1a1347
16540	0x24a29f0	action_form_non_aggression_pact	0x3590920	0x1a1360
16541	0x24a29c8	action_break_non_aggression_pact	0x3590a40	0x1a1379
16542	0x24a2a28	action_guarantee_independence	0x3590b60	0x1a1392
16543	0x24a2a10	action_break_guarantee	0x3590c80	0x1a13ab
16544	0x24a2a60	action_support_independence	0x3590da0	0x1a13c4
16545	0x24a2a48	action_break_support	0x3590ec0	0x1a13dd
16546	0x24a2a90	action_negotiate_existing_agreement	0x3590fe0	0x1a13f6
16547	0x24a2a80	defensive_pacts	0x3591100	0x1a140f
16548	0x24a2ac8	country_trust_growth	0x3591220	0x1a1428
16549	0x24a2ab8	receptive	0x3591340	0x1a1441
16550	0x24a2af0	is_neutral_to	0x3591460	0x1a145a
16551	0x24a2ae0	multispecies	0x3591580	0x1a1473
16552	0x24a2b20	extra_attacker	0x35916a0	0x1a148c
16553	0x24a2b00	diplomacy_influence_cost	0x35917c0	0x1a14a5
16554	0x24a2b48	trust	0x35918e0	0x1a14be
16555	0x24a2b30	requires_unanimous_vote	0x3591a00	0x1a14d7
16556	0x24a2b70	action_vote_for_federation_law	0x3591b20	0x1a14f0
16557	0x24a2b50	action_vote_for_federation_type	0x3591c40	0x1a1509
16558	0x24a2bb0	action_kick_from_alliance	0x3591d60	0x1a1522
16559	0x24a2b90	action_kick_from_federation	0x3591e80	0x1a153b
16560	0x24a2bf0	counts_for_victory	0x3591fa0	0x1a1554
16561	0x24a2bd0	action_form_migration_pact	0x35920c0	0x1a156d
16562	0x24a2c28	action_break_migration_pact	0x35921e0	0x1a1586
16563	0x24a2c08	action_form_waystation_pact	0x3592300	0x1a159f
16564	0x24a2c60	action_break_waystation_pact	0x3592420	0x1a15b8
16565	0x24a2c48	has_waystation_pact	0x3592540	0x1a15d1
16566	0x24a2c98	waystation_pact	0x3592660	0x1a15ea
16567	0x24a2c80	waystation_pacts	0x3592780	0x1a1603
16568	0x24a2cc0	random_traits	0x35928a0	0x1a161c
16569	0x24a2ca8	has_difficulty_bonuses	0x35929c0	0x1a1635
16570	0x24a2ce8	holy_planets	0x3592ae0	0x1a164e
16571	0x24a2cd0	is_conquest_type	0x3592c00	0x1a1667
16572	0x24a2d10	pop_peace_happiness	0x3592d20	0x1a1680
16573	0x24a2cf8	last_alliance_name	0x3592e40	0x1a1699
16574	0x24a2d38	only_for_gift	0x3592f60	0x1a16b2
16575	0x24a2d28	only_for_trade	0x3593080	0x1a16cb
16576	0x24a2d58	valid_leader	0x35931a0	0x1a16e4
16577	0x24a2d48	federation_type	0x35932c0	0x1a16fd
16578	0x24a2d78	perks	0x35933e0	0x1a1716
16579	0x24a2d68	max_experience	0x3593500	0x1a172f
16580	0x24a2da0	federation_progression	0x3593620	0x1a1748
16581	0x24a2d80	federation_experience_add	0x3593740	0x1a1761
16582	0x24a2dd8	cohesion_add	0x3593860	0x1a177a
16583	0x24a2db8	cohesion_ethics_penalty_mult	0x3593980	0x1a1793
16584	0x24a2df8	envoys_add	0x3593aa0	0x1a17ac
16585	0x24a2de8	base_cohesion	0x3593bc0	0x1a17c5
16586	0x24a2e30	cohesion	0x3593ce0	0x1a17de
16587	0x24a2e08	federation_fleet_contribution_factor	0x3593e00	0x1a17f7
16588	0x24a2e58	strongest	0x3593f20	0x1a1810
16589	0x24a2e40	diplomatic_weigh	0x3594040	0x1a1829
16590	0x24a2e78	psionic_battle	0x3594160	0x1a1842
16591	0x24a2e68	challenge	0x3594280	0x1a185b
16592	0x24a2ea0	status_change	0x35943a0	0x1a1874
16593	0x24a2e88	disallow_editing	0x35944c0	0x1a188d
16594	0x24a2ec0	merge_fleet	0x35945e0	0x1a18a6
16595	0x24a2eb0	auto_select	0x3594700	0x1a18bf
16596	0x24a2ee0	country_trust_cap_add	0x3594820	0x1a18d8
16597	0x24a2ed0	random_log_day	0x3594940	0x1a18f1
16598	0x24a2f10	immigrating_pop	0x3594a60	0x1a190a
16599	0x24a2ef8	use_full_regnal_name	0x3594b80	0x1a1923
16600	0x24a2f40	use_full_regnal_name_male	0x3594ca0	0x1a193c
16601	0x24a2f20	use_full_regnal_name_female	0x3594dc0	0x1a1955
16602	0x24a2f70	ship_hull_add	0x3594ee0	0x1a196e
16603	0x24a2f60	ship_hull_mult	0x3595000	0x1a1987
16604	0x24a2f90	ship_hull_damage_mult	0x3595120	0x1a19a0
16605	0x24a2f80	is_pathfind	0x3595240	0x1a19b9
16606	0x24a2fb0	uses_action	0x3595360	0x1a19d2
16607	0x24a2fa8	bypass	0x3595480	0x1a19eb
16608	0x24a2fd0	windup_time	0x35955a0	0x1a1a04
16609	0x24a2fc0	winddown_time	0x35956c0	0x1a1a1d
16610	0x24a3000	ftl_multiplier	0x35957e0	0x1a1a36
16611	0x24a2fe0	build_outside_gravity_well	0x3595900	0x1a1a4f
16612	0x24a3020	overlord_can_upgrade	0x3595a20	0x1a1a68
16613	0x24a3010	always_active	0x3595b40	0x1a1a81
16614	0x24a3048	on_accept_claim	0x3595c60	0x1a1a9a
16615	0x24a3038	liberate_claims	0x3595d80	0x1a1ab3
16616	0x24a3068	defender_default	0x3595ea0	0x1a1acc
16617	0x24a3058	occupation	0x3595fc0	0x1a1ae5
16618	0x24a30a0	last_succession_date	0x35960e0	0x1a1afe
16619	0x24a3080	only_leader_builds_fleets	0x3596200	0x1a1b17
16620	0x24a30d0	allow_subjects_to_join	0x3596320	0x1a1b30
16621	0x24a30b8	equal_voting_power	0x3596440	0x1a1b49
16622	0x24a30f8	federation_fleet_cap_add	0x3596560	0x1a1b62
16623	0x24a30e8	display_level	0x3596680	0x1a1b7b
16624	0x24a3130	unlocks_centralization	0x35967a0	0x1a1b94
16625	0x24a3118	required_centralization	0x35968c0	0x1a1bad
16626	0x24a3160	centralization	0x35969e0	0x1a1bc6
16627	0x24a3148	show_succession_date	0x3596b00	0x1a1bdf
16628	0x24a3180	no_vote	0x3596c20	0x1a1bf8
16629	0x24a3170	majority_vote	0x3596d40	0x1a1c11
16630	0x24a3198	unanimous_vote	0x3596e60	0x1a1c2a
16631	0x24a3188	vote_type	0x3596f80	0x1a1c43
16632	0x24a31b8	acceptance_type	0x35970a0	0x1a1c5c
16633	0x24a31a8	action_settings	0x35971c0	0x1a1c75
16634	0x24a31e0	free_migration	0x35972e0	0x1a1c8e
16635	0x24a31c8	members_modifier	0x3597400	0x1a1ca7
16636	0x24a3200	leader_modifier	0x3597520	0x1a1cc0
16637	0x24a31f0	on_activate	0x3597640	0x1a1cd9
16638	0x24a3228	on_deactivate	0x3597760	0x1a1cf2
16639	0x24a3210	former_federation_fleet	0x3597880	0x1a1d0b
16640	0x24a3248	advanced_start	0x35979a0	0x1a1d24
16641	0x24a3238	tooltip_desc	0x3597ac0	0x1a1d3d
16642	0x24a3260	tooltip_reason	0x3597be0	0x1a1d56
16643	0x24a3258	reason	0x3597d00	0x1a1d6f
16644	0x24a3288	name_list_category	0x3597e20	0x1a1d88
16645	0x24a3270	dlc_recommendation	0x3597f40	0x1a1da1
16646	0x24a32b0	complete_tutorial_step	0x3598060	0x1a1dba
16647	0x24a32a0	stockpile	0x3598180	0x1a1dd3
16648	0x24a32d0	stockpile_resources	0x35982a0	0x1a1dec
16649	0x24a32c8	early	0x35983c0	0x1a1e05
16650	0x24a32f0	middle	0x35984e0	0x1a1e1e
16651	0x24a32e8	subplan	0x3598600	0x1a1e37
16652	0x24a3310	optional	0x3598720	0x1a1e50
16653	0x24a32f8	pop_decline_rate	0x3598840	0x1a1e69
16654	0x24a3340	pop_purge_speed	0x3598960	0x1a1e82
16655	0x24a3320	hidden_in_message_settings	0x3598a80	0x1a1e9b
16656	0x24a3368	cvaa_settings	0x3598ba0	0x1a1eb4
16657	0x24a3350	cvaa_tts_enabled	0x3598cc0	0x1a1ecd
16658	0x24a3390	cvaa_stt_enabled	0x3598de0	0x1a1ee6
16659	0x24a3378	cvaa_chat_visual_alerts	0x3598f00	0x1a1eff
16660	0x24a33b8	cvaa_stt_hotkey_enabled	0x3599020	0x1a1f18
16661	0x24a33a8	cvaa_stt_hotkey	0x3599140	0x1a1f31
16662	0x24a33e8	cvaa_chat_large_fonts	0x3599260	0x1a1f4a
16663	0x247ab88	mouse_side_button_mode	0x3599380	0x1a1f63
16664	0x247aba0	general_tts_enabled	0x35994a0	0x1a1f7c
16665	0x24a33d0	hotkey_activation_delay	0x35995c0	0x1a1f95
16666	0x24a3418	hotkey_actualization_delay	0x35996e0	0x1a1fae
16667	0x24a3400	owned_species_refs	0x3599800	0x1a1fc7
16668	0x24a3448	enslaved_species_refs	0x3599920	0x1a1fe0
16669	0x24a3438	species_refs	0x3599a40	0x1a1ff9
16670	0x24a3478	apply_terms	0x3599b60	0x1a2012
16671	0x24a3460	growth_species_ref	0x3599c80	0x1a202b
16672	0x24a34a0	declining_species_ref	0x3599da0	0x1a2044
16673	0x24a3488	assembling_species_ref	0x3599ec0	0x1a205d
16674	0x24a34d8	forced_growth_species_ref	0x3599fe0	0x1a2076
16675	0x24a34b8	forced_declining_species_ref	0x359a100	0x1a208f
16676	0x24a3510	forced_assembling_species_ref	0x359a220	0x1a20a8
16677	0x24a34f8	founder_species_ref	0x359a340	0x1a20c1
16678	0x24a3538	recalc_pops	0x359a460	0x1a20da
16679	0x24a3530	same	0x359a580	0x1a20f3
16680	0x24a355c	ally	0x359a6a0	0x1a210c
16681	0x24a3548	built_species_ref	0x359a7c0	0x1a2125
16682	0x24a3578	base_ref	0x359a8e0	0x1a213e
16683	0x24a3568	species_db	0x359aa00	0x1a2157
16684	0x24a3598	species_templates_ref	0x359ab20	0x1a2170
16685	0x24a3588	species_one_ref	0x359ac40	0x1a2189
16686	0x24a35c8	species_two_ref	0x359ad60	0x1a21a2
16687	0x24a35b0	half_species_ref	0x359ae80	0x1a21bb
16688	0x24a35f0	last_created_species_ref	0x359afa0	0x1a21d4
16689	0x24a35d8	espionage_manager	0x359b0c0	0x1a21ed
16690	0x24a3620	spy_networks	0x359b1e0	0x1a2206
16691	0x24a3610	spy_network	0x359b300	0x1a221f
16692	0x24a3640	espionage_assets	0x359b420	0x1a2238
16693	0x24a3630	situations	0x359b540	0x1a2251
16694	0x24a3678	assigned_assets	0x359b660	0x1a226a
16695	0x24a3658	original_merge_fleet_target	0x359b780	0x1a2283
16696	0x24a36a8	stored_assets	0x359b8a0	0x1a229c
16697	0x24a3688	always_valid_target_aggressive	0x359b9c0	0x1a22b5
16698	0x24a36d8	does_first_contact_sites	0x359bae0	0x1a22ce
16699	0x24a36b8	enable_3dview_in_ship_browser	0x359bc00	0x1a22e7
16700	0x24a3720	action_add_imperial_council_member	0x359bd20	0x1a2300
16701	0x24a36f8	action_remove_imperial_council_member	0x359be40	0x1a2319
16702	0x24a3768	action_reveal_presence	0x359bf60	0x1a2332
16703	0x24a3748	action_societal_enlightenment	0x359c080	0x1a234b
16704	0x24a37a8	action_stop_societal_enlightenment	0x359c1a0	0x1a2364
16705	0x24a3780	action_open_technological_enlightenment	0x359c2c0	0x1a237d
16706	0x24a3800	action_stop_open_technological_enlightenment	0x359c3e0	0x1a2396
16707	0x24a37d0	action_stratified_technological_enlightenment	0x359c500	0x1a23af
16708	0x24a3848	action_stop_stratified_technological_enlightenment	0x359c620	0x1a23c8
16709	0x24a3830	action_pre_ftl_trade	0x359c740	0x1a23e1
16710	0x24a3890	action_stop_pre_ftl_trade	0x359c860	0x1a23fa
16711	0x24a3880	acquainted_with	0x359c980	0x1a2413
16712	0x24a38e0	is_under_societal_enlightenment	0x359caa0	0x1a242c
16713	0x24a38b0	is_under_open_technological_enlightenment	0x359cbc0	0x1a2445
16714	0x24a3918	is_under_stratified_technological_enlightenment	0x359cce0	0x1a245e
16715	0x24a3900	has_pre_ftl_trade	0x359ce00	0x1a2477
16716	0x24a3970	emperor_can_change_council_members	0x359cf20	0x1a2490
16717	0x24a3948	set_emperor_can_change_council_members	0x359d040	0x1a24a9
16718	0x24a39b8	track_event_chain_command	0x359d160	0x1a24c2
16719	0x24a3998	track_first_contact_command	0x359d280	0x1a24db
16720	0x24a39f0	track_astral_rift_command	0x359d3a0	0x1a24f4
16721	0x24a39d8	track_situation_command	0x359d4c0	0x1a250d
16722	0x24a3a20	desc_clear	0x359d5e0	0x1a2526
16723	0x24a3a10	option_clear	0x359d700	0x1a253f
16724	0x24a3a40	picture_clear	0x359d820	0x1a2558
16725	0x24a3a30	trigger_clear	0x359d940	0x1a2571
16726	0x24a3a60	show_sound_clear	0x359da60	0x1a258a
16727	0x24a3a50	hyper_relay	0x359db80	0x1a25a3
16728	0x24a3a90	hyper_relay_ruined	0x359dca0	0x1a25bc
16729	0x24a3a78	hyper_relay_restored	0x359ddc0	0x1a25d5
16730	0x24a3ac0	quantum_catapult_windup_order	0x359dee0	0x1a25ee
16731	0x24a3aa8	catapult_spread_base	0x359e000	0x1a2607
16732	0x24a3af8	catapult_spread_mult	0x359e120	0x1a2620
16733	0x24a3ae0	catapult_range_base	0x359e240	0x1a2639
16734	0x24a3b20	catapult_range_mult	0x359e360	0x1a2652
16735	0x24a3b10	fleets_manager	0x359e480	0x1a266b
16736	0x24a3b48	ownership_status	0x359e5a0	0x1a2684
16737	0x24a3b38	lease_period	0x359e6c0	0x1a269d
16738	0x24a3b6c	debtor	0x359e7e0	0x1a26b6
16739	0x24a3b60	leased_out	0x359e900	0x1a26cf
16740	0x24a3b98	tree_template	0x359ea20	0x1a26e8
16741	0x24a3b78	defense_platform_modifier	0x359eb40	0x1a2701
16742	0x24a3bb8	allowed_planet_classes	0x359ec60	0x1a271a
16743	0x24a3ba8	custom_design	0x359ed80	0x1a2733
16744	0x24a3bf0	fire_and_forget	0x359eea0	0x1a274c
16745	0x24a3bd0	diplo_action_acceptance_add	0x359efc0	0x1a2765
16746	0x24a3c18	paid	0x359f0e0	0x1a277e
16747	0x24a3c00	use_hostilities_from	0x359f200	0x1a2797
16748	0x24a3c30	current_stage	0x359f320	0x1a27b0
16749	0x24a3c20	on_first_enter	0x359f440	0x1a27c9
16750	0x24a3c50	on_enter	0x359f560	0x1a27e2
16751	0x24a3c40	stage_flags	0x359f680	0x1a27fb
16752	0x24a3c70	severity_flags	0x359f7a0	0x1a2814
16753	0x24a3c60	ascension_tier	0x359f8c0	0x1a282d
16754	0x24a3ca0	increase_planetary_ascension_tier	0x359f9e0	0x1a2846
16755	0x24a3c80	planetary_ascension_effect_mult	0x359fb00	0x1a285f
16756	0x24a3ce8	planetary_ascension_cost_mult	0x359fc20	0x1a2878
16757	0x24a3cc8	delegate_cohesion_effect_mult	0x359fd40	0x1a2891
16758	0x24a3d28	set_situation_approach_command	0x359fe60	0x1a28aa
16759	0x24a3d08	has_seen_help_menu_options_tour	0x359ff80	0x1a28c3
16760	0x24a3d58	completed_tutorial_missions	0x35a00a0	0x1a28dc
16761	0x24a3d48	give_fleet	0x35a01c0	0x1a28f5
16762	0x24a3d90	prolong_fleet_contract	0x35a02e0	0x1a290e
16763	0x24a3d78	set_fleet_settings	0x35a0400	0x1a2927
16764	0x24a3db8	is_leased	0x35a0520	0x1a2940
16765	0x24a3da8	lease_days	0x35a0640	0x1a2959
16766	0x24a3dd8	limited_military_construction	0x35a0760	0x1a2972
16767	0x24a3dc8	limited_leaders	0x35a0880	0x1a298b
16768	0x24a3e10	ship_repair_hull_mult	0x35a09a0	0x1a29a4
16769	0x24a3df8	ship_repair_armor_mult	0x35a0ac0	0x1a29bd
16770	0x24a3e38	discrete_terms	0x35a0be0	0x1a29d6
16771	0x24a3e28	resource_terms	0x35a0d00	0x1a29ef
16772	0x24a3e68	can_subject_be_integrated	0x35a0e20	0x1a2a08
16773	0x24a3e48	can_subject_do_diplomacy	0x35a0f40	0x1a2a21
16774	0x24a3ea0	can_subject_expand	0x35a1060	0x1a2a3a
16775	0x24a3e88	can_subject_vote	0x35a1180	0x1a2a53
16776	0x24a3ec8	lost_control	0x35a12a0	0x1a2a6c
16777	0x24a3eb8	preferred_ethic	0x35a13c0	0x1a2a85
16778	0x24a3ef8	base_conversion_time	0x35a14e0	0x1a2a9e
16779	0x24a3ed8	subject_conversion_process	0x35a1600	0x1a2ab7
16780	0x24a3f38	holding_planets	0x35a1720	0x1a2ad0
16781	0x24a3f10	has_cooldown_on_first_renegotiation	0x35a1840	0x1a2ae9
16782	0x24a3f58	forced_initial_loyalty	0x35a1960	0x1a2b02
16783	0x24a3f48	monthly_loyalty	0x35a1a80	0x1a2b1b
16784	0x24a3f98	monthly_loyalty_from_subjects	0x35a1ba0	0x1a2b34
16785	0x24a3f70	monthly_loyalty_from_synthetic_subjects	0x35a1cc0	0x1a2b4d
16786	0x24a3fc8	monthly_loyalty_from_organic_subjects	0x35a1de0	0x1a2b66
16787	0x24a3fb8	has_loyalty	0x35a1f00	0x1a2b7f
16788	0x24a4018	has_monthly_loyalty	0x35a2020	0x1a2b98
16789	0x24a3ff0	construction_blocks_and_blocked_by	0x35a2140	0x1a2bb1
16790	0x24a4040	multi_stage_type	0x35a2260	0x1a2bca
16791	0x24a4030	self_type	0x35a2380	0x1a2be3
16792	0x24a4068	subsidy_multiplier	0x35a24a0	0x1a2bfc
16793	0x24a4058	user_data	0x35a25c0	0x1a2c15
16794	0x24a4090	force_valid_vote_command	0x35a26e0	0x1a2c2e
16795	0x24a4080	offer_types	0x35a2800	0x1a2c47
16796	0x24a40d0	offer_undefined	0x35a2920	0x1a2c60
16797	0x24a40b0	offer_hire_mercenary_fleet	0x35a2a40	0x1a2c79
16798	0x24a40f8	offer_prolong_fleet_contract	0x35a2b60	0x1a2c92
16799	0x24a40e0	ownership_limits	0x35a2c80	0x1a2cab
16800	0x24a4128	ship_of_size_limits	0x35a2da0	0x1a2cc4
16801	0x24a4118	ship_types	0x35a2ec0	0x1a2cdd
16802	0x24a4150	naval_cap_fraction	0x35a2fe0	0x1a2cf6
16803	0x24a4140	hull_scale	0x35a3100	0x1a2d0f
16804	0x24a4180	ordered_by	0x35a3220	0x1a2d28
16805	0x24a4168	progress_direction	0x35a3340	0x1a2d41
16806	0x24a41a0	monodirectional	0x35a3460	0x1a2d5a
16807	0x24a4190	bidirectional	0x35a3580	0x1a2d73
16808	0x24a41c8	complete_icon	0x35a36a0	0x1a2d8c
16809	0x24a41b0	complete_icon_frame	0x35a37c0	0x1a2da5
16810	0x24a41e8	fail_icon	0x35a38e0	0x1a2dbe
16811	0x24a41d8	fail_icon_frame	0x35a3a00	0x1a2dd7
16812	0x24a4210	wpo_animation_scale	0x35a3b20	0x1a2df0
16813	0x24a41f8	wpo_animation_big_scale	0x35a3c40	0x1a2e09
16814	0x24a4240	wpo_animation_speed	0x35a3d60	0x1a2e22
16815	0x24a4228	wpo_animation_direction	0x35a3e80	0x1a2e3b
16816	0x24a4258	wpo_animation_offset_strength	0x35a3fa0	0x1a2e54
16817	0x24a4254	VFX	0x35a40c0	0x1a2e6d
16818	0x24a4288	tooltip_mode	0x35a41e0	0x1a2e86
16819	0x24a4278	mouse_tendency	0x35a4300	0x1a2e9f
16820	0x24a42a8	lock_action	0x35a4420	0x1a2eb8
16821	0x24a4298	lock_timer	0x35a4540	0x1a2ed1
16822	0x24a42d8	icon_background	0x35a4660	0x1a2eea
16823	0x24a42b8	habitability_ceil_uncapped_add	0x35a4780	0x1a2f03
16824	0x24a4300	habitability_floor_add	0x35a48a0	0x1a2f1c
16825	0x24a42e8	habitability_floor_mult	0x35a49c0	0x1a2f35
16826	0x24a4330	habitability_ceil_add	0x35a4ae0	0x1a2f4e
16827	0x24a4318	habitability_ceil_mult	0x35a4c00	0x1a2f67
16828	0x24a4370	update_gui_presence_command	0x35a4d20	0x1a2f80
16829	0x24a4348	request_to_update_gui_presence_command	0x35a4e40	0x1a2f99
16830	0x24a43c8	initialize_gui_presence_command	0x35a4f60	0x1a2fb2
16831	0x24a4390	request_to_initialize_hotjoin_gui_presence_command	0x35a5080	0x1a2fcb
16832	0x24a43f8	can_trade_leader	0x35a51a0	0x1a2fe4
16833	0x24a43e8	can_trade_fleet	0x35a52c0	0x1a2ffd
16834	0x24a4428	actual_target	0x35a53e0	0x1a3016
16835	0x24a4410	job_weights_cache	0x35a5500	0x1a302f
16836	0x24a4458	citizenship_shroud_touched	0x35a5620	0x1a3048
16837	0x24a4438	living_standard_protected	0x35a5740	0x1a3061
16838	0x24a4484	basic	0x35a5860	0x1a307a
16839	0x24a4478	advanced	0x35a5980	0x1a3093
16840	0x24a4498	strategic	0x35a5aa0	0x1a30ac
16841	0x24a448c	other	0x35a5bc0	0x1a30c5
16842	0x24a44b8	space_critter	0x35a5ce0	0x1a30de
16843	0x24a44a8	cloaking_status	0x35a5e00	0x1a30f7
16844	0x24a44d0	cloaked	0x35a5f20	0x1a3110
16845	0x24a44c8	mixed	0x35a6040	0x1a3129
16846	0x24a44f0	encamped	0x35a6160	0x1a3142
16847	0x24a44d8	message_setting_key	0x35a6280	0x1a315b
16848	0x24a4510	alert_setting_key	0x35a63a0	0x1a3174
16849	0x24a4500	not_cloaked	0x35a64c0	0x1a318d
16850	0x24a4540	activate_cloaking	0x35a65e0	0x1a31a6
16851	0x24a4528	deactivate_cloaking	0x35a6700	0x1a31bf
16852	0x24a4570	can_cloak	0x35a6820	0x1a31d8
16853	0x24a4558	cloaking_strength	0x35a6940	0x1a31f1
16854	0x24a4598	random_blocker	0x35a6a60	0x1a320a
16855	0x24a4580	random_nonblocker	0x35a6b80	0x1a3223
16856	0x24a45b8	completion_sound	0x35a6ca0	0x1a323c
16857	0x24a45a8	orbital_line	0x35a6dc0	0x1a3255
16858	0x24a45f0	orbit_distance_from_parent	0x35a6ee0	0x1a326e
16859	0x24a45d0	has_independent_orbital_line	0x35a7000	0x1a3287
16860	0x24a4618	initiator	0x35a7120	0x1a32a0
16861	0x24a460c	broken	0x35a7240	0x1a32b9
16862	0x24a4638	cloaking_animation_progress	0x35a7360	0x1a32d2
16863	0x24a4628	awareness	0x35a7480	0x1a32eb
16864	0x24a4678	unlock_astral_threads_actions	0x35a75a0	0x1a3304
16865	0x24a4658	unlock_astral_rift_exploration	0x35a76c0	0x1a331d
16866	0x24a46b8	unlock_gravity_snares	0x35a77e0	0x1a3336
16867	0x24a4698	unlock_containment_vessels	0x35a7900	0x1a334f
16868	0x24a46e4	rifts	0x35a7a20	0x1a3368
16869	0x24a46d0	astral_rift_event	0x35a7b40	0x1a3381
16870	0x24a4710	astral_rift_event_pool	0x35a7c60	0x1a339a
16871	0x24a46f0	fill_astral_rift_event_pool	0x35a7d80	0x1a33b3
16872	0x24a4738	astral_rifts	0x35a7ea0	0x1a33cc
16873	0x24a4728	astral_rift	0x35a7fc0	0x1a33e5
16874	0x24a4758	astral_rift_orbitals	0x35a80e0	0x1a33fe
16875	0x24a4748	astral_scar	0x35a8200	0x1a3417
16876	0x24a4788	bypass_event	0x35a8320	0x1a3430
16877	0x24a4770	create_astral_rift	0x35a8440	0x1a3449
16878	0x24a47b8	mia_explore_astral_rift	0x35a8560	0x1a3462
16879	0x24a4798	country_astral_rift_speed_mult	0x35a8680	0x1a347b
16880	0x24a47f0	country_astral_rift_fail_mult	0x35a87a0	0x1a3494
16881	0x24a47d0	ship_astral_rift_clues_add	0x35a88c0	0x1a34ad
16882	0x24a4830	ship_astral_rift_speed_mult	0x35a89e0	0x1a34c6
16883	0x24a4810	astral_rift_difficulty_add	0x35a8b00	0x1a34df
16884	0x24a4860	target_astral_rift	0x35a8c20	0x1a34f8
16885	0x24a4850	interactable	0x35a8d40	0x1a3511
16886	0x24a4888	explorable	0x35a8e60	0x1a352a
16887	0x24a4878	explorer_fleet	0x35a8f80	0x1a3543
16888	0x24a48c0	explore_astral_rift_fleet_order	0x35a90a0	0x1a355c
16889	0x24a4898	explore_astral_rift_fleet_order_command	0x35a91c0	0x1a3575
16890	0x24a4900	finish_astral_rift	0x35a92e0	0x1a358e
16891	0x24a48e0	set_next_astral_rift_event	0x35a9400	0x1a35a7
16892	0x24a4938	fail_probability	0x35a9520	0x1a35c0
16893	0x24a4918	cumulated_fail_probability	0x35a9640	0x1a35d9
16894	0x24a4960	are_pre_ftls_unaware	0x35a9760	0x1a35f2
16895	0x24a4950	next_age	0x35a9880	0x1a360b
16896	0x24a4988	preftl_age	0x35a99a0	0x1a3624
16897	0x24a4978	ship_limit	0x35a9ac0	0x1a363d
16898	0x24a49a8	blocked_by	0x35a9be0	0x1a3656
16899	0x24a4998	old_awareness	0x35a9d00	0x1a366f
16900	0x24a49c8	non_pre_ftl_portraits	0x35a9e20	0x1a3688
16901	0x24a49b8	random_pre_ftl	0x35a9f40	0x1a36a1
16902	0x24a49f0	waiting_for_explorer	0x35aa060	0x1a36ba
16903	0x24a49e0	event_choice	0x35aa180	0x1a36d3
16904	0x24a4a20	queue_mode	0x35aa2a0	0x1a36ec
16905	0x24a4a08	starting_potential	0x35aa3c0	0x1a3705
16906	0x24a4a48	astral_jump_order	0x35aa4e0	0x1a371e
16907	0x24a4a30	astral_jump_cooldown	0x35aa600	0x1a3737
16908	0x24a4a78	last_astral_jump_date	0x35aa720	0x1a3750
16909	0x24a4a60	phase_fleet_order	0x35aa840	0x1a3769
16910	0x24a4aa8	phase_fleet_cooldown	0x35aa960	0x1a3782
16911	0x24a4a90	last_phase_fleet_date	0x35aaa80	0x1a379b
16912	0x24a4ad0	mia_phase_out_fleet	0x35aaba0	0x1a37b4
16913	0x24a4ac0	mia_fleet_eaten	0x35aacc0	0x1a37cd
16914	0x24a4af8	sneak_attacker	0x35aade0	0x1a37e6
16915	0x24a4ae8	aging_frozen	0x35aaf00	0x1a37ff
16916	0x24a4b18	days_frozen	0x35ab020	0x1a3818
16917	0x24a4b08	lock_country	0x35ab140	0x1a3831
16918	0x24a4b38	lock_remaining_days	0x35ab260	0x1a384a
16919	0x24a4b28	is_manual_lock	0x35ab380	0x1a3863
16920	0x24a4b68	is_map_color_set	0x35ab4a0	0x1a387c
16921	0x24a4b50	can_lock_be_renewed	0x35ab5c0	0x1a3895
16922	0x24a4ba0	merge_on_arrive	0x35ab6e0	0x1a38ae
16923	0x24a4b80	set_capital_from_species	0x35ab800	0x1a38c7
16924	0x24a4bd8	is_insight	0x35ab920	0x1a38e0
16925	0x24a4bb0	insight_tech_research_speed_mult	0x35aba40	0x1a38f9
16926	0x24a4c00	insight_tech_draw_chance_mult	0x35abb60	0x1a3912
16927	0x24a4be8	is_custom_tech_1	0x35abc80	0x1a392b
16928	0x24a4c38	is_custom_tech_2	0x35abda0	0x1a3944
16929	0x24a4c20	is_custom_tech_3	0x35abec0	0x1a395d
16930	0x24a4c70	custom_tech_1_research_speed_mult	0x35abfe0	0x1a3976
16931	0x24a4c50	custom_tech_1_draw_chance_mult	0x35ac100	0x1a398f
16932	0x24a4cb8	custom_tech_2_research_speed_mult	0x35ac220	0x1a39a8
16933	0x24a4c98	custom_tech_2_draw_chance_mult	0x35ac340	0x1a39c1
16934	0x24a4d00	custom_tech_3_research_speed_mult	0x35ac460	0x1a39da
16935	0x24a4ce0	custom_tech_3_draw_chance_mult	0x35ac580	0x1a39f3
16936	0x24a4d4c	crisis	0x35ac6a0	0x1a3a0c
16937	0x24a4d28	open_player_event_selection_history	0x35ac7c0	0x1a3a25
16938	0x24a4d78	can_be_renamed_by	0x35ac8e0	0x1a3a3e
16939	0x24a4d58	can_build_station_around	0x35aca00	0x1a3a57
16940	0x24a4db8	can_build_mining_station_around	0x35acb20	0x1a3a70
16941	0x24a4d90	can_build_research_station_around	0x35acc40	0x1a3a89
16942	0x24a4e00	can_build_military_station_around	0x35acd60	0x1a3aa2
16943	0x24a4dd8	can_build_observation_station_around	0x35ace80	0x1a3abb
16944	0x24a4e40	can_build_starbase_around	0x35acfa0	0x1a3ad4
16945	0x24a4e28	track_all_situations	0x35ad0c0	0x1a3aed
16946	0x24a4e80	track_all_situations_command	0x35ad1e0	0x1a3b06
16947	0x24a4e60	action_open_pre_ftl_homeworld	0x35ad300	0x1a3b1f
16948	0x24a4ea8	portrait_evolution	0x35ad420	0x1a3b38
16949	0x24a4ea0	mask	0x35ad540	0x1a3b51
16950	0x24a4ed4	decal	0x35ad660	0x1a3b6a
16951	0x24a4ec0	evolution_stages	0x35ad780	0x1a3b83
16952	0x24a4ef8	evolution_mask	0x35ad8a0	0x1a3b9c
16953	0x24a4ee0	default_mask_pair	0x35ad9c0	0x1a3bb5
16954	0x24a4f18	mask_baking_color_bits	0x35adae0	0x1a3bce
16955	0x24a4f08	mask_color	0x35adc00	0x1a3be7
16956	0x24a4f50	has_inworld_capital	0x35add20	0x1a3c00
16957	0x24a4f30	has_relative_economy_power	0x35ade40	0x1a3c19
16958	0x24a4f78	can_trade_sensor	0x35adf60	0x1a3c32
16959	0x24a4f68	can_trade_favor	0x35ae080	0x1a3c4b
16960	0x24a4fb0	can_see_astral_rift	0x35ae1a0	0x1a3c64
16961	0x24a4f90	can_interact_with_astral_rift	0x35ae2c0	0x1a3c7d
16962	0x24a4fe8	can_explore_astral_rift	0x35ae3e0	0x1a3c96
16963	0x24a4fc8	can_leader_explore_astral_rift	0x35ae500	0x1a3caf
16964	0x247aa60	message_settings	0x35ae620	0x1a3cc8
16965	0x24a5014	alert	0x35ae740	0x1a3ce1
16966	0x247aac0	popup	0x35ae860	0x1a3cfa
16967	0x24a5000	can_leader_be_ruler	0x35ae980	0x1a3d13
16968	0x24a5030	can_leader_be_councilor	0x35aeaa0	0x1a3d2c
16969	0x24a5020	unlock_cost	0x35aebc0	0x1a3d45
16970	0x24a5060	activation_cost	0x35aece0	0x1a3d5e
16971	0x24a5048	unlock_threshold	0x35aee00	0x1a3d77
16972	0x24a507c	usages	0x35aef20	0x1a3d90
16973	0x24a5070	unlockable	0x35af040	0x1a3da9
16974	0x24a5098	allow_unlock	0x35af160	0x1a3dc2
16975	0x24a5088	is_exhausted	0x35af280	0x1a3ddb
16976	0x24a50b8	astral_action	0x35af3a0	0x1a3df4
16977	0x24a50a8	astral_actions	0x35af4c0	0x1a3e0d
16978	0x24a50e0	activate_astral_action_command	0x35af5e0	0x1a3e26
16979	0x24a50c8	next_usable_date	0x35af700	0x1a3e3f
16980	0x24a5118	astral_actions_usage_states_array	0x35af820	0x1a3e58
16981	0x24a5100	uses_custom_cooldown	0x35af940	0x1a3e71
16982	0x24a5150	is_waiting_for_cooldown_to_start	0x35afa60	0x1a3e8a
16983	0x24a5140	active_tooltip	0x35afb80	0x1a3ea3
16984	0x24a51a0	hide_option_if_not_allowed	0x35afca0	0x1a3ebc
16985	0x24a5178	formless_military_minister_module	0x35afdc0	0x1a3ed5
16986	0x24a51d0	notification_duration	0x35afee0	0x1a3eee
16987	0x24a51c0	spawn_sound	0x35b0000	0x1a3f07
16988	0x247abb8	tooltip_tts_enabled	0x35b0120	0x1a3f20
16989	0x24a5210	add_unusable_resource_command	0x35b0240	0x1a3f39
16990	0x24a51e8	remove_unusable_resource_command	0x35b0360	0x1a3f52
16991	0x24a5240	automation_resources	0x35b0480	0x1a3f6b
16992	0x24a5230	range_planet	0x35b05a0	0x1a3f84
16993	0x24a5268	range_sector	0x35b06c0	0x1a3f9d
16994	0x24a5258	range_empire	0x35b07e0	0x1a3fb6
16995	0x24a5290	default_popup	0x35b0900	0x1a3fcf
16996	0x24a5278	dirty_expand_strategy	0x35b0a20	0x1a3fe8
16997	0x24a52b8	set_expansion_flag	0x35b0b40	0x1a4001
16998	0x24a52a0	dynamic_capacity	0x35b0c60	0x1a401a
16999	0x24a52f0	send_gravity_snare_command	0x35b0d80	0x1a4033
17000	0x24a52d0	send_gravity_snare_order	0x35b0ea0	0x1a404c
17001	0x24a5330	capture_space_critter_command	0x35b0fc0	0x1a4065
17002	0x24a5310	capture_space_critter_order	0x35b10e0	0x1a407e
17003	0x24a5358	can_take_orders	0x35b1200	0x1a4097
17004	0x24a5350	remove	0x35b1320	0x1a40b0
17005	0x24a5380	capturing	0x35b1440	0x1a40c9
17006	0x24a5368	alternate_civic_version	0x35b1560	0x1a40e2
17007	0x24a53a8	astral_rifts_explored	0x35b1680	0x1a40fb
17008	0x24a5390	can_bypass_be_locked	0x35b17a0	0x1a4114
17009	0x24a53e0	set_astral_rift_event_effects_command	0x35b18c0	0x1a412d
17010	0x24a53c0	assign_leader_in_view_command	0x35b19e0	0x1a4146
17011	0x24a5420	view_to_assign_to	0x35b1b00	0x1a415f
17012	0x24a5408	custom_usage_tooltip	0x35b1c20	0x1a4178
17013	0x24a5450	add_unscaled_value_to_tooltip	0x35b1d40	0x1a4191
17014	0x24a5438	scaled_value_key	0x35b1e60	0x1a41aa
17015	0x24a5480	opener_id	0x35b1f80	0x1a41c3
17016	0x24a5470	leader_flags	0x35b20a0	0x1a41dc
17017	0x24a54b8	can_be_assigned_to_federation	0x35b21c0	0x1a41f5
17018	0x24a5490	can_be_assigned_to_galactic_community	0x35b22e0	0x1a420e
17019	0x24a54e8	ai_hiring_weight	0x35b2400	0x1a4227
17020	0x24a54d8	is_subclass	0x35b2520	0x1a4240
17021	0x24a5520	leader_starting_age_add	0x35b2640	0x1a4259
17022	0x24a5500	leader_starting_age_mult	0x35b2760	0x1a4272
17023	0x24a5550	ruler_starting_age_add	0x35b2880	0x1a428b
17024	0x24a5538	ruler_starting_age_mult	0x35b29a0	0x1a42a4
17025	0x24a5580	heir_starting_age_add	0x35b2ac0	0x1a42bd
17026	0x24a5568	heir_starting_age_mult	0x35b2be0	0x1a42d6
17027	0x24a55a8	replaces_old_class	0x35b2d00	0x1a42ef
17028	0x24a5598	delegate	0x35b2e20	0x1a4308
17029	0x24a55d8	physics_tech_cost_mult	0x35b2f40	0x1a4321
17030	0x24a55c0	society_tech_cost_mult	0x35b3060	0x1a433a
17031	0x24a5600	engineering_tech_cost_mult	0x35b3180	0x1a4353
17032	0x24a55f0	emissaries	0x35b32a0	0x1a436c
17033	0x24a5640	decrease_imperial_authority	0x35b33c0	0x1a4385
17034	0x24a5620	increase_imperial_authority	0x35b34e0	0x1a439e
17035	0x24a5678	change_leader_assignment_command	0x35b3600	0x1a43b7
17036	0x24a5660	contains_modifier	0x35b3720	0x1a43d0
17037	0x24a56c8	ai_location_weight	0x35b3840	0x1a43e9
17038	0x24a56a0	moddable_conditions_custom_tooltip	0x35b3960	0x1a4402
17039	0x24a56f0	ship_military_speed_mult	0x35b3a80	0x1a441b
17040	0x24a56e0	fog_machine	0x35b3ba0	0x1a4434
17041	0x24a5720	cloud_type	0x35b3cc0	0x1a444d
17042	0x24a5710	auto_tracking	0x35b3de0	0x1a4466
17043	0x24a5740	diffuse_texture	0x35b3f00	0x1a447f
17044	0x24a5730	opacity_texture	0x35b4020	0x1a4498
17045	0x24a5770	lightning_texture_atlas	0x35b4140	0x1a44b1
17046	0x24a5750	lightning_horisontal_tiles	0x35b4260	0x1a44ca
17047	0x24a5798	lightning_vertical_tiles	0x35b4380	0x1a44e3
17048	0x24a5788	initial_size	0x35b44a0	0x1a44fc
17049	0x24a57c8	min_size	0x35b45c0	0x1a4515
17050	0x24a57b8	max_size	0x35b46e0	0x1a452e
17051	0x24a57e8	size_change_speed	0x35b4800	0x1a4547
17052	0x24a57d8	min_opacity	0x35b4920	0x1a4560
17053	0x24a5818	max_opacity	0x35b4a40	0x1a4579
17054	0x24a5800	opacity_change_speed	0x35b4b60	0x1a4592
17055	0x24a5840	lightning_intencity_min	0x35b4c80	0x1a45ab
17056	0x24a5828	lightning_intencity_max	0x35b4da0	0x1a45c4
17057	0x24a5870	lightning_duration_min	0x35b4ec0	0x1a45dd
17058	0x24a5858	lightning_duration_max	0x35b4fe0	0x1a45f6
17059	0x24a58a8	lightning_switch_interval_min	0x35b5100	0x1a460f
17060	0x24a5888	lightning_switch_interval_max	0x35b5220	0x1a4628
17061	0x24a58e0	counter_rotation_speed	0x35b5340	0x1a4641
17062	0x24a58c8	size_change_reversion	0x35b5460	0x1a465a
17063	0x24a5910	opacity_change_reversion	0x35b5580	0x1a4673
17064	0x24a58f8	ship_science_speed_mult	0x35b56a0	0x1a468c
17065	0x24a5958	can_ai_assign_governor	0x35b57c0	0x1a46a5
17066	0x24a5930	should_ai_support_galactic_empire	0x35b58e0	0x1a46be
17067	0x24a5990	should_ai_undermine_galactic_empire	0x35b5a00	0x1a46d7
17068	0x24a5970	paragon_background_selector	0x35b5b20	0x1a46f0
17069	0x24a59d0	start_oos_resync	0x35b5c40	0x1a4709
17070	0x24a59b8	file_transfer_started	0x35b5d60	0x1a4722
17071	0x24a5a00	doom_clock_is_shown	0x35b5e80	0x1a473b
17072	0x24a59e8	crisis_name_is_shown	0x35b5fa0	0x1a4754
17073	0x24a5a30	crisis_flag_is_shown	0x35b60c0	0x1a476d
17074	0x24a5a18	crisis_opinion_is_shown	0x35b61e0	0x1a4786
17075	0x24a5a68	centric	0x35b6300	0x1a479f
17076	0x24a5a48	crisis_conversation_speech	0x35b6420	0x1a47b8
17077	0x24a5a98	human_ids	0x35b6540	0x1a47d1
17078	0x24a5a70	post_load_sync_country_humans_command	0x35b6660	0x1a47ea
17079	0x24a5aac	storm	0x35b6780	0x1a4803
17080	0x24a5aa4	storms	0x35b68a0	0x1a481c
17081	0x24a5ad0	storm_influence_field	0x35b69c0	0x1a4835
17082	0x24a5ab8	storm_min_radius	0x35b6ae0	0x1a484e
17083	0x24a5af8	storm_max_radius	0x35b6c00	0x1a4867
17084	0x24a5ae8	storm_min_steps	0x35b6d20	0x1a4880
17085	0x24a5b28	storm_max_steps	0x35b6e40	0x1a4899
17086	0x24a5b10	storm_current_pos	0x35b6f60	0x1a48b2
17087	0x24a5b50	last_created_cosmic_storm	0x35b7080	0x1a48cb
17088	0x24a5b38	mapmode_storm_forecast	0x35b71a0	0x1a48e4
17089	0x24a5b88	storm_current_path_index	0x35b72c0	0x1a48fd
17090	0x24a5b70	ship_capture_chance_add	0x35b73e0	0x1a4916
17091	0x24a5bc0	country_capture_chance_add	0x35b7500	0x1a492f
17092	0x24a5ba8	ship_capture_amount_add	0x35b7620	0x1a4948
17093	0x24a5c00	country_capture_amount_add	0x35b7740	0x1a4961
17094	0x24a5be0	country_capture_amount_mult	0x35b7860	0x1a497a
17095	0x24a5c40	is_science_fleet_gravity_snare_on_cooldown	0x35b7980	0x1a4993
17096	0x24a5c20	can_fleet_be_captured_by_snares	0x35b7aa0	0x1a49ac
17097	0x24a5c90	can_fauna_grow	0x35b7bc0	0x1a49c5
17098	0x24a5c70	system_storm_attraction_mult	0x35b7ce0	0x1a49de
17099	0x24a5cc8	storm_influence_magnitude	0x35b7e00	0x1a49f7
17100	0x24a5ca0	country_storm_movement_intel_add	0x35b7f20	0x1a4a10
17101	0x24a5d08	country_storm_location_intel_add	0x35b8040	0x1a4a29
17102	0x24a5ce8	cosmic_storm_texture_path	0x35b8160	0x1a4a42
17103	0x24a5d48	cosmic_storm_texture_color_path	0x35b8280	0x1a4a5b
17104	0x24a5d30	cosmic_storm_names	0x35b83a0	0x1a4a74
17105	0x24a5d78	storm_speed	0x35b84c0	0x1a4a8d
17106	0x24a5d68	on_moved	0x35b85e0	0x1a4aa6
17107	0x24a5d98	storm_activation_period_in_months	0x35b8700	0x1a4abf
17108	0x24a5d88	storm_age	0x35b8820	0x1a4ad8
17109	0x24a5de0	storm_daily_move_index	0x35b8940	0x1a4af1
17110	0x24a5dc0	storm_days_till_next_system	0x35b8a60	0x1a4b0a
17111	0x24a5e18	avoid_other_cosmic_storms	0x35b8b80	0x1a4b23
17112	0x24a5df8	alternate_configurations	0x35b8ca0	0x1a4b3c
17113	0x24a5e60	voidworms_module	0x35b8dc0	0x1a4b55
17114	0x24a5e38	set_force_evasive_pathfinding_command	0x35b8ee0	0x1a4b6e
17115	0x24a5e98	force_evasive_pathfinding	0x35b9000	0x1a4b87
17116	0x24a5e78	country_storm_influence_mult	0x35b9120	0x1a4ba0
17117	0x24a5ed0	last_created_cosmic_storm_influence_field	0x35b9240	0x1a4bb9
17118	0x24a5eb8	storm_influence_groups	0x35b9360	0x1a4bd2
17119	0x24a5f28	storm_influence_fields	0x35b9480	0x1a4beb
17120	0x24a5f00	system_in_cosmic_storm_influence_field	0x35b95a0	0x1a4c04
17121	0x24a5f68	system_storm_influence_add	0x35b96c0	0x1a4c1d
17122	0x24a5f40	country_storm_attraction_influence_add	0x35b97e0	0x1a4c36
17123	0x24a5f98	country_storm_repulsion_influence_add	0x35b9900	0x1a4c4f
17124	0x24a5f88	cosmic_storm	0x35b9a20	0x1a4c68
17125	0x24a5ff0	spawn_cosmic_storm_command	0x35b9b40	0x1a4c81
17126	0x24a5fc0	execute_storm_area_placer_callback_command	0x35b9c60	0x1a4c9a
17127	0x24a6028	reticle_radius	0x35b9d80	0x1a4cb3
17128	0x24a6010	owned_influence_fields	0x35b9ea0	0x1a4ccc
17129	0x24a6050	engulf	0x35b9fc0	0x1a4ce5
17130	0x24a6038	targetable_ship_sizes	0x35ba0e0	0x1a4cfe
17131	0x24a6060	is_core_component_set	0x35ba200	0x1a4d17
17132	0x24a6058	rarity	0x35ba320	0x1a4d30
17133	0x24a6088	rarities	0x35ba440	0x1a4d49
17134	0x2478160	epic	0x35ba560	0x1a4d62
17135	0x24a6078	exceptional	0x35ba680	0x1a4d7b
17136	0x24a60b8	grand_archive_modules	0x35ba7a0	0x1a4d94
17137	0x24a6098	standard_grand_archive_module	0x35ba8c0	0x1a4dad
17138	0x24a60e0	specimen	0x35ba9e0	0x1a4dc6
17139	0x24a60d0	specimens	0x35bab00	0x1a4ddf
17140	0x24a6100	specimen_icon	0x35bac20	0x1a4df8
17141	0x24a60f0	specimen_name	0x35bad40	0x1a4e11
17142	0x24a6128	specimen_desc	0x35bae60	0x1a4e2a
17143	0x24a6110	acquired_specimen_count	0x35baf80	0x1a4e43
17144	0x24a6140	last_received_specimen	0x35bb0a0	0x1a4e5c
17145	0x24a6138	exhibit	0x35bb1c0	0x1a4e75
17146	0x24a6168	exhibits	0x35bb2e0	0x1a4e8e
17147	0x24a6158	exhibit_state	0x35bb400	0x1a4ea7
17148	0x24a6188	exhibition_index	0x35bb520	0x1a4ec0
17149	0x24a6178	exhibit_index	0x35bb640	0x1a4ed9
17150	0x24a61b8	unlock_exhibit	0x35bb760	0x1a4ef2
17151	0x24a61a0	toggle_activate_exhibit	0x35bb880	0x1a4f0b
17152	0x24a61e0	storage_slots	0x35bb9a0	0x1a4f24
17153	0x24a61c8	can_use_exhibits	0x35bbac0	0x1a4f3d
17154	0x24a6210	is_grand_archive	0x35bbbe0	0x1a4f56
17155	0x24a61f0	specimen_management_settings	0x35bbd00	0x1a4f6f
17156	0x24a6240	auto_buy	0x35bbe20	0x1a4f88
17157	0x24a6228	forbidden_ethics	0x35bbf40	0x1a4fa1
17158	0x24a6268	can_access_vivarium	0x35bc060	0x1a4fba
17159	0x24a6250	is_first_exhibit_free	0x35bc180	0x1a4fd3
17160	0x24a6290	vivarium_critters	0x35bc2a0	0x1a4fec
17161	0x24a6280	ship_category	0x35bc3c0	0x1a5005
17162	0x24a62b8	rarity_icons	0x35bc4e0	0x1a501e
17163	0x24a62a8	tank_3d_view	0x35bc600	0x1a5037
17164	0x24a62e0	by_rarity_names	0x35bc720	0x1a5050
17165	0x24a62c8	starbase_hatchery	0x35bc840	0x1a5069
17166	0x24a6308	space_fauna_reanimation_cost_mult	0x35bc960	0x1a5082
17167	0x24a62f0	starbase_beastport	0x35bca80	0x1a509b
17168	0x24a6358	severity	0x35bcba0	0x1a50b4
17169	0x24a6330	country_storm_breaker_effect_add	0x35bccc0	0x1a50cd
17170	0x24a6370	country_storm_weapons_effect_add	0x35bcde0	0x1a50e6
17171	0x24a6368	balance	0x35bcf00	0x1a50ff
17172	0x24a63b0	is_active	0x35bd020	0x1a5118
17173	0x24a6398	contribution_rate	0x35bd140	0x1a5131
17174	0x24a63d0	emergency_fund	0x35bd260	0x1a514a
17175	0x24a63c0	success_trigger	0x35bd380	0x1a5163
17176	0x24a63f0	influence_building_ids	0x35bd4a0	0x1a517c
17177	0x24a63e0	enable_mission	0x35bd5c0	0x1a5195
17178	0x24a6428	next_mission_id	0x35bd6e0	0x1a51ae
17179	0x24a6408	storm_monthly_added_devastation	0x35bd800	0x1a51c7
17180	0x24a6448	planet_storm_devastation_mult	0x35bd920	0x1a51e0
17181	0x24a6438	name_variables	0x35bda40	0x1a51f9
17182	0x24a6480	short_variables	0x35bdb60	0x1a5212
17183	0x24a6468	details_variables	0x35bdc80	0x1a522b
17184	0x24a64b0	sell_specimen	0x35bdda0	0x1a5244
17185	0x24a6490	move_specimen_to_storage	0x35bdec0	0x1a525d
17186	0x24a64e8	move_specimen_from_storage	0x35bdfe0	0x1a5276
17187	0x24a64c0	country_specimen_selling_cost_mult	0x35be100	0x1a528f
17188	0x24a6530	country_exhibit_unlocking_cost_mult	0x35be220	0x1a52a8
17189	0x24a6508	country_specimen_storage_cooldown_mult	0x35be340	0x1a52c1
17190	0x24a6578	storage_cooldown_date	0x35be460	0x1a52da
17191	0x24a6558	space_critter_capture_result	0x35be580	0x1a52f3
17192	0x24a65a0	sector_max_jumps_add	0x35be6a0	0x1a530c
17193	0x24a6590	vivarium	0x35be7c0	0x1a5325
17194	0x24a65d0	cull_vivarium_critter	0x35be8e0	0x1a533e
17195	0x24a65b8	vivarium_critter	0x35bea00	0x1a5357
17196	0x24a6610	auto_culling_settings	0x35beb20	0x1a5370
17197	0x24a65e8	active_auto_culling_ship_categories	0x35bec40	0x1a5389
17198	0x24a6648	update_auto_culling_settings	0x35bed60	0x1a53a2
17199	0x24a6628	update_auto_buy_settings	0x35bee80	0x1a53bb
17200	0x24a6678	culling_conversion_value	0x35befa0	0x1a53d4
17201	0x24a6668	culled_dna_list	0x35bf0c0	0x1a53ed
17202	0x24a66a8	space_fauna_growth_rate_mult	0x35bf1e0	0x1a5406
17203	0x24a6698	reject_calling	0x35bf300	0x1a541f
17204	0x24a66e0	unlock_event	0x35bf420	0x1a5438
17205	0x24a66c8	activate_accord_command	0x35bf540	0x1a5451
17206	0x24a6708	shroud_delve	0x35bf660	0x1a546a
17207	0x24a66f0	track_mission_command	0x35bf780	0x1a5483
17208	0x24a6740	is_inside_storm	0x35bf8a0	0x1a549c
17209	0x24a6718	cosmic_storm_texture_lightning_paths	0x35bf9c0	0x1a54b5
17210	0x24a6770	cosmic_storm_galaxy_lightning_time	0x35bfae0	0x1a54ce
17211	0x24a6750	cosmic_storm_galaxy_max_opacity	0x35bfc00	0x1a54e7
17212	0x24a67a8	on_daily	0x35bfd20	0x1a5500
17213	0x24a6798	mod_name_affix	0x35bfe40	0x1a5519
17214	0x24a67c8	on_stop	0x35bff60	0x1a5532
17215	0x24a67b8	is_leader_tier	0x35c0080	0x1a554b
17216	0x24a67e8	set_leader_tier	0x35c01a0	0x1a5564
17217	0x24a67d0	set_leader_to_be_killed	0x35c02c0	0x1a557d
17218	0x24a6810	sacrifice_leader_with_ui	0x35c03e0	0x1a5596
17219	0x24a67f8	storm_protection	0x35c0500	0x1a55af
17220	0x24a6840	custom_storm_ai_weight	0x35c0620	0x1a55c8
17221	0x24a6830	is_on_border	0x35c0740	0x1a55e1
17222	0x24a6878	is_timed_influence_field	0x35c0860	0x1a55fa
17223	0x24a6858	planet_storm_influence_timed	0x35c0980	0x1a5613
17224	0x24a68b8	country_storm_protection_tech_level_add	0x35c0aa0	0x1a562c
17225	0x24a6898	cosmic_storm_event_sprite	0x35c0bc0	0x1a5645
17226	0x24a68f8	cosmic_storm_types_seen	0x35c0ce0	0x1a565e
17227	0x24a68e0	visible_country_ids	0x35c0e00	0x1a5677
17228	0x24a6930	destroy_cosmic_storm_command	0x35c0f20	0x1a5690
17229	0x24a6910	activate_cosmic_storm_command	0x35c1040	0x1a56a9
17230	0x24a6980	cosmic_storm_early_game_spawn_chance_scale	0x35c1160	0x1a56c2
17231	0x24a6950	cosmic_storm_mid_game_spawn_chance_scale	0x35c1280	0x1a56db
17232	0x24a69d8	cosmic_storm_late_game_spawn_chance_scale	0x35c13a0	0x1a56f4
17233	0x24a69b0	cosmic_storm_early_game_spawn_max_cap	0x35c14c0	0x1a570d
17234	0x24a6a30	cosmic_storm_mid_game_spawn_max_cap	0x35c15e0	0x1a5726
17235	0x24a6a08	cosmic_storm_late_game_spawn_max_cap	0x35c1700	0x1a573f
17236	0x24a6a78	cosmic_storm_spawn_cooldown_scale	0x35c1820	0x1a5758
17237	0x24a6a58	cosmic_storm_devastation	0x35c1940	0x1a5771
17238	0x24a6ac0	cosmic_storm_available_names	0x35c1a60	0x1a578a
17239	0x24a6aa0	cosmic_storm_name_prefixes	0x35c1b80	0x1a57a3
17240	0x24a6af0	cosmic_storm_name_list_name	0x35c1ca0	0x1a57bc
17241	0x24a6ae0	thumbnail	0x35c1dc0	0x1a57d5
17242	0x24a6b30	initiate_cosmic_storm_command	0x35c1ee0	0x1a57ee
17243	0x24a6b10	initiate_cosmic_storm_order	0x35c2000	0x1a5807
17244	0x24a6b70	sustain_cosmic_storm_command	0x35c2120	0x1a5820
17245	0x24a6b50	sustain_cosmic_storm_order	0x35c2240	0x1a5839
17246	0x24a6bb0	sustain_cosmic_storm_unlocked	0x35c2360	0x1a5852
17247	0x24a6b90	can_country_initiate_storm	0x35c2480	0x1a586b
17248	0x24a6be8	can_initiate_storm_on_planet	0x35c25a0	0x1a5884
17249	0x24a6bd0	storm_target_pos	0x35c26c0	0x1a589d
17250	0x24a6c20	storm_micro_move_index	0x35c27e0	0x1a58b6
17251	0x24a6c08	affected_country_ids	0x35c2900	0x1a58cf
17252	0x24a6c48	can_force_see_fleets_in_system	0x35c2a20	0x1a58e8
17253	0x24a6c38	affect_hp_regen	0x35c2b40	0x1a5901
17254	0x24a6c80	affect_armor_regen	0x35c2c60	0x1a591a
17255	0x24a6c68	affect_shield_regen	0x35c2d80	0x1a5933
17256	0x24a6cb8	occlude_system	0x35c2ea0	0x1a594c
17257	0x24a6c98	storm_ship_hull_breaker_mult	0x35c2fc0	0x1a5965
17258	0x24a6ce0	has_breached_shroud_storm	0x35c30e0	0x1a597e
17259	0x24a6cc8	allow_storm_movement	0x35c3200	0x1a5997
17260	0x24a6d10	display_storms	0x35c3320	0x1a59b0
17261	0x24a6d00	is_infertile	0x35c3440	0x1a59c9
17262	0x24a6d50	founder_species_growth_mult	0x35c3560	0x1a59e2
17263	0x24a6d20	founder_species_uses_logistic_growth_mult	0x35c3680	0x1a59fb
17264	0x24a6d98	founder_species_uses_assembly	0x35c37a0	0x1a5a14
17265	0x24a6d70	founder_species_uses_bonus_growth_mult	0x35c38c0	0x1a5a2d
17266	0x24a6de0	country_vivarium_max_capacity_add	0x35c39e0	0x1a5a46
17267	0x24a6db8	country_vivarium_max_capacity_mult	0x35c3b00	0x1a5a5f
17268	0x24a6e28	space_fauna_ship_damage_mult	0x35c3c20	0x1a5a78
17269	0x24a6e08	reanimated_ship_damage_mult	0x35c3d40	0x1a5a91
17270	0x24a6e68	reanimated_ship_fire_rate_mult	0x35c3e60	0x1a5aaa
17271	0x24a6e48	space_fauna_ship_speed_mult	0x35c3f80	0x1a5ac3
17272	0x24a6eb0	diplo_weight_space_fauna_mult	0x35c40a0	0x1a5adc
17273	0x24a6e88	ship_damage_against_space_fauna_mult	0x35c41c0	0x1a5af5
17274	0x24a6f00	attached_space_fauna_component_damage_mult	0x35c42e0	0x1a5b0e
17275	0x24a6ed0	attached_space_fauna_component_fire_rate_mult	0x35c4400	0x1a5b27
17276	0x24a6f48	weapon_type_space_fauna	0x35c4520	0x1a5b40
17277	0x24a6f30	gravity_snare_cost_mult	0x35c4640	0x1a5b59
17278	0x24a6f80	space_fauna_culling_reward_mult	0x35c4760	0x1a5b72
17279	0x24a6f60	handled_by_event_tooltip	0x35c4880	0x1a5b8b
17280	0x24a6fb0	icon_cloned	0x35c49a0	0x1a5ba4
17281	0x24a6fa0	icon_selected	0x35c4ac0	0x1a5bbd
17282	0x24a6fe8	artificial_ship_naval_cap_usage_mult	0x35c4be0	0x1a5bd6
17283	0x24a6fc0	space_fauna_naval_cap_usage_mult	0x35c4d00	0x1a5bef
17284	0x24a7048	space_fauna_ship_upkeep_mult	0x35c4e20	0x1a5c08
17285	0x24a7010	space_fauna_monthly_increased_breeding_chance_add	0x35c4f40	0x1a5c21
17286	0x24a7090	settings_gravity_snares	0x35c5060	0x1a5c3a
17287	0x24a7068	can_scavenge_and_research_debris	0x35c5180	0x1a5c53
17288	0x24a70b8	can_scavenge_debris	0x35c52a0	0x1a5c6c
17289	0x24a70a8	must_scavenge	0x35c53c0	0x1a5c85
17290	0x24a70e0	must_reanimate	0x35c54e0	0x1a5c9e
17291	0x24a70d0	must_research	0x35c5600	0x1a5cb7
17292	0x24a7110	reset_killed_ship_designs	0x35c5720	0x1a5cd0
17293	0x24a70f0	reset_killed_ship_stockpile	0x35c5840	0x1a5ce9
17294	0x24a7158	should_add_ship_to_debris	0x35c5960	0x1a5d02
17295	0x24a7130	wait_for_gravity_snare_to_reload_order	0x35c5a80	0x1a5d1b
17296	0x24a71a0	can_excavate_outside_borders	0x35c5ba0	0x1a5d34
17297	0x24a7178	can_explore_rifts_outside_borders	0x35c5cc0	0x1a5d4d
17298	0x24a71d8	can_lock_bypass	0x35c5de0	0x1a5d66
17299	0x24a71c0	random_scale_multiplier	0x35c5f00	0x1a5d7f
17300	0x24a7200	custom_star_names	0x35c6020	0x1a5d98
17301	0x24a71e8	custom_planet_names	0x35c6140	0x1a5db1
17302	0x24a7238	project_type	0x35c6260	0x1a5dca
17303	0x24a7218	project_type_bombardment	0x35c6380	0x1a5de3
17304	0x24a7260	project_type_contract	0x35c64a0	0x1a5dfc
17305	0x24a7248	project_type_research	0x35c65c0	0x1a5e15
17306	0x24a72a0	ship_steal_defeated_ship_chance	0x35c66e0	0x1a5e2e
17307	0x24a7278	fleet_capture_defeated_leader_chance	0x35c6800	0x1a5e47
17308	0x24a72d0	executed	0x35c6920	0x1a5e60
17309	0x24a72c0	mia_stolen_ship	0x35c6a40	0x1a5e79
17310	0x24a7300	full_description	0x35c6b60	0x1a5e92
17311	0x24a72e0	can_voidworms_bombard_country	0x35c6c80	0x1a5eab
17312	0x24a7330	refresh_leader_pool	0x35c6da0	0x1a5ec4
17313	0x24a7318	creature_designer	0x35c6ec0	0x1a5edd
17314	0x24a7360	creature_designer_template	0x35c6fe0	0x1a5ef6
17315	0x24a7348	mutation_slots_add	0x35c7100	0x1a5f0f
17316	0x24a7390	can_use_mutations	0x35c7220	0x1a5f28
17317	0x24a7380	mutations	0x35c7340	0x1a5f41
17318	0x24a73d0	is_space_fauna_component_set	0x35c7460	0x1a5f5a
17319	0x24a73a8	is_default_space_fauna_component_set	0x35c7580	0x1a5f73
17320	0x24a7400	compatible_with_all_ship_sizes	0x35c76a0	0x1a5f8c
17321	0x24a73f0	design_names	0x35c77c0	0x1a5fa5
17322	0x24a7438	update_upgrade_for_all_variants	0x35c78e0	0x1a5fbe
17323	0x24a7420	custom_upgrades_to	0x35c7a00	0x1a5fd7
17324	0x24a7470	custom_newborn_design	0x35c7b20	0x1a5ff0
17325	0x24a7458	is_default_component	0x35c7c40	0x1a6009
17326	0x24a7498	can_trade_specimens	0x35c7d60	0x1a6022
17327	0x24a7488	is_tradable	0x35c7e80	0x1a603b
17328	0x24a74c0	is_sellable	0x35c7fa0	0x1a6054
17329	0x24a74b0	collection	0x35c80c0	0x1a606d
17330	0x24a74f0	is_unique	0x35c81e0	0x1a6086
17331	0x24a74d0	component_slot_size_to_disable	0x35c8300	0x1a609f
17332	0x24a7528	component_lifesteal_add	0x35c8420	0x1a60b8
17333	0x24a7500	force_create_default_ship_design	0x35c8540	0x1a60d1
17334	0x24a7558	ship_kinds	0x35c8660	0x1a60ea
17335	0x24a7540	available_to_everyone	0x35c8780	0x1a6103
17336	0x24a7588	injected_modifier	0x35c88a0	0x1a611c
17337	0x24a7568	add_random_species_trait	0x35c89c0	0x1a6135
17338	0x24a75b0	species_traits_instances	0x35c8ae0	0x1a614e
17339	0x24a75a0	is_bio_ship	0x35c8c00	0x1a6167
17340	0x24a75f0	ship_designs	0x35c8d20	0x1a6180
17341	0x24a75d0	mutation_components_size	0x35c8e40	0x1a6199
17342	0x24a7610	ship_categories	0x35c8f60	0x1a61b2
17343	0x24a7600	can_breed_alone	0x35c9080	0x1a61cb
17344	0x24a7640	bioship_growth_progress_required	0x35c91a0	0x1a61e4
17345	0x24a7620	bioship_growth_progress_add	0x35c92c0	0x1a61fd
17346	0x24a7680	bioship_growth_progress_mult	0x35c93e0	0x1a6216
17347	0x24a7668	commercial_pact_mult	0x35c9500	0x1a622f
17348	0x24a76b8	species_class_override	0x35c9620	0x1a6248
17349	0x24a76a0	archetype_override	0x35c9740	0x1a6261
17350	0x24a76e8	portrait_override	0x35c9860	0x1a627a
17351	0x24a76d0	shipclass_gravity_snare	0x35c9980	0x1a6293
17352	0x24a7710	merge_with_individuals_amount_to_upgrade	0x35c9aa0	0x1a62ac
17353	0x24a7700	growth_tooltip	0x35c9bc0	0x1a62c5
17354	0x24a7760	keep_breeding_minimum_requirements	0x35c9ce0	0x1a62de
17355	0x24a7740	add_resource_from_debris	0x35c9e00	0x1a62f7
17356	0x24a77a8	exhibition_date	0x35c9f20	0x1a6310
17357	0x24a7788	scripted_effect_cooldown	0x35ca040	0x1a6329
17358	0x24a77e0	scripted_effect_cooldown_flag	0x35ca160	0x1a6342
17359	0x24a77b8	scripted_effect_cooldown_flag_desc	0x35ca280	0x1a635b
17360	0x24a7810	can_use_artificial_breeding	0x35ca3a0	0x1a6374
17361	0x24a7800	is_seeded	0x35ca4c0	0x1a638d
17362	0x24a7858	is_organic_pop_group	0x35ca5e0	0x1a63a6
17363	0x24a7830	pop_organic_resettlement_cost_mult	0x35ca700	0x1a63bf
17364	0x24a7890	pop_organic_growth	0x35ca820	0x1a63d8
17365	0x24a7870	leader_organic_lifespan_mult	0x35ca940	0x1a63f1
17366	0x24a78c0	is_organic_leader	0x35caa60	0x1a640a
17367	0x24a78a8	ethics_to_prefer	0x35cab80	0x1a6423
17368	0x24a78f0	preferred_ethics_weight	0x35caca0	0x1a643c
17369	0x24a78d8	voidworms_scaling	0x35cadc0	0x1a6455
17370	0x24a7930	cutholoids_scaling	0x35caee0	0x1a646e
17371	0x24a7908	empire_diplomacy_leads_to_shroud	0x35cb000	0x1a6487
17372	0x24a7958	can_capture_ship	0x35cb120	0x1a64a0
17373	0x24a7948	short_name	0x35cb240	0x1a64b9
17374	0x24a7988	apply_template	0x35cb360	0x1a64d2
17375	0x24a7970	disabled_precursors	0x35cb480	0x1a64eb
17376	0x24a79a8	set_default_species_command	0x35cb5a0	0x1a6504
17377	0x24a7998	default_species	0x35cb6c0	0x1a651d
17378	0x24a79e8	subspecies_integration	0x35cb7e0	0x1a6536
17379	0x24a79c8	former_subspecies_integration	0x35cb900	0x1a654f
17380	0x24a7a20	integration	0x35cba20	0x1a6568
17381	0x24a7a00	subspecies_integration_add	0x35cbb40	0x1a6581
17382	0x24a7a50	subspecies_integration_mult	0x35cbc60	0x1a659a
17383	0x24a7a30	complete_focus_card_command	0x35cbd80	0x1a65b3
17384	0x24a7a90	dismiss_focus_card_command	0x35cbea0	0x1a65cc
17385	0x24a7a70	set_current_focus_priority	0x35cbfc0	0x1a65e5
17386	0x24a7ac0	focus_card	0x35cc0e0	0x1a65fe
17387	0x24a7ab0	focus_cards	0x35cc200	0x1a6617
17388	0x24a7ad8	next_dismiss_date	0x35cc320	0x1a6630
17389	0x24a7acc	hint	0x35cc440	0x1a6649
17390	0x24a7afc	lore	0x35cc560	0x1a6662
17391	0x24a7af0	lore_issued	0x35cc680	0x1a667b
17392	0x24a7b18	lore_completed	0x35cc7a0	0x1a6694
17393	0x24a7b08	lore_failed	0x35cc8c0	0x1a66ad
17394	0x24a7b38	background_expanded	0x35cc9e0	0x1a66c6
17395	0x24a7b28	priorities	0x35ccb00	0x1a66df
17396	0x24a7b60	focuses	0x35ccc20	0x1a66f8
17397	0x24a7b50	dead_country	0x35ccd40	0x1a6711
17398	0x24a7b80	timeline_events	0x35cce60	0x1a672a
17399	0x24a7b68	event_message_type	0x35ccf80	0x1a6743
17400	0x24a7b98	databank	0x35cd0a0	0x1a675c
17401	0x24a7b90	wiki	0x35cd1c0	0x1a6775
17402	0x24a7bb0	expand_hint	0x35cd2e0	0x1a678e
17403	0x24a7ba8	rewards	0x35cd400	0x1a67a7
17404	0x24a7bc8	add_timeline_event	0x35cd520	0x1a67c0
17405	0x24a7bbc	flavor	0x35cd640	0x1a67d9
17406	0x24a7bf8	stage_durations	0x35cd760	0x1a67f2
17407	0x24a7be0	bioship_growth_progress	0x35cd880	0x1a680b
17408	0x24a7c30	designs	0x35cd9a0	0x1a6824
17409	0x24a7c08	create_or_update_ship_design_chain	0x35cdac0	0x1a683d
17410	0x24a7c50	owned_upgrade	0x35cdbe0	0x1a6856
17411	0x24a7c38	targeting_module	0x35cdd00	0x1a686f
17412	0x24a7c70	count_as_split_fallen_empire	0x35cde20	0x1a6888
17413	0x24a7c60	target_type	0x35cdf40	0x1a68a1
17414	0x24a7ca8	affects_target_type	0x35ce060	0x1a68ba
17415	0x24a7c90	evaluation_resource	0x35ce180	0x1a68d3
17416	0x24a7ce0	ship_target_weight_mult	0x35ce2a0	0x1a68ec
17417	0x24a7cc0	is_planetary_ascension_free	0x35ce3c0	0x1a6905
17418	0x24a7d10	are_all_leaders_forced_immortal	0x35ce4e0	0x1a691e
17419	0x24a7cf8	action_start_proxy_war	0x35ce600	0x1a6937
17420	0x24a7d40	can_be_sent_to_war	0x35ce720	0x1a6950
17421	0x24a7d30	proxy_wars	0x35ce840	0x1a6969
17422	0x24a7d70	instigator	0x35ce960	0x1a6982
17423	0x24a7d58	use_ship_main_target	0x35cea80	0x1a699b
17424	0x24a7d98	role_background	0x35ceba0	0x1a69b4
17425	0x24a7d80	can_uplift_species	0x35cecc0	0x1a69cd
17426	0x24a7db8	minor_patron	0x35cede0	0x1a69e6
17427	0x24a7da8	major_patron	0x35cef00	0x1a69ff
17428	0x24a7de0	great_patron	0x35cf020	0x1a6a18
17429	0x24a7dc8	patron_attunement	0x35cf140	0x1a6a31
17430	0x24a7e00	shroud	0x35cf260	0x1a6a4a
17431	0x24a7df0	shroud_modules	0x35cf380	0x1a6a63
17432	0x24a7e20	standard_shroud_module	0x35cf4a0	0x1a6a7c
17433	0x24a7e08	patron_relations	0x35cf5c0	0x1a6a95
17434	0x24a7e50	last_delve_date	0x35cf6e0	0x1a6aae
17435	0x24a7e38	active_first_contacts	0x35cf800	0x1a6ac7
17436	0x24a7e70	covenant_excluded_patrons	0x35cf920	0x1a6ae0
17437	0x24a7e60	attunement	0x35cfa40	0x1a6af9
17438	0x24a7ea8	disable_autogen_and_save	0x35cfb60	0x1a6b12
17439	0x24a7e90	evolution_variants	0x35cfc80	0x1a6b2b
17440	0x24a7ed8	tied_texture	0x35cfda0	0x1a6b44
17441	0x24a7ec8	rename_and_save	0x35cfec0	0x1a6b5d
17442	0x24a7ef8	bonus_skill_level	0x35cffe0	0x1a6b76
17443	0x24a7ee8	uses_name_list	0x35d0100	0x1a6b8f
17444	0x24a7f28	planet_stability_add_with_limit	0x35d0220	0x1a6ba8
17445	0x24a7f10	planet_stability_limit	0x35d0340	0x1a6bc1
17446	0x24a7f60	around_planet	0x35d0460	0x1a6bda
17447	0x24a7f48	inside_gravity_well	0x35d0580	0x1a6bf3
17448	0x24a7f80	outside_gravity_well	0x35d06a0	0x1a6c0c
17449	0x24a7f70	build_type	0x35d07c0	0x1a6c25
17450	0x24a7fb8	must_select_ship_design	0x35d08e0	0x1a6c3e
17451	0x24a7f98	ship_size_for_design_selection	0x35d0a00	0x1a6c57
17452	0x24a7fe8	buildable_starbase_change_design	0x35d0b20	0x1a6c70
17453	0x24a7fd0	auto_mod_habitability	0x35d0c40	0x1a6c89
17454	0x24a8038	current_auto_mod_habitability_trait	0x35d0d60	0x1a6ca2
17455	0x24a8010	buildable_starbase_upgrade_design	0x35d0e80	0x1a6cbb
17456	0x24a8088	can_always_dismantle	0x35d0fa0	0x1a6cd4
17457	0x24a8060	has_picked_auto_mod_habitability	0x35d10c0	0x1a6ced
17458	0x24a80b0	patron_relation_start_date	0x35d11e0	0x1a6d06
17459	0x24a80a0	patron_relation	0x35d1300	0x1a6d1f
17460	0x24a80f0	envoy_patron_position	0x35d1420	0x1a6d38
17461	0x24a80d0	horizontal_attunement_add	0x35d1540	0x1a6d51
17462	0x24a8128	vertical_attunement_add	0x35d1660	0x1a6d6a
17463	0x24a8108	hide_damage_values_from_tooltip	0x35d1780	0x1a6d83
17464	0x24a8150	stop_when_ground_combat	0x35d18a0	0x1a6d9c
17465	0x24a8140	localized_tags	0x35d19c0	0x1a6db5
17466	0x24a8178	on_entering_level	0x35d1ae0	0x1a6dce
17467	0x24a8168	on_enter_level	0x35d1c00	0x1a6de7
17468	0x24a81a0	on_gain_level	0x35d1d20	0x1a6e00
17469	0x24a8190	on_lose_level	0x35d1e40	0x1a6e19
17470	0x24a81c8	intensity_level	0x35d1f60	0x1a6e32
17471	0x24a81b0	intensity_levels	0x35d2080	0x1a6e4b
17472	0x24a81e8	psionic_aura	0x35d21a0	0x1a6e64
17473	0x24a81d8	psionic_auras	0x35d22c0	0x1a6e7d
17474	0x24a8220	unlock_psionic_aura	0x35d23e0	0x1a6e96
17475	0x24a81f8	allow_psionic_aura_intensity_spread	0x35d2500	0x1a6eaf
17476	0x24a8248	allow_psionic_aura_intensity_growth	0x35d2620	0x1a6ec8
17477	0x24a8238	aura_owner	0x35d2740	0x1a6ee1
17478	0x24a8280	on_type_change	0x35d2860	0x1a6efa
17479	0x24a8270	on_vanish	0x35d2980	0x1a6f13
17480	0x24a82a8	daily_decrease	0x35d2aa0	0x1a6f2c
17481	0x24a8290	monthly_decrease	0x35d2bc0	0x1a6f45
17482	0x24a82d0	increase_trigger	0x35d2ce0	0x1a6f5e
17483	0x24a82b8	monthly_increase	0x35d2e00	0x1a6f77
17484	0x24a8300	aura_galaxy_texture	0x35d2f20	0x1a6f90
17485	0x24a82e8	aura_hyperlane_texture	0x35d3040	0x1a6fa9
17486	0x24a8330	owner_fleet_modifier	0x35d3160	0x1a6fc2
17487	0x24a8318	neutral_fleet_modifier	0x35d3280	0x1a6fdb
17488	0x24a8360	rival_fleet_modifier	0x35d33a0	0x1a6ff4
17489	0x24a8348	owner_planet_modifier	0x35d34c0	0x1a700d
17490	0x24a8390	neutral_planet_modifier	0x35d35e0	0x1a7026
17491	0x24a8378	rival_planet_modifier	0x35d3700	0x1a703f
17492	0x24a83b8	last_picked_tradition	0x35d3820	0x1a7058
17493	0x24a83a8	last_nb_species	0x35d3940	0x1a7071
17494	0x24a83e8	has_desc	0x35d3a60	0x1a708a
17495	0x24a83d0	forbidden_peace_offers	0x35d3b80	0x1a70a3
17496	0x24a8418	generate_shipset	0x35d3ca0	0x1a70bc
17497	0x24a83f8	should_colonize_use_terraform	0x35d3dc0	0x1a70d5
17498	0x24a8458	should_hide_pop_group_size	0x35d3ee0	0x1a70ee
17499	0x24a8430	should_hide_planet_sector_pop_amount	0x35d4000	0x1a7107
17500	0x24a8488	psionic_aura_effectiveness_mult	0x35d4120	0x1a7120
17501	0x24a8478	can_delve	0x35d4240	0x1a7139
17502	0x24a84c8	is_delve_blocked	0x35d4360	0x1a7152
17503	0x24a84a8	last_completed_special_project	0x35d4480	0x1a716b
17504	0x24a84f8	multiply_by_habitability_effect_modifier	0x35d45a0	0x1a7184
17505	0x24a84e0	removed_planet_types	0x35d46c0	0x1a719d
17506	0x24a8540	added_planet_types	0x35d47e0	0x1a71b6
17507	0x24a8528	removed_climate_labels	0x35d4900	0x1a71cf
17508	0x24a8578	added_climate_labels	0x35d4a20	0x1a71e8
17509	0x24a8558	allowed_planet_classes_override	0x35d4b40	0x1a7201
17510	0x24a85a0	confused	0x35d4c60	0x1a721a
17511	0x24a8590	target_focus	0x35d4d80	0x1a7233
17512	0x24a85b4	single	0x35d4ea0	0x1a724c
17513	0x24a85ac	spread	0x35d4fc0	0x1a7265
17514	0x24a85d0	affects_target_focus	0x35d50e0	0x1a727e
17515	0x24a85c0	recent_targets	0x35d5200	0x1a7297
17516	0x24a8610	psionic_aura_resistance_mult	0x35d5320	0x1a72b0
17517	0x24a85e8	army_damage_against_psionic_mult	0x35d5440	0x1a72c9
17518	0x24a8650	is_shroud_seal	0x35d5560	0x1a72e2
17519	0x24a8630	damage_vs_psionic_empires_mult	0x35d5680	0x1a72fb
17520	0x24a8670	evasion_vs_psionic_empires_mult	0x35d57a0	0x1a7314
17521	0x24a8660	proxy_wars_only	0x35d58c0	0x1a732d
17522	0x24a86a8	actions_on_cooldown	0x35d59e0	0x1a7346
17523	0x24a8690	button_clickable	0x35d5b00	0x1a735f
17524	0x24a86d8	button_visible	0x35d5c20	0x1a7378
17525	0x24a86c0	context_menu_name	0x35d5d40	0x1a7391
17526	0x24a8700	activity_key	0x35d5e60	0x1a73aa
17527	0x24a86e8	progress_activity_key	0x35d5f80	0x1a73c3
17528	0x24a8728	required_progress_key	0x35d60a0	0x1a73dc
17529	0x24a8710	click_to_act_key	0x35d61c0	0x1a73f5
17530	0x24a8758	on_self	0x35d62e0	0x1a740e
17531	0x24a8740	next_change_date	0x35d6400	0x1a7427
17532	0x24a8778	override_text	0x35d6520	0x1a7440
17533	0x24a8760	override_texture	0x35d6640	0x1a7459
17534	0x24a8798	automated_workforce	0x35d6760	0x1a7472
17535	0x24a8788	workforce	0x35d6880	0x1a748b
17536	0x24a87c0	max_workforce	0x35d69a0	0x1a74a4
17537	0x24a87b0	workforce_limit	0x35d6ac0	0x1a74bd
17538	0x24a87e0	automated_workforce_limit	0x35d6be0	0x1a74d6
17539	0x24a87d0	pop_jobs	0x35d6d00	0x1a74ef
17540	0x24a8818	unemployment	0x35d6e20	0x1a7508
17541	0x24a8800	pop_category_changes	0x35d6f40	0x1a7521
17542	0x24a8838	dead_gameobject	0x35d7060	0x1a753a
17543	0x24a8828	save_on_death	0x35d7180	0x1a7553
17544	0x24a8860	dead_leader	0x35d72a0	0x1a756c
17545	0x24a8848	override_tooltip	0x35d73c0	0x1a7585
17546	0x24a8880	override_tooltip_delayed	0x35d74e0	0x1a759e
17547	0x24a8870	override_id	0x35d7600	0x1a75b7
17548	0x24a88b8	pop_workforce_add	0x35d7720	0x1a75d0
17549	0x24a88a0	pop_workforce_mult	0x35d7840	0x1a75e9
17550	0x24a88e8	job_max_workforce_add	0x35d7960	0x1a7602
17551	0x24a88d0	job_max_workforce_mult	0x35d7a80	0x1a761b
17552	0x24a8920	pop_bonus_workforce_add	0x35d7ba0	0x1a7634
17553	0x24a8900	pop_bonus_workforce_mult	0x35d7cc0	0x1a764d
17554	0x24a8948	bonus_workforce	0x35d7de0	0x1a7666
17555	0x24a8938	districts	0x35d7f00	0x1a767f
17556	0x24a8978	starting_district	0x35d8020	0x1a7698
17557	0x24a8958	default_starting_district	0x35d8140	0x1a76b1
17558	0x24a899c	zones	0x35d8260	0x1a76ca
17559	0x24a8990	zone_slots	0x35d8380	0x1a76e3
17560	0x24a89b8	starting_zone	0x35d84a0	0x1a76fc
17561	0x24a89a8	max_buildings	0x35d85c0	0x1a7715
17562	0x24a89d8	districts_per_building	0x35d86e0	0x1a772e
17563	0x24a89c8	buildable_zone	0x35d8800	0x1a7747
17564	0x24a8a00	zone_to_replace	0x35d8920	0x1a7760
17565	0x24a89f0	zone_slot	0x35d8a40	0x1a7779
17566	0x24a8a20	cheated_on_save	0x35d8b60	0x1a7792
17567	0x24a8a10	dead_federation	0x35d8c80	0x1a77ab
17568	0x24a8a48	dead_fleet	0x35d8da0	0x1a77c4
17569	0x24a8a30	dead_mega_structure	0x35d8ec0	0x1a77dd
17570	0x24a8a68	dead_planet	0x35d8fe0	0x1a77f6
17571	0x24a8a58	dead_ship	0x35d9100	0x1a780f
17572	0x24a8a98	dead_situation	0x35d9220	0x1a7828
17573	0x24a8a78	dead_archaeological_site	0x35d9340	0x1a7841
17574	0x24a8ac0	dead_astral_rift	0x35d9460	0x1a785a
17575	0x24a8aa8	dead_cosmic_storm	0x35d9580	0x1a7873
17576	0x24a8af8	dead_war	0x35d96a0	0x1a788c
17577	0x24a8ad8	deficit_trade_conversion_mult	0x35d97c0	0x1a78a5
17578	0x24a8b18	has_highest_technology_score	0x35d98e0	0x1a78be
17579	0x24a8b08	num_pops	0x35d9a00	0x1a78d7
17580	0x24a8b50	override_types	0x35d9b20	0x1a78f0
17581	0x24a8b38	propose_resolution	0x35d9c40	0x1a7909
17582	0x24a8b70	weighted_random_owned_pop_group	0x35d9d60	0x1a7922
17583	0x24a8b60	swappable_data	0x35d9e80	0x1a793b
17584	0x24a8ba8	triggered_name	0x35d9fa0	0x1a7954
17585	0x24a8b90	triggered_flavor_desc	0x35da0c0	0x1a796d
17586	0x24a8be0	district_planet_modifier	0x35da1e0	0x1a7986
17587	0x24a8bb8	triggered_district_planet_modifier	0x35da300	0x1a799f
17588	0x24a8c28	district_country_modifier	0x35da420	0x1a79b8
17589	0x24a8c00	triggered_district_country_modifier	0x35da540	0x1a79d1
17590	0x24a8c68	strike_craft_cooldown_mult	0x35da660	0x1a79ea
17591	0x24a8c48	strike_craft_regeneration_mult	0x35da780	0x1a7a03
17592	0x24a8ca0	strike_craft_count_mult	0x35da8a0	0x1a7a1c
17593	0x24a8c88	strike_craft_count_add	0x35da9c0	0x1a7a35
17594	0x24a8cd0	strike_craft_armor_add	0x35daae0	0x1a7a4e
17595	0x24a8cb8	strike_craft_armor_mult	0x35dac00	0x1a7a67
17596	0x24a8d08	strike_craft_shield_add	0x35dad20	0x1a7a80
17597	0x24a8ce8	strike_craft_shield_mult	0x35dae40	0x1a7a99
17598	0x24a8d38	strike_craft_hull_add	0x35daf60	0x1a7ab2
17599	0x24a8d20	strike_craft_hull_mult	0x35db080	0x1a7acb
17600	0x24a8d60	ship_design_implementation	0x35db1a0	0x1a7ae4
17601	0x24a8d50	growth_stage	0x35db2c0	0x1a7afd
17602	0x24a8da0	growth_stages	0x35db3e0	0x1a7b16
17603	0x24a8d80	upgrade_design_implementations	0x35db500	0x1a7b2f
17604	0x24a8dc8	upgrade_implementation	0x35db620	0x1a7b48
17605	0x24a8db0	ship_growth_stages	0x35db740	0x1a7b61
17606	0x24a8e00	ship_growth_stage	0x35db860	0x1a7b7a
17607	0x24a8de0	last_created_growth_stage	0x35db980	0x1a7b93
17608	0x24a8e28	ship_family_name	0x35dbaa0	0x1a7bac
17609	0x24a8e18	is_hero_ship	0x35dbbc0	0x1a7bc5
17610	0x24a8e60	is_behemoth	0x35dbce0	0x1a7bde
17611	0x24a8e40	ship_damage_reduction_add	0x35dbe00	0x1a7bf7
17612	0x24a8e88	ship_damage_reduction_mult	0x35dbf20	0x1a7c10
17613	0x24a8e70	initial_progress	0x35dc040	0x1a7c29
17614	0x24a8eb8	trade_hub	0x35dc160	0x1a7c42
17615	0x24a8ea8	on_click_sound	0x35dc280	0x1a7c5b
17616	0x24a8ee0	on_execution_sound	0x35dc3a0	0x1a7c74
17617	0x24a8ec8	custom_state_loc_prefix	0x35dc4c0	0x1a7c8d
17618	0x24a8f18	custom_class_text_color	0x35dc5e0	0x1a7ca6
17619	0x24a8ef8	hero_ship_fleet_background	0x35dc700	0x1a7cbf
17620	0x24a8f48	growth_stage_descriptor	0x35dc820	0x1a7cd8
17621	0x24a8f30	begin_anim_state	0x35dc940	0x1a7cf1
17622	0x24a8f78	progress_anim_state	0x35dca60	0x1a7d0a
17623	0x24a8f60	finish_anim_state	0x35dcb80	0x1a7d23
17624	0x24a8fa8	downgrade_designable_starbase_command	0x35dcca0	0x1a7d3c
17625	0x24a8f90	is_growth_complete	0x35dcdc0	0x1a7d55
17626	0x24a8fe0	ship_selection_weight	0x35dcee0	0x1a7d6e
17627	0x24a8fd0	variants	0x35dd000	0x1a7d87
17628	0x24a9018	first_come_first_served	0x35dd120	0x1a7da0
17629	0x24a8ff8	max_buildings_planet_class	0x35dd240	0x1a7db9
17630	0x24a9040	kill_pop_amount	0x35dd360	0x1a7dd2
17631	0x24a9030	future_faction	0x35dd480	0x1a7deb
17632	0x24a9060	fleet_action_range	0x35dd5a0	0x1a7e04
17633	0x24a9050	uses_vfx_type	0x35dd6c0	0x1a7e1d
17634	0x24a9088	survey_effect	0x35dd7e0	0x1a7e36
17635	0x24a9078	harvest_effect	0x35dd900	0x1a7e4f
17636	0x24a90b0	on_revert	0x35dda20	0x1a7e68
17637	0x24a9098	can_open_shroud_tab	0x35ddb40	0x1a7e81
17638	0x24a90e0	can_unlock_accords	0x35ddc60	0x1a7e9a
17639	0x24a90c0	psionic_aura_intensity_add	0x35ddd80	0x1a7eb3
17640	0x24a9118	psionic_aura_intensity_mult	0x35ddea0	0x1a7ecc
17641	0x24a90f8	can_be_dismantled_by_non_owner	0x35ddfc0	0x1a7ee5
17642	0x24a9148	attunement_mult	0x35de0e0	0x1a7efe
17643	0x24a9138	is_in_domain	0x35de200	0x1a7f17
17644	0x24a9178	shroud_delve_cooldown_days	0x35de320	0x1a7f30
17645	0x24a9158	count_shroud_worlds_to_display	0x35de440	0x1a7f49
17646	0x24a91b0	override_desc	0x35de560	0x1a7f62
17647	0x24a9198	override_modifier	0x35de680	0x1a7f7b
17648	0x24a91d8	update_type	0x35de7a0	0x1a7f94
17649	0x24a91c0	reset_terra_incognita	0x35de8c0	0x1a7fad
17650	0x24a91f8	patrons	0x35de9e0	0x1a7fc6
17651	0x24a91e8	disable_upkeep	0x35deb00	0x1a7fdf
17652	0x24a9220	can_see_aura_intensity	0x35dec20	0x1a7ff8
17653	0x24a9200	is_hostile_to_aura_owner	0x35ded40	0x1a8011
17654	0x24a9248	ship_damage_against_reckoning_mult	0x35dee60	0x1a802a
17655	0x24a9238	first_cooldown	0x35def80	0x1a8043
17656	0x24a9288	covenant_confirmation_time	0x35df0a0	0x1a805c
17657	0x24a9270	set_trade_conversions	0x35df1c0	0x1a8075
17658	0x24a92c0	refresh_auto_generated_ship_designs	0x35df2e0	0x1a808e
17659	0x24a92a8	trade_conversions	0x35df400	0x1a80a7
17660	0x24a9308	mandatory_neighbors	0x35df520	0x1a80c0
17661	0x24a92e8	current_month_commercial_pacts	0x35df640	0x1a80d9
17662	0x24a9340	last_month_commercial_pacts	0x35df760	0x1a80f2
17663	0x24a9320	allow_custom_empire_design	0x35df880	0x1a810b
17664	0x24a9378	included_building_sets	0x35df9a0	0x1a8124
17665	0x24a9360	excluded_building_sets	0x35dfac0	0x1a813d
17666	0x24a93a8	included_zone_sets	0x35dfbe0	0x1a8156
17667	0x24a9390	excluded_zone_sets	0x35dfd00	0x1a816f
17668	0x24a93d0	starting_weight	0x35dfe20	0x1a8188
17669	0x24a93c0	terrifier	0x35dff40	0x1a81a1
17670	0x24a93f0	triggered_tags	0x35e0060	0x1a81ba
17671	0x24a93e0	type_conversion	0x35e0180	0x1a81d3
17672	0x24a9410	first_tier	0x35e02a0	0x1a81ec
17673	0x24a9400	set_resource	0x35e03c0	0x1a8205
17674	0x24a9438	hide_gain	0x35e04e0	0x1a821e
17675	0x24a9420	wilderness_growth	0x35e0600	0x1a8237
17676	0x24a9460	wilderness_pops	0x35e0720	0x1a8250
17677	0x24a9448	inherit_parent_rights	0x35e0840	0x1a8269
17678	0x24a9480	can_procreate	0x35e0960	0x1a8282
17679	0x24a9470	can_crossbreed	0x35e0a80	0x1a829b
17680	0x24a94a8	can_change_category	0x35e0ba0	0x1a82b4
17681	0x24a9490	previous_coefficient	0x35e0cc0	0x1a82cd
17682	0x24a94d0	inhibitor_owners	0x35e0de0	0x1a82e6
17683	0x24a94c0	synaptic_lathe	0x35e0f00	0x1a82ff
17684	0x24a9510	diplo_weight_ship_mult	0x35e1020	0x1a8318
17685	0x24a94e8	unbidden_additional_conquer_desire	0x35e1140	0x1a8331
17686	0x24a9530	rare_technology_research_speed	0x35e1260	0x1a834a
17687	0x247aa50	transfer_speed	0x35e1380	0x1a8363
17688	0x24a9528	fast	0x35e14a0	0x1a837c
17689	0x24a9568	compatibility	0x35e15c0	0x1a8395
17690	0x24a9550	ship_reactor_power_add	0x35e16e0	0x1a83ae
17691	0x24a9590	ship_reactor_power_mult	0x35e1800	0x1a83c7
17692	0x24a9578	ignore_ftl_inhibitors	0x35e1920	0x1a83e0
17693	0x24a95c8	buildings_cache	0x35e1a40	0x1a83f9
17694	0x24a95a8	ship_psionic_aura_speed_mult	0x35e1b60	0x1a8412
17695	0x24a95f0	ship_psionic_aura_fire_rate_mult	0x35e1c80	0x1a842b
17696	0x24a95d8	cost_override_key	0x35e1da0	0x1a8444
17697	0x24a9630	proxy_war_cost_mult	0x35e1ec0	0x1a845d
17698	0x24a9618	month_start_attunement	0x35e1fe0	0x1a8476
17699	0x24a9668	last_month_attunement_offset	0x35e2100	0x1a848f
17700	0x24a9648	daily_terraform_progress_add	0x35e2220	0x1a84a8
17701	0x24a96a0	shipclass_entropy_conduit	0x35e2340	0x1a84c1
17702	0x24a9688	is_entropy_conduit	0x35e2460	0x1a84da
17703	0x24a96d8	terraform_fleet_order	0x35e2580	0x1a84f3
17704	0x24a96c0	terraform_fleet_command	0x35e26a0	0x1a850c
17705	0x24a9710	terraform_fleet	0x35e27c0	0x1a8525
17706	0x24a96f0	switch_from_terraform_to_boost	0x35e28e0	0x1a853e
17707	0x24a9748	had_valid_order	0x35e2a00	0x1a8557
17708	0x24a9720	senate_recess_council_member_speed_mult	0x35e2b20	0x1a8570
17709	0x24a9768	senate_vote_council_member_speed_mult	0x35e2c40	0x1a8589
17710	0x24a9758	vote_length	0x35e2d60	0x1a85a2
17711	0x24a97a0	overclock_types	0x35e2e80	0x1a85bb
17712	0x24a9790	overclock_type	0x35e2fa0	0x1a85d4
17713	0x24a97c0	overclock_megastructure_command	0x35e30c0	0x1a85ed
17714	0x24a97b0	is_ark_ship	0x35e31e0	0x1a8606
17715	0x24a97f8	on_cycle_complete	0x35e3300	0x1a861f
17716	0x24a97e0	cycle_length_in_days	0x35e3420	0x1a8638
17717	0x24a9820	cycle_title	0x35e3540	0x1a8651
17718	0x24a9810	cycle_desc	0x35e3660	0x1a866a
17719	0x24a9840	cycle_icon	0x35e3780	0x1a8683
17720	0x24a9830	order_icon	0x35e38a0	0x1a869c
17721	0x24a9860	is_mindwarden_exiled_first_contact	0x35e39c0	0x1a86b5
17722	0x24a9850	district_width	0x35e3ae0	0x1a86ce
17723	0x24a98a0	has_primary_zone	0x35e3c00	0x1a86e7
17724	0x24a9888	has_shroud_insights	0x35e3d20	0x1a8700
17725	0x24a98d8	needs_psionic_aura_insights	0x35e3e40	0x1a8719
17726	0x24a98b8	ship_monthly_hull_damage	0x35e3f60	0x1a8732
17727	0x24a9910	on_dismissed	0x35e4080	0x1a874b
17728	0x24a98f8	crisis_star_class	0x35e41a0	0x1a8764
17729	0x24a9948	can_be_crisis_terraformed	0x35e42c0	0x1a877d
17730	0x24a9920	can_prevent_crisis_terraformation	0x35e43e0	0x1a8796
17731	0x24a9980	proxy_war_resources	0x35e4500	0x1a87af
17732	0x24a9968	on_proxy_war_start	0x35e4620	0x1a87c8
17733	0x24a99a8	is_reckoning_ship	0x35e4740	0x1a87e1
17734	0x24a9998	is_ending_cycle	0x35e4860	0x1a87fa
17735	0x24a99d8	suffix	0x35e4980	0x1a8813
17736	0x24a99c0	last_month_growth_data	0x35e4aa0	0x1a882c
17737	0x24a99f8	current_month_growth_data	0x35e4bc0	0x1a8845
17738	0x24a99e0	has_custom_diplomacy	0x35e4ce0	0x1a885e
17739	0x24a9a38	dismantle_actor	0x35e4e00	0x1a8877
17740	0x24a9a18	auto_generate_description	0x35e4f20	0x1a8890
17741	0x24a9a68	should_reduce_aura_hostile_effect	0x35e5040	0x1a88a9
17742	0x24a9a48	allow_only_same_rank_pops	0x35e5160	0x1a88c2
17743	0x24a9aa8	soft_traits	0x35e5280	0x1a88db
17744	0x24a9a90	pick_or_validate_type	0x35e53a0	0x1a88f4
17745	0x24a9ad0	pre_sapient_purge	0x35e54c0	0x1a890d
17746	0x24a9ab8	fleet_cache_recalc	0x35e55e0	0x1a8926
17747	0x24a9b00	binary_flags	0x35e5700	0x1a893f
17748	0x24a9ae8	carrier_binary_flags	0x35e5820	0x1a8958
17749	0x24a9b20	armada_flag_fleet	0x35e5940	0x1a8971
17750	0x24a9b10	armada_fleets	0x35e5a60	0x1a898a
17751	0x24a9b58	commanding_armada	0x35e5b80	0x1a89a3
17752	0x24a9b38	add_fleet_to_armada_command	0x35e5ca0	0x1a89bc
17753	0x24a9b98	remove_fleet_from_armada_command	0x35e5dc0	0x1a89d5
17754	0x24a9b70	toggle_armada_command_state_command	0x35e5ee0	0x1a89ee
17755	0x24a9bd0	commissioner	0x35e6000	0x1a8a07
17756	0x24a9bc0	can_lead_armada	0x35e6120	0x1a8a20
17757	0x24a9bf0	carries_colony	0x35e6240	0x1a8a39
17758	0x24a9be0	starbase_limit	0x35e6360	0x1a8a52
17759	0x24a9c10	hero_ship	0x35e6480	0x1a8a6b
17760	0x24a9c00	can_repair	0x35e65a0	0x1a8a84
17761	0x24a9c30	can_turn_into_mercenary_enclave	0x35e66c0	0x1a8a9d
17762	0x24a9c20	can_transfer	0x35e67e0	0x1a8ab6
17763	0x24a9c60	can_split	0x35e6900	0x1a8acf
17764	0x24a9c50	can_reinforce	0x35e6a20	0x1a8ae8
17765	0x24a9c90	capabilities	0x35e6b40	0x1a8b01
17766	0x24a9c70	construction_capabilities	0x35e6c60	0x1a8b1a
17767	0x24a9cb0	only_for_demand	0x35e6d80	0x1a8b33
17768	0x24a9ca0	is_contract	0x35e6ea0	0x1a8b4c
17769	0x24a9cd0	map_icon	0x35e6fc0	0x1a8b65
17770	0x24a9cc0	log_icon	0x35e70e0	0x1a8b7e
17771	0x24a9cf8	can_issue_contracts	0x35e7200	0x1a8b97
17772	0x24a9ce0	can_accept_contracts	0x35e7320	0x1a8bb0
17773	0x24a9d28	pickup_contract_command	0x35e7440	0x1a8bc9
17774	0x24a9d10	issue_contract_command	0x35e7560	0x1a8be2
17775	0x24a9d48	cancel_contract_command	0x35e7680	0x1a8bfb
17776	0x24a9d40	refund	0x35e77a0	0x1a8c14
17777	0x24a9d80	collected_system_resources	0x35e78c0	0x1a8c2d
17778	0x24a9d60	collected_colony_resources	0x35e79e0	0x1a8c46
17779	0x24a9dc8	collection_type	0x35e7b00	0x1a8c5f
17780	0x24a9da0	starbase_collected_colony_resources_add	0x35e7c20	0x1a8c78
17781	0x24a9df8	collects_stockpile_from	0x35e7d40	0x1a8c91
17782	0x24a9dd8	collects_stockpile_to_country	0x35e7e60	0x1a8caa
17783	0x24a9e20	ship_stockpile_capacity	0x35e7f80	0x1a8cc3
17784	0x24a9e10	waystations	0x35e80a0	0x1a8cdc
17785	0x24a9e48	networks	0x35e81c0	0x1a8cf5
17786	0x24a9e38	is_waystation	0x35e82e0	0x1a8d0e
17787	0x24a9e88	waystation_network_system_modifier	0x35e8400	0x1a8d27
17788	0x24a9e58	triggered_waystation_network_system_modifier	0x35e8520	0x1a8d40
17789	0x24a9ee0	waystation_network_country_modifier	0x35e8640	0x1a8d59
17790	0x24a9eb0	triggered_waystation_network_country_modifier	0x35e8760	0x1a8d72
17791	0x24a9f20	waystation_network	0x35e8880	0x1a8d8b
17792	0x24a9f08	waystation_networks	0x35e89a0	0x1a8da4
17793	0x24a9f50	waystation_networks_manager	0x35e8ac0	0x1a8dbd
17794	0x24a9f38	connected_countries	0x35e8be0	0x1a8dd6
17795	0x24a9f80	remote_network_resource_collection	0x35e8d00	0x1a8def
17796	0x24a9f70	can_overflow	0x35e8e20	0x1a8e08
17797	0x24a9fb8	map_counter_icon	0x35e8f40	0x1a8e21
17798	0x24a9fa8	hotjoin_type	0x35e9060	0x1a8e3a
17799	0x24a9fe4	resync	0x35e9180	0x1a8e53
17800	0x24a9fd0	factions_to_destroy	0x35e92a0	0x1a8e6c
17801	0x24aa008	collapsible	0x35e93c0	0x1a8e85
17802	0x24a9ff0	naval_capacity_mult	0x35e94e0	0x1a8e9e
17803	0x24aa038	command_limit_galaxy_mult	0x35e9600	0x1a8eb7
17804	0x24aa018	portrait_substitution_mode	0x35e9720	0x1a8ed0
17805	0x24aa070	portrait_substitution_mode_key	0x35e9840	0x1a8ee9
17806	0x24aa058	frontend_background	0x35e9960	0x1a8f02
17807	0x24aa0b0	substitutions	0x35e9a80	0x1a8f1b
17808	0x24aa090	ai_module_composition_changed	0x35e9ba0	0x1a8f34
17809	0x24aa0d0	shows_when_empty	0x35e9cc0	0x1a8f4d
17810	0x24aa0c0	target_tab	0x35e9de0	0x1a8f66
17811	0x24aa0f8	situation_log_category	0x35e9f00	0x1a8f7f
17812	0x24aa0e8	module_slots	0x35ea020	0x1a8f98
17813	0x24aa130	building_slots	0x35ea140	0x1a8fb1
17814	0x24aa110	record_damaging_countries	0x35ea260	0x1a8fca
17815	0x24aa158	damaging_countries	0x35ea380	0x1a8fe3
17816	0x24aa140	first_damaging_country	0x35ea4a0	0x1a8ffc
17817	0x24aa188	second_damaging_country	0x35ea5c0	0x1a9015
17818	0x24aa170	third_damaging_country	0x35ea6e0	0x1a902e
17819	0x24aa1b8	missions	0x35ea800	0x1a9047
17820	0x24aa1a0	point_of_interest	0x35ea920	0x1a9060
17821	0x24aa1d8	contracts	0x35eaa40	0x1a9079
17822	0x24aa1c8	self_pick_up	0x35eab60	0x1a9092
17823	0x24aa210	stockpile_used	0x35eac80	0x1a90ab
17824	0x24aa1e8	waystation_network_stockpile_used	0x35eada0	0x1a90c4
17825	0x24aa250	waystation_has_remote_collection	0x35eaec0	0x1a90dd
17826	0x24aa220	waystation_network_has_remote_collection	0x35eafe0	0x1a90f6
17827	0x24aa2a0	starbase_network_size	0x35eb100	0x1a910f
17828	0x24aa278	set_waystation_network_name_command	0x35eb220	0x1a9128
17829	0x24aa2d8	user_scope	0x35eb340	0x1a9141
17830	0x24aa2b8	megastructure_scripted_action	0x35eb460	0x1a915a
17831	0x24aa2f0	operator	0x35eb580	0x1a9173
17832	0x24aa2e4	issuer	0x35eb6a0	0x1a918c
17833	0x24aa310	desc_operator	0x35eb7c0	0x1a91a5
17834	0x24aa300	desc_issuer	0x35eb8e0	0x1a91be
17835	0x24aa348	to_be_killed	0x35eba00	0x1a91d7
17836	0x24aa320	benefits_from_waystation_network	0x35ebb20	0x1a91f0
17837	0x24aa368	current_action	0x35ebc40	0x1a9209
17838	0x24aa358	reference	0x35ebd60	0x1a9222
17839	0x24aa390	carrier	0x35ebe80	0x1a923b
17840	0x24aa378	specific_behavior	0x35ebfa0	0x1a9254
17841	0x24aa3b0	scripted_catapult_order	0x35ec0c0	0x1a926d
17842	0x24aa398	scripted_survey_order	0x35ec1e0	0x1a9286
17843	0x24aa3e0	scripted_build_megastructure_order	0x35ec300	0x1a929f
17844	0x24aa3c8	hide_from_context_menu	0x35ec420	0x1a92b8
17845	0x24aa420	context_menu_potential	0x35ec540	0x1a92d1
17846	0x24aa408	accepts_all_modifiers	0x35ec660	0x1a92ea
17847	0x24aa448	intel_economy_waystations	0x35ec780	0x1a9303
17848	0x24aa438	is_nomadic	0x35ec8a0	0x1a931c
17849	0x24aa480	is_starting_arkship	0x35ec9c0	0x1a9335
17850	0x24aa468	encampment_process	0x35ecae0	0x1a934e
17851	0x24aa4b0	system_locked	0x35ecc00	0x1a9367
17852	0x24aa498	encampment_progress_add	0x35ecd20	0x1a9380
17853	0x24aa4e0	encampment_progress_mult	0x35ece40	0x1a9399
17854	0x24aa4c0	encampment_required_progress	0x35ecf60	0x1a93b2
17855	0x24aa528	encampment_required_progress_add	0x35ed080	0x1a93cb
17856	0x24aa500	encampment_required_progress_mult	0x35ed1a0	0x1a93e4
17857	0x24aa568	can_toggle_encampment	0x35ed2c0	0x1a93fd
17858	0x24aa550	is_star_seeker_empire	0x35ed3e0	0x1a9416
17859	0x24aa590	can_access_decisions	0x35ed500	0x1a942f
17860	0x24aa580	time_to_accept	0x35ed620	0x1a9448
17861	0x24aa5c0	time_to_complete	0x35ed740	0x1a9461
17862	0x24aa5a8	transfer_ownership	0x35ed860	0x1a947a
17863	0x24aa5e8	transfer_controller	0x35ed980	0x1a9493
17864	0x24aa5d8	merge_pops	0x35edaa0	0x1a94ac
17865	0x24aa618	small_picture	0x35edbc0	0x1a94c5
17866	0x24aa600	ai_military_contract	0x35edce0	0x1a94de
17867	0x24aa630	ai_behaviour	0x35ede00	0x1a94f7
17868	0x24aa628	raid	0x35edf20	0x1a9510
17869	0x24aa658	ai_will_join_wars	0x35ee040	0x1a9529
17870	0x24aa640	ai_will_leave_wars	0x35ee160	0x1a9542
17871	0x24aa688	ai_will_join_offensive_wars	0x35ee280	0x1a955b
17872	0x24aa670	ai_will_accept_ally	0x35ee3a0	0x1a9574
17873	0x24aa6c0	ai_will_accept_enemy	0x35ee4c0	0x1a958d
17874	0x24aa6a8	is_expelled_from	0x35ee5e0	0x1a95a6
17875	0x24aa6f0	can_construct_megastructures	0x35ee700	0x1a95bf
17876	0x24aa6d8	allow_to_leave_war	0x35ee820	0x1a95d8
17877	0x24aa730	permanent	0x35ee940	0x1a95f1
17878	0x24aa710	overrides_gained_resources	0x35eea60	0x1a960a
17879	0x24aa750	on_completed	0x35eeb80	0x1a9623
17880	0x24aa740	on_started	0x35eeca0	0x1a963c
17881	0x24aa778	on_cancelled	0x35eedc0	0x1a9655
17882	0x24aa760	on_progress_start	0x35eeee0	0x1a966e
17883	0x24aa7a0	progress_started	0x35ef000	0x1a9687
17884	0x24aa788	resource_conversions	0x35ef120	0x1a96a0
17885	0x24aa7d0	affected_situation	0x35ef240	0x1a96b9
17886	0x24aa7b8	affected_situation_mult	0x35ef360	0x1a96d2
17887	0x24aa7f8	should_cap	0x35ef480	0x1a96eb
17888	0x24aa7e8	bottomless	0x35ef5a0	0x1a9704
17889	0x24aa810	visible_stockpile	0x35ef6c0	0x1a971d
17890	0x24aa808	can_buy	0x35ef7e0	0x1a9736
17891	0x24aa848	can_sell	0x35ef900	0x1a974f
17892	0x24aa828	override_trade_restriction	0x35efa20	0x1a9768
17893	0x24aa868	can_be_paid_with	0x35efb40	0x1a9781
17894	0x24aa858	default_visible	0x35efc60	0x1a979a
17895	0x24aa890	visibility_overrides	0x35efd80	0x1a97b3
17896	0x24aa880	stay_disabled	0x35efea0	0x1a97cc
17897	0x24aa8b8	dirty_cloaking_strength	0x35effc0	0x1a97e5
17898	0x24aa8a8	max_jumps	0x35f00e0	0x1a97fe
17899	0x24aa8e8	good_enough_weight	0x35f0200	0x1a9817
17900	0x24aa8d0	target_owned_starbases	0x35f0320	0x1a9830
17901	0x24aa910	automation_priority	0x35f0440	0x1a9849
17902	0x24aa900	also_automate	0x35f0560	0x1a9862
17903	0x24aa940	automation_default_on	0x35f0680	0x1a987b
17904	0x24aa928	automate_fleet_order	0x35f07a0	0x1a9894
17905	0x24aa968	force_show_ship_class_icon_frame	0x35f08c0	0x1a98ad
17906	0x24aa958	automation_icon	0x35f09e0	0x1a98c6
17907	0x24aa9a8	postfix	0x35f0b00	0x1a98df
17908	0x24aa990	display_shipyard_button	0x35f0c20	0x1a98f8
17909	0x24aa9c0	display_attack_neutral_fleet_button	0x35f0d40	0x1a9911
17910	0x24aa9b0	combined	0x35f0e60	0x1a992a
17911	0x24aa9f8	single_build_queue	0x35f0f80	0x1a9943
17912	0x24aa9e8	arkships	0x35f10a0	0x1a995c
17913	0x24aaa28	is_wreck	0x35f11c0	0x1a9975
17914	0x247b53c	mods	0x35f12e0	0x1a998e
17915	0x24aaa10	pending_remove_missions	0x35f1400	0x1a99a7
17916	0x24aaa58	ai_resource_target_floors	0x35f1520	0x1a99c0
17917	0x24aaa38	last_valid_resource_floors	0x35f1640	0x1a99d9
17918	0x24aaa98	pop_group_can_join_factions	0x35f1760	0x1a99f2
17919	0x24aaa78	fallen_empire_strength_scale	0x35f1880	0x1a9a0b
17920	0x24aaad0	create_balanced_fleet	0x35f19a0	0x1a9a24
17921	0x24aaab8	auto_sell_rarities	0x35f1ac0	0x1a9a3d
17922	0x24aab10	can_build_branch_office_on_planet	0x35f1be0	0x1a9a56
17923	0x24aaae8	can_crossbreed_species_on_planet	0x35f1d00	0x1a9a6f
17924	0x24aab50	can_generate_army_from_planet	0x35f1e20	0x1a9a88
17925	0x24aab38	can_planet_auto_migrate	0x35f1f40	0x1a9aa1
17926	0x24aab90	can_planet_receive_auto_migration	0x35f2060	0x1a9aba
17927	0x24aab70	can_pops_assemble_on_planet	0x35f2180	0x1a9ad3
17928	0x24aabd0	can_pops_decline_on_planet	0x35f22a0	0x1a9aec
17929	0x24aabb8	can_pops_grow_on_planet	0x35f23c0	0x1a9b05
17930	0x24aac08	can_resettle_planet	0x35f24e0	0x1a9b1e
17931	0x24aabf0	forced_integration	0x35f2600	0x1a9b37
17932	0x24aac30	has_enough_pops_for_necrophage_on_planet	0x35f2720	0x1a9b50
17933	0x24aac20	hide_if_no_cb	0x35f2840	0x1a9b69
17934	0x24aac78	ignore_combat_movement	0x35f2960	0x1a9b82
17935	0x24aac60	integration_rate	0x35f2a80	0x1a9b9b
17936	0x24aaca8	job_reshuffle_interval	0x35f2ba0	0x1a9bb4
17937	0x24aac90	minimum_colony_age	0x35f2cc0	0x1a9bcd
17938	0x24aace0	should_ai_build_stronghold_on_vulnerable_planet	0x35f2de0	0x1a9be6
17939	0x24aacc0	should_planetary_automate	0x35f2f00	0x1a9bff
17940	0x24aad20	update_auto_sell_settings	0x35f3020	0x1a9c18
17941	0x24aad10	base_ship_size	0x35f3140	0x1a9c31
17942	0x24aad50	material	0x35f3260	0x1a9c4a
17943	0x24aad40	duplicate	0x35f3380	0x1a9c63
17944	0x24aad74	steal	0x35f34a0	0x1a9c7c
17945	0x24aad60	notification_mode	0x35f35c0	0x1a9c95
17946	0x24aad88	thief_only	0x35f36e0	0x1a9cae
17947	0x24aad7c	both	0x35f3800	0x1a9cc7
17948	0x24aadb8	income_to_add_in_graphics	0x35f3920	0x1a9ce0
17949	0x24aad98	expenses_to_add_in_graphics	0x35f3a40	0x1a9cf9
17950	0x24aadf0	show_in_monthly_resources_mode	0x35f3b60	0x1a9d12
17951	0x24aadd8	full_occupation_months	0x35f3c80	0x1a9d2b
17952	0x24aae28	ai_building_set_affinity	0x35f3da0	0x1a9d44
17953	0x24aae10	build_menu_potential	0x35f3ec0	0x1a9d5d
17954	0x24aae68	context_menu_ordering	0x35f3fe0	0x1a9d76
17955	0x24aae48	can_reform_government_for_free	0x35f4100	0x1a9d8f
17956	0x24aaea8	stockpile_message_armed	0x35f4220	0x1a9da8
17957	0x24aae80	preserve_movement_animation_progress	0x35f4340	0x1a9dc1
17958	0x24aaed0	from_fleet_name	0x35f4460	0x1a9dda
17959	0x24aaec0	accepted_date	0x35f4580	0x1a9df3
17960	0x24aaef0	navy_coverage	0x35f46a0	0x1a9e0c
17961	0x24aaee0	hidden_trigger	0x35f47c0	0x1a9e25
17962	0x24aaf18	has_district	0x35f48e0	0x1a9e3e
17963	0x24aaf00	free_district_slots	0x35f4a00	0x1a9e57
17964	0x24aaf38	diplomacy_weight	0x35f4b20	0x1a9e70
17965	0x24aaf28	has_owner	0x35f4c40	0x1a9e89
17966	0x24aaf58	free_housing	0x35f4d60	0x1a9ea2
17967	0x24aaf4c	is_ai	0x35f4e80	0x1a9ebb
17968	0x24aaf74	always	0x35f4fa0	0x1a9ed4
17969	0x24aaf68	has_trait	0x35f50c0	0x1a9eed
17970	0x24aaf90	has_ethic	0x35f51e0	0x1a9f06
17971	0x24aaf80	is_occupied_by	0x35f5300	0x1a9f1f
17972	0x24aafb0	is_owned_by	0x35f5420	0x1a9f38
17973	0x24aafa0	is_immortal	0x35f5540	0x1a9f51
17974	0x24aafd8	is_hidden	0x35f5660	0x1a9f6a
17975	0x24aafc0	can_live_on_planet	0x35f5780	0x1a9f83
17976	0x24aaff8	planet_development	0x35f58a0	0x1a9f9c
17977	0x24aafe8	days_passed	0x35f59c0	0x1a9fb5
17978	0x24ab020	free_amenities	0x35f5ae0	0x1a9fce
17979	0x24ab010	has_deficit	0x35f5c00	0x1a9fe7
17980	0x24ab040	has_commercial_pact	0x35f5d20	0x1aa000
17981	0x24ab030	has_role	0x35f5e40	0x1aa019
17982	0x24ab070	fixed_max_amount	0x35f5f60	0x1aa032
17983	0x24ab058	special_max_amount	0x35f6080	0x1aa04b
17984	0x24ab0a0	is_being_assimilated	0x35f61a0	0x1aa064
17985	0x24ab088	num_guaranteed_colonies	0x35f62c0	0x1aa07d
17986	0x24ab0d0	num_owned_relics	0x35f63e0	0x1aa096
17987	0x24ab0b8	has_civic_in_slot	0x35f6500	0x1aa0af
17988	0x24ab100	has_total_civic_points	0x35f6620	0x1aa0c8
17989	0x24ab0e8	has_unused_civic_points	0x35f6740	0x1aa0e1
17990	0x24ab130	num_candidate_supported	0x35f6860	0x1aa0fa
17991	0x24ab118	dismantle_possible	0x35f6980	0x1aa113
17992	0x24ab160	dismantle_potential	0x35f6aa0	0x1aa12c
17993	0x24ab148	should_ai_dismantle	0x35f6bc0	0x1aa145
17994	0x24ab190	council_agenda_progress_percent	0x35f6ce0	0x1aa15e
17995	0x24ab178	council_legitimacy	0x35f6e00	0x1aa177
17996	0x24ab1d0	has_agenda_selected	0x35f6f20	0x1aa190
17997	0x24ab1b0	has_unlocked_council_positions	0x35f7040	0x1aa1a9
17998	0x24ab200	has_diplo_stance	0x35f7160	0x1aa1c2
17999	0x24ab1e8	has_branch_office	0x35f7280	0x1aa1db
18000	0x24ab230	is_same_species	0x35f73a0	0x1aa1f4
18001	0x24ab218	is_criminal_syndicate	0x35f74c0	0x1aa20d
18002	0x24ab250	is_blocker	0x35f75e0	0x1aa226
18003	0x24ab240	is_same_empire	0x35f7700	0x1aa23f
18004	0x24ab278	free_branch_office_building_slots	0x35f7820	0x1aa258
18005	0x24ab260	branch_office_value	0x35f7940	0x1aa271
18006	0x24ab2b0	free_jobs	0x35f7a60	0x1aa28a
18007	0x24ab2a0	is_planet_class	0x35f7b80	0x1aa2a3
18008	0x24ab2d0	has_strategic_resource	0x35f7ca0	0x1aa2bc
18009	0x24ab2c0	is_star_class	0x35f7dc0	0x1aa2d5
18010	0x24ab300	has_technology	0x35f7ee0	0x1aa2ee
18011	0x24ab2e8	can_research_technology	0x35f8000	0x1aa307
18012	0x24ab320	can_copy_random_tech_from	0x35f8120	0x1aa320
18013	0x24ab310	can_set_policy	0x35f8240	0x1aa339
18014	0x24ab350	planet_devastation	0x35f8360	0x1aa352
18015	0x24ab340	is_pop_category	0x35f8480	0x1aa36b
18016	0x24ab380	won_the_game	0x35f85a0	0x1aa384
18017	0x24ab368	planet_stability	0x35f86c0	0x1aa39d
18018	0x24ab3a0	perc_communications_with_playable	0x35f87e0	0x1aa3b6
18019	0x24ab390	planet_crime	0x35f8900	0x1aa3cf
18020	0x24ab3e8	has_planetary_ascension_tier	0x35f8a20	0x1aa3e8
18021	0x24ab3c8	num_planetary_ascension_tiers	0x35f8b40	0x1aa401
18022	0x24ab420	has_job_type	0x35f8c60	0x1aa41a
18023	0x24ab408	has_background_job	0x35f8d80	0x1aa433
18024	0x24ab448	has_planet_modifier	0x35f8ea0	0x1aa44c
18025	0x24ab430	has_country_modifier	0x35f8fc0	0x1aa465
18026	0x24ab470	is_deposit_type	0x35f90e0	0x1aa47e
18027	0x24ab460	free_pop_slots	0x35f9200	0x1aa497
18028	0x24ab498	has_built_species	0x35f9320	0x1aa4b0
18029	0x24ab480	is_faction_extorted	0x35f9440	0x1aa4c9
18030	0x24ab4c0	has_extorted_faction	0x35f9560	0x1aa4e2
18031	0x24ab4b0	num_buildings	0x35f9680	0x1aa4fb
18032	0x24ab4f0	num_districts	0x35f97a0	0x1aa514
18033	0x24ab4d8	num_free_districts	0x35f98c0	0x1aa52d
18034	0x24ab518	has_planet_flag	0x35f99e0	0x1aa546
18035	0x24ab500	has_carrier_flag	0x35f9b00	0x1aa55f
18036	0x24ab540	has_first_contact_flag	0x35f9c20	0x1aa578
18037	0x24ab528	has_situation_flag	0x35f9d40	0x1aa591
18038	0x24ab570	has_agreement_flag	0x35f9e60	0x1aa5aa
18039	0x24ab558	has_federation_flag	0x35f9f80	0x1aa5c3
18040	0x24ab598	has_country_flag	0x35fa0a0	0x1aa5dc
18041	0x24ab588	has_fleet_flag	0x35fa1c0	0x1aa5f5
18042	0x24ab5c0	has_ship_flag	0x35fa2e0	0x1aa60e
18043	0x24ab5b0	has_army_flag	0x35fa400	0x1aa627
18044	0x24ab5e0	has_deposit_flag	0x35fa520	0x1aa640
18045	0x24ab5d0	has_war_flag	0x35fa640	0x1aa659
18046	0x24ab608	has_starbase_flag	0x35fa760	0x1aa672
18047	0x24ab5f8	has_sector_flag	0x35fa880	0x1aa68b
18048	0x24ab638	has_archaeology_flag	0x35fa9a0	0x1aa6a4
18049	0x24ab620	has_spynetwork_flag	0x35faac0	0x1aa6bd
18050	0x24ab668	has_espionage_asset_flag	0x35fabe0	0x1aa6d6
18051	0x24ab650	has_astral_rift_flag	0x35fad00	0x1aa6ef
18052	0x24ab698	has_mission_flag	0x35fae20	0x1aa708
18053	0x24ab688	has_any_flag	0x35faf40	0x1aa721
18054	0x24ab6c8	is_ship_class	0x35fb060	0x1aa73a
18055	0x24ab6b0	has_attitude_behavior	0x35fb180	0x1aa753
18056	0x24ab6e8	is_ship_size	0x35fb2a0	0x1aa76c
18057	0x24ab6d8	is_capital	0x35fb3c0	0x1aa785
18058	0x24ab708	is_capital_system	0x35fb4e0	0x1aa79e
18059	0x24ab6f8	is_occupied	0x35fb600	0x1aa7b7
18060	0x24ab730	has_ground_combat	0x35fb720	0x1aa7d0
18061	0x24ab720	is_at_war	0x35fb840	0x1aa7e9
18062	0x24ab760	num_owned_leaders	0x35fb960	0x1aa802
18063	0x24ab748	num_owned_planets	0x35fba80	0x1aa81b
18064	0x24ab788	has_government	0x35fbba0	0x1aa834
18065	0x24ab778	num_unemployed	0x35fbcc0	0x1aa84d
18066	0x24ab7a8	can_work_specific_job	0x35fbde0	0x1aa866
18067	0x24ab798	is_primitive	0x35fbf00	0x1aa87f
18068	0x24ab7d8	is_archetype	0x35fc020	0x1aa898
18069	0x24ab7c0	uplift_is_archetype	0x35fc140	0x1aa8b1
18070	0x24ab800	is_inside_nebula	0x35fc260	0x1aa8ca
18071	0x24ab7e8	is_in_frontier_space	0x35fc380	0x1aa8e3
18072	0x24ab828	is_inside_border	0x35fc4a0	0x1aa8fc
18073	0x24ab818	is_vassal	0x35fc5c0	0x1aa915
18074	0x24ab850	is_overlord	0x35fc6e0	0x1aa92e
18075	0x24ab840	is_at_war_with	0x35fc800	0x1aa947
18076	0x24ab878	their_opinion	0x35fc920	0x1aa960
18077	0x24ab860	is_same_species_class	0x35fca40	0x1aa979
18078	0x24ab898	has_alliance	0x35fcb60	0x1aa992
18079	0x24ab888	has_federation	0x35fcc80	0x1aa9ab
18080	0x24ab8b8	is_colonizable	0x35fcda0	0x1aa9c4
18081	0x24ab8a8	num_minerals	0x35fcec0	0x1aa9dd
18082	0x24ab8d8	num_physics	0x35fcfe0	0x1aa9f6
18083	0x24ab8c8	num_society	0x35fd100	0x1aaa0f
18084	0x24ab8f8	num_engineering	0x35fd220	0x1aaa28
18085	0x24ab8e8	num_modifiers	0x35fd340	0x1aaa41
18086	0x24ab918	has_any_strategic_resource	0x35fd460	0x1aaa5a
18087	0x24ab908	is_faction	0x35fd580	0x1aaa73
18088	0x24ab950	free_leader_slots	0x35fd6a0	0x1aaa8c
18089	0x24ab938	tech_tree_completed	0x35fd7c0	0x1aaaa5
18090	0x24ab980	has_pop_flag	0x35fd8e0	0x1aaabe
18091	0x24ab968	has_pop_group_flag	0x35fda00	0x1aaad7
18092	0x24ab9a0	is_occupied_flag	0x35fdb20	0x1aaaf0
18093	0x24ab990	create_leader	0x35fdc40	0x1aab09
18094	0x24ab9c0	is_damaged	0x35fdd60	0x1aab22
18095	0x24ab9b4	has_hp	0x35fde80	0x1aab3b
18096	0x24ab9e0	has_shield_hp	0x35fdfa0	0x1aab54
18097	0x24ab9d0	has_max_hp	0x35fe0c0	0x1aab6d
18098	0x24aba00	has_max_armor_hp	0x35fe1e0	0x1aab86
18099	0x24ab9f0	is_surveyed	0x35fe300	0x1aab9f
18100	0x24aba28	is_being_surveyed	0x35fe420	0x1aabb8
18101	0x24aba18	has_global_flag	0x35fe540	0x1aabd1
18102	0x24aba50	is_variable_set	0x35fe660	0x1aabea
18103	0x24aba40	check_variable	0x35fe780	0x1aac03
18104	0x24aba78	check_variable_arithmetic	0x35fe8a0	0x1aac1c
18105	0x24aba60	check_modifier_value	0x35fe9c0	0x1aac35
18106	0x24abab8	check_economic_production_modifier_for_job	0x35feae0	0x1aac4e
18107	0x24aba98	check_galaxy_setup_value	0x35fec00	0x1aac67
18108	0x24abaf8	is_colony	0x35fed20	0x1aac80
18109	0x24abae8	habitability	0x35fee40	0x1aac99
18110	0x24abb18	has_building	0x35fef60	0x1aacb2
18111	0x24abb08	has_holding	0x35ff080	0x1aaccb
18112	0x24abb40	has_active_building	0x35ff1a0	0x1aace4
18113	0x24abb28	is_controlled_by	0x35ff2c0	0x1aacfd
18114	0x24abb68	is_fallen_empire	0x35ff3e0	0x1aad16
18115	0x24abb58	is_terraformed	0x35ff500	0x1aad2f
18116	0x24abba0	is_terraforming	0x35ff620	0x1aad48
18117	0x24abb80	is_scripted_terraforming	0x35ff740	0x1aad61
18118	0x24abbc8	is_in_alliance	0x35ff860	0x1aad7a
18119	0x24abbb0	is_in_federation	0x35ff980	0x1aad93
18120	0x24abbe8	is_federation_leader	0x35ffaa0	0x1aadac
18121	0x24abbd8	is_mobile	0x35ffbc0	0x1aadc5
18122	0x24abc20	is_in_sensor_range	0x35ffce0	0x1aadde
18123	0x24abc00	is_in_sensor_range_of_country	0x35ffe00	0x1aadf7
18124	0x24abc48	has_sensor_link_from	0x35fff20	0x1aae10
18125	0x24abc38	has_star_flag	0x3600040	0x1aae29
18126	0x24abc78	has_mining_station	0x3600160	0x1aae42
18127	0x24abc60	has_research_station	0x3600280	0x1aae5b
18128	0x24abca0	has_spaceport	0x36003a0	0x1aae74
18129	0x24abc90	army_type	0x36004c0	0x1aae8d
18130	0x24abcc0	is_defensive_army	0x36005e0	0x1aaea6
18131	0x24abcb0	has_army	0x3600700	0x1aaebf
18132	0x24abce8	is_advisor_active	0x3600820	0x1aaed8
18133	0x24abcd8	is_enslaved	0x3600940	0x1aaef1
18134	0x24abd10	include_being_constructed	0x3600a60	0x1aaf0a
18135	0x24abd00	is_being_purged	0x3600b80	0x1aaf23
18136	0x24abd40	is_idle	0x3600ca0	0x1aaf3c
18137	0x24abd30	fertility	0x3600dc0	0x1aaf55
18138	0x24abd68	tech_group_unlocked	0x3600ee0	0x1aaf6e
18139	0x24abd48	tech_group_available_for_unlock	0x3601000	0x1aaf87
18140	0x24abd88	tech_group_researched	0x3601120	0x1aafa0
18141	0x24abd7c	income	0x3601240	0x1aafb9
18142	0x24abdb0	expenses	0x3601360	0x1aafd2
18143	0x24abda0	tax_income	0x3601480	0x1aafeb
18144	0x24abdd8	produced_energy	0x36015a0	0x1ab004
18145	0x24abdc0	num_uncleared_blockers	0x36016c0	0x1ab01d
18146	0x24abe00	num_envoys_to_federation	0x36017e0	0x1ab036
18147	0x24abde8	num_envoys_to_galcom	0x3601900	0x1ab04f
18148	0x24abe38	has_envoy_task	0x3601a20	0x1ab068
18149	0x24abe20	has_envoy_cooldown	0x3601b40	0x1ab081
18150	0x24abe58	precious_metals_income	0x3601c60	0x1ab09a
18151	0x24abe48	trade_income	0x3601d80	0x1ab0b3
18152	0x24abe88	trade_expenses	0x3601ea0	0x1ab0cc
18153	0x24abe70	ship_maintenance	0x3601fc0	0x1ab0e5
18154	0x24abeb0	army_maintenance	0x36020e0	0x1ab0fe
18155	0x24abe98	colony_maintenance	0x3602200	0x1ab117
18156	0x24abee0	station_maintenance	0x3602320	0x1ab130
18157	0x24abec8	construction_expenses	0x3602440	0x1ab149
18158	0x24abf10	federation_expenses	0x3602560	0x1ab162
18159	0x24abef8	reparation_expenses	0x3602680	0x1ab17b
18160	0x24abf40	has_anomaly	0x36027a0	0x1ab194
18161	0x24abf28	stored_physics_points	0x36028c0	0x1ab1ad
18162	0x24abf70	stored_society_points	0x36029e0	0x1ab1c6
18163	0x24abf50	stored_engineering_points	0x3602b00	0x1ab1df
18164	0x24abf98	running_balance	0x3602c20	0x1ab1f8
18165	0x24abf88	is_planet	0x3602d40	0x1ab211
18166	0x24abfb0	is_pop	0x3602e60	0x1ab22a
18167	0x24abfa8	is_ship	0x3602f80	0x1ab243
18168	0x24abfc8	is_army	0x36030a0	0x1ab25c
18169	0x24abfb8	is_country	0x36031c0	0x1ab275
18170	0x24abfe0	is_tutorial_level	0x36032e0	0x1ab28e
18171	0x24abfd0	is_multiplayer	0x3603400	0x1ab2a7
18172	0x24ac018	has_event_chain	0x3603520	0x1ab2c0
18173	0x24abff8	has_completed_event_chain	0x3603640	0x1ab2d9
18174	0x24ac040	num_adjacent_researched_techs	0x3603760	0x1ab2f2
18175	0x24ac028	is_species_class	0x3603880	0x1ab30b
18176	0x24ac078	has_opinion_modifier	0x36039a0	0x1ab324
18177	0x24ac060	has_established_contact	0x3603ac0	0x1ab33d
18178	0x24ac0a8	has_completed_event_chain_counter	0x3603be0	0x1ab356
18179	0x24ac090	has_planet_class	0x3603d00	0x1ab36f
18180	0x24ac0f0	is_disabled	0x3603e20	0x1ab388
18181	0x24ac0d0	has_existing_ship_design	0x3603f40	0x1ab3a1
18182	0x24ac110	has_grown_pop	0x3604060	0x1ab3ba
18183	0x24ac100	has_growing_pop	0x3604180	0x1ab3d3
18184	0x24ac140	has_resource	0x36042a0	0x1ab3ec
18185	0x24ac120	has_building_construction	0x36043c0	0x1ab405
18186	0x24ac160	num_fallen_empires_setting	0x36044e0	0x1ab41e
18187	0x24ac150	has_blocker	0x3604600	0x1ab437
18188	0x24ac198	free_pop_tiles	0x3604720	0x1ab450
18189	0x24ac180	free_building_slots	0x3604840	0x1ab469
18190	0x24ac1c0	set_disabled	0x3604960	0x1ab482
18191	0x24ac1a8	has_relation_flag	0x3604a80	0x1ab49b
18192	0x24ac1e0	reverse_has_relation_flag	0x3604ba0	0x1ab4b4
18193	0x24ac1d0	has_moon	0x3604cc0	0x1ab4cd
18194	0x24ac218	num_moons	0x3604de0	0x1ab4e6
18195	0x24ac200	num_adjacent_tiles	0x3604f00	0x1ab4ff
18196	0x24ac240	is_sapient	0x3605020	0x1ab518
18197	0x24ac228	inherits_parent_rights	0x3605140	0x1ab531
18198	0x24ac260	is_preventing_anomaly	0x3605260	0x1ab54a
18199	0x24ac250	has_deposit_for	0x3605380	0x1ab563
18200	0x24ac290	colony_age	0x36054a0	0x1ab57c
18201	0x24ac278	colony_age_years	0x36055c0	0x1ab595
18202	0x24ac2b0	is_bottleneck_system	0x36056e0	0x1ab5ae
18203	0x24ac2a0	is_rim_system	0x3605800	0x1ab5c7
18204	0x24ac2d8	is_country_type	0x3605920	0x1ab5e0
18205	0x24ac2c8	has_modifier	0x3605a40	0x1ab5f9
18206	0x24ac300	set_spaceport_module	0x3605b60	0x1ab612
18207	0x24ac2e8	mission_progress	0x3605c80	0x1ab62b
18208	0x24ac328	num_ethics	0x3605da0	0x1ab644
18209	0x24ac318	num_traits	0x3605ec0	0x1ab65d
18210	0x24ac350	has_truce	0x3605fe0	0x1ab676
18211	0x24ac338	has_access_military	0x3606100	0x1ab68f
18212	0x24ac378	has_access_civilian	0x3606220	0x1ab6a8
18213	0x24ac360	has_access_construction	0x3606340	0x1ab6c1
18214	0x24ac3a0	can_access_system	0x3606460	0x1ab6da
18215	0x24ac390	is_ringworld	0x3606580	0x1ab6f3
18216	0x24ac3c0	member_of_faction	0x36066a0	0x1ab70c
18217	0x24ac3b8	support	0x36067c0	0x1ab725
18218	0x24ac3f0	is_ideal_planet_class	0x36068e0	0x1ab73e
18219	0x24ac3d8	is_pop_faction_type	0x3606a00	0x1ab757
18220	0x24ac420	intel_level	0x3606b20	0x1ab770
18221	0x24ac408	is_researching_area	0x3606c40	0x1ab789
18222	0x24ac450	situation_progress	0x3606d60	0x1ab7a2
18223	0x24ac430	situation_monthly_progress	0x3606e80	0x1ab7bb
18224	0x24ac488	is_situation_type	0x3606fa0	0x1ab7d4
18225	0x24ac468	current_situation_approach	0x36070c0	0x1ab7ed
18226	0x24ac4b0	can_set_situation_approach	0x36071e0	0x1ab806
18227	0x24ac4a0	has_faction	0x3607300	0x1ab81f
18228	0x24ac4e0	can_declare_war	0x3607420	0x1ab838
18229	0x24ac4d0	is_hostile	0x3607540	0x1ab851
18230	0x24ac508	is_forced_neutral	0x3607660	0x1ab86a
18231	0x24ac4f0	is_forced_friendly	0x3607780	0x1ab883
18232	0x24ac538	has_communications	0x36078a0	0x1ab89c
18233	0x24ac520	has_country_resource	0x36079c0	0x1ab8b5
18234	0x24ac568	has_leader_flag	0x3607ae0	0x1ab8ce
18235	0x24ac550	num_killed_ships	0x3607c00	0x1ab8e7
18236	0x24ac590	num_taken_planets	0x3607d20	0x1ab900
18237	0x24ac578	has_claim_modifier	0x3607e40	0x1ab919
18238	0x24ac5c0	count_owned_ships	0x3607f60	0x1ab932
18239	0x24ac5a8	leader_of_faction	0x3608080	0x1ab94b
18240	0x24ac5f8	is_scope_valid	0x36081a0	0x1ab964
18241	0x24ac5d8	opposing_ethics_divergence	0x36082c0	0x1ab97d
18242	0x24ac620	is_war_leader	0x36083e0	0x1ab996
18243	0x24ac608	is_in_alliance_with	0x3608500	0x1ab9af
18244	0x24ac648	is_in_federation_with	0x3608620	0x1ab9c8
18245	0x24ac630	can_change_policy	0x3608740	0x1ab9e1
18246	0x24ac670	count_pop_factions	0x3608860	0x1ab9fa
18247	0x24ac660	is_faction_type	0x3608980	0x1aba13
18248	0x24ac698	is_ironman	0x3608aa0	0x1aba2c
18249	0x24ac688	species_gender	0x3608bc0	0x1aba45
18250	0x24ac6b0	has_monthly_income	0x3608ce0	0x1aba5e
18251	0x24ac6a4	else	0x3608e00	0x1aba77
18252	0x24ac6d8	has_policy_flag	0x3608f20	0x1aba90
18253	0x24ac6c8	count_deposits	0x3609040	0x1abaa9
18254	0x24ac700	count_traits	0x3609160	0x1abac2
18255	0x24ac6e8	count_species_traits	0x3609280	0x1abadb
18256	0x24ac728	has_tech_option	0x36093a0	0x1abaf4
18257	0x24ac710	count_tech_options	0x36094c0	0x1abb0d
18258	0x24ac750	has_point_of_interest	0x36095e0	0x1abb26
18259	0x24ac738	is_being_repaired	0x3609700	0x1abb3f
18260	0x24ac780	ai_diplo_action_reason	0x3609820	0x1abb58
18261	0x24ac768	has_prev_building	0x3609940	0x1abb71
18262	0x24ac7b0	pop_amount	0x3609a60	0x1abb8a
18263	0x24ac798	planet_distance_empire	0x3609b80	0x1abba3
18264	0x24ac7d8	compare_distance	0x3609ca0	0x1abbbc
18265	0x24ac7c0	has_ambient_object_flag	0x3609dc0	0x1abbd5
18266	0x24ac808	is_ambient_object_type	0x3609ee0	0x1abbee
18267	0x24ac7f0	galaxy_percentage	0x360a000	0x1abc07
18268	0x24ac838	custom_tooltip_fail	0x360a120	0x1abc20
18269	0x24ac820	current_val_coeff	0x360a240	0x1abc39
18270	0x24ac860	final_val_coeff	0x360a360	0x1abc52
18271	0x24ac850	custom_progress	0x360a480	0x1abc6b
18272	0x24ac880	hidden_progress	0x360a5a0	0x1abc84
18273	0x24ac870	simple_progress	0x360a6c0	0x1abc9d
18274	0x24ac8a0	has_ai_goal	0x360a7e0	0x1abcb6
18275	0x24ac890	count_armies	0x360a900	0x1abccf
18276	0x24ac8c0	is_in_combat	0x360aa20	0x1abce8
18277	0x24ac8b0	is_in_frontline	0x360ab40	0x1abd01
18278	0x24ac8e8	is_guaranteeing	0x360ac60	0x1abd1a
18279	0x24ac8d0	is_war_participant	0x360ad80	0x1abd33
18280	0x24ac908	is_homeworld	0x360aea0	0x1abd4c
18281	0x24ac8f8	is_friendly_to	0x360afc0	0x1abd65
18282	0x24ac930	is_hostile_to	0x360b0e0	0x1abd7e
18283	0x24ac918	is_protective_to	0x360b200	0x1abd97
18284	0x24ac950	is_threatened_to	0x360b320	0x1abdb0
18285	0x24ac940	is_ruined	0x360b440	0x1abdc9
18286	0x24ac980	years_passed	0x360b560	0x1abde2
18287	0x24ac968	mid_game_years_passed	0x360b680	0x1abdfb
18288	0x24ac9a8	end_game_years_passed	0x360b7a0	0x1abe14
18289	0x24ac990	is_dismissive_to	0x360b8c0	0x1abe2d
18290	0x24ac9d0	is_patronizing_to	0x360b9e0	0x1abe46
18291	0x24ac9c0	is_angry_to	0x360bb00	0x1abe5f
18292	0x24ac9f8	is_neighbor_of	0x360bc20	0x1abe78
18293	0x24ac9e8	is_rival	0x360bd40	0x1abe91
18294	0x24aca18	is_unfriendly_to	0x360be60	0x1abeaa
18295	0x24aca08	is_loyal_to	0x360bf80	0x1abec3
18296	0x24aca40	is_disloyal_to	0x360c0a0	0x1abedc
18297	0x24aca30	is_cordial_to	0x360c1c0	0x1abef5
18298	0x24aca60	is_domineering_to	0x360c2e0	0x1abf0e
18299	0x24aca50	is_wary_to	0x360c400	0x1abf27
18300	0x24aca90	fleet_power	0x360c520	0x1abf40
18301	0x24aca78	has_election_type	0x360c640	0x1abf59
18302	0x24acab8	is_background_planet	0x360c760	0x1abf72
18303	0x24acaa0	has_ai_personality	0x360c880	0x1abf8b
18304	0x24acaf0	has_ai_personality_type	0x360c9a0	0x1abfa4
18305	0x24acad0	has_ai_personality_behaviour	0x360cac0	0x1abfbd
18306	0x24acb18	has_valid_ai_personality	0x360cbe0	0x1abfd6
18307	0x24acb08	is_planet_size	0x360cd00	0x1abfef
18308	0x24acb50	has_migration_access	0x360ce20	0x1ac008
18309	0x24acb38	grants_migration_access	0x360cf40	0x1ac021
18310	0x24acb78	logged_in_to_pdx_account	0x360d060	0x1ac03a
18311	0x24acb68	would_join_war	0x360d180	0x1ac053
18312	0x24acbb0	can_be_subject	0x360d2a0	0x1ac06c
18313	0x24acb98	count_war_participants	0x360d3c0	0x1ac085
18314	0x24acbd0	count_potential_war_participants	0x360d4e0	0x1ac09e
18315	0x24acbc0	has_base_skill	0x360d600	0x1ac0b7
18316	0x24acc08	has_total_skill	0x360d720	0x1ac0d0
18317	0x24acbf8	has_experience	0x360d840	0x1ac0e9
18318	0x24acc30	is_under_colonization	0x360d960	0x1ac102
18319	0x24acc18	has_colony_progress	0x360da80	0x1ac11b
18320	0x24acc58	distance_to_empire	0x360dba0	0x1ac134
18321	0x24acc48	years_of_peace	0x360dcc0	0x1ac14d
18322	0x24acc90	is_within_borders_of	0x360dde0	0x1ac166
18323	0x24acc70	num_marauder_empires_to_spawn	0x360df00	0x1ac17f
18324	0x24accc0	has_species_flag	0x360e020	0x1ac198
18325	0x24acca8	has_auto_move_target	0x360e140	0x1ac1b1
18326	0x24accf0	count_system_ships	0x360e260	0x1ac1ca
18327	0x24accd8	count_starbase_modules	0x360e380	0x1ac1e3
18328	0x24acd20	count_starbase_buildings	0x360e4a0	0x1ac1fc
18329	0x24acd08	is_belligerent_to	0x360e5c0	0x1ac215
18330	0x24acd50	is_imperious_to	0x360e6e0	0x1ac22e
18331	0x24acd40	is_arrogant_to	0x360e800	0x1ac247
18332	0x24acd78	has_association_status	0x360e920	0x1ac260
18333	0x24acd60	is_original_owner	0x360ea40	0x1ac279
18334	0x24acda0	is_growing	0x360eb60	0x1ac292
18335	0x24acd90	can_work_job	0x360ec80	0x1ac2ab
18336	0x24acdc8	subject_can_diplomacy	0x360eda0	0x1ac2c4
18337	0x24acdb0	has_surveyed_class	0x360eec0	0x1ac2dd
18338	0x24acdf0	fleet_size	0x360efe0	0x1ac2f6
18339	0x24acde0	host_has_dlc	0x360f100	0x1ac30f
18340	0x24ace10	local_has_dlc	0x360f220	0x1ac328
18341	0x24ace00	num_rare_techs	0x360f340	0x1ac341
18342	0x24ace38	num_dangerous_techs	0x360f460	0x1ac35a
18343	0x24ace20	num_insight_techs	0x360f580	0x1ac373
18344	0x24ace68	num_custom_1_techs	0x360f6a0	0x1ac38c
18345	0x24ace50	num_custom_2_techs	0x360f7c0	0x1ac3a5
18346	0x24ace98	num_custom_3_techs	0x360f8e0	0x1ac3be
18347	0x24ace80	num_repeatable_techs	0x360fa00	0x1ac3d7
18348	0x24aced0	num_researched_techs	0x360fb20	0x1ac3f0
18349	0x24aceb0	num_researched_techs_of_tier	0x360fc40	0x1ac409
18350	0x24acef8	can_research_tier	0x360fd60	0x1ac422
18351	0x24acee8	has_mandate	0x360fe80	0x1ac43b
18352	0x24acf30	has_spaceport_module	0x360ffa0	0x1ac454
18353	0x24acf10	has_free_spaceport_module_slot	0x36100c0	0x1ac46d
18354	0x24acf68	is_spaceport_module_slot_free	0x36101e0	0x1ac486
18355	0x24acf48	can_build_spaceport_module	0x3610300	0x1ac49f
18356	0x24acfa0	num_free_spaceport_module_slots	0x3610420	0x1ac4b8
18357	0x24acf88	num_spaceport_modules	0x3610540	0x1ac4d1
18358	0x24acfc8	nor	0x3610660	0x1ac4ea
18359	0x24acfc0	nand	0x3610780	0x1ac503
18360	0x24acfe0	num_energy	0x36108a0	0x1ac51c
18361	0x24acfd0	num_armies	0x36109c0	0x1ac535
18362	0x24ad008	has_war_goal	0x3610ae0	0x1ac54e
18363	0x24acff0	max_naval_capacity	0x3610c00	0x1ac567
18364	0x24ad038	used_naval_capacity_integer	0x3610d20	0x1ac580
18365	0x24ad018	used_naval_capacity_percent	0x3610e40	0x1ac599
18366	0x24ad078	max_starbase_capacity	0x3610f60	0x1ac5b2
18367	0x24ad058	used_starbase_capacity_integer	0x3611080	0x1ac5cb
18368	0x24ad0b8	used_starbase_capacity_percent	0x36111a0	0x1ac5e4
18369	0x24ad090	used_defense_platform_capacity_percent	0x36112c0	0x1ac5fd
18370	0x24ad0f0	war_begun_num_fleets_gone_mia	0x36113e0	0x1ac616
18371	0x24ad0d8	custom_tooltip_success	0x3611500	0x1ac62f
18372	0x24ad120	has_active_event	0x3611620	0x1ac648
18373	0x24ad110	success_text	0x3611740	0x1ac661
18374	0x24ad168	fail_text	0x3611860	0x1ac67a
18375	0x24ad138	war_begun_num_wormhole_stations_destroyed	0x3611980	0x1ac693
18376	0x24ad190	is_subject_type	0x3611aa0	0x1ac6ac
18377	0x24ad178	has_defensive_pact	0x3611bc0	0x1ac6c5
18378	0x24ad1c0	calc_true_if	0x3611ce0	0x1ac6de
18379	0x24ad1a0	has_spaceport_construction	0x3611e00	0x1ac6f7
18380	0x24ad1e0	is_researching_technology	0x3611f20	0x1ac710
18381	0x24ad1d0	is_subject	0x3612040	0x1ac729
18382	0x24ad210	log	0x3612160	0x1ac742
18383	0x24ad200	is_enigmatic_to	0x3612280	0x1ac75b
18384	0x24ad230	is_berserker_to	0x36123a0	0x1ac774
18385	0x24ad218	joel_trigger_token_5	0x36124c0	0x1ac78d
18386	0x24ad258	joel_trigger_token_6	0x36125e0	0x1ac7a6
18387	0x24ad240	joel_trigger_token_7	0x3612700	0x1ac7bf
18388	0x24ad288	joel_trigger_token_8	0x3612820	0x1ac7d8
18389	0x24ad270	joel_trigger_token_9	0x3612940	0x1ac7f1
18390	0x24ad2b0	joel_trigger_token_10	0x3612a60	0x1ac80a
18391	0x24ad2a0	has_same_ethos	0x3612b80	0x1ac823
18392	0x24ad2e0	is_majority_species	0x3612ca0	0x1ac83c
18393	0x24ad2c8	joel_trigger_token_13	0x3612dc0	0x1ac855
18394	0x24ad308	has_closed_borders	0x3612ee0	0x1ac86e
18395	0x24ad2f8	is_difficulty	0x3613000	0x1ac887
18396	0x24ad338	is_exact_same_species	0x3613120	0x1ac8a0
18397	0x24ad320	can_control_access_for	0x3613240	0x1ac8b9
18398	0x24ad370	is_overlord_to	0x3613360	0x1ac8d2
18399	0x24ad350	is_improving_relations_with	0x3613480	0x1ac8eb
18400	0x24ad3a0	is_harming_relations_with	0x36135a0	0x1ac904
18401	0x24ad380	distance_to_core_percent	0x36136c0	0x1ac91d
18402	0x24ad3d8	distance_to_capital	0x36137e0	0x1ac936
18403	0x24ad3c0	has_non_aggression_pact	0x3613900	0x1ac94f
18404	0x24ad408	happiness_planet	0x3613a20	0x1ac968
18405	0x24ad3f0	pre_ruler_leader_class	0x3613b40	0x1ac981
18406	0x24ad438	has_hp_percentage	0x3613c60	0x1ac99a
18407	0x24ad420	has_armor_percentage	0x3613d80	0x1ac9b3
18408	0x24ad468	has_shield_percentage	0x3613ea0	0x1ac9cc
18409	0x24ad450	can_join_factions	0x3613fc0	0x1ac9e5
18410	0x24ad488	is_custodial_to	0x36140e0	0x1ac9fe
18411	0x24ad480	has_pop	0x3614200	0x1aca17
18412	0x24ad4a8	num_pops_assigned_to_job	0x3614320	0x1aca30
18413	0x24ad498	has_valid_civic	0x3614440	0x1aca49
18414	0x24ad4e0	is_being_force_purged	0x3614560	0x1aca62
18415	0x24ad4c8	has_active_tradition	0x3614680	0x1aca7b
18416	0x24ad508	num_tradition_categories	0x36147a0	0x1aca94
18417	0x24ad4f8	is_event_leader	0x36148c0	0x1acaad
18418	0x24ad540	num_strategic_resources	0x36149e0	0x1acac6
18419	0x24ad528	is_crises_allowed	0x3614b00	0x1acadf
18420	0x24ad570	allowed_crisis_type	0x3614c20	0x1acaf8
18421	0x24ad558	is_founder_species	0x3614d40	0x1acb11
18422	0x24ad598	is_custom_capital_location	0x3614e60	0x1acb2a
18423	0x24ad588	count_countries	0x3614f80	0x1acb43
18424	0x24ad5d8	resource_income_to_expenditure_balance_ratio	0x36150a0	0x1acb5c
18425	0x24ad5b8	resource_stockpile_compare	0x36151c0	0x1acb75
18426	0x24ad630	resource_stockpile_percent	0x36152e0	0x1acb8e
18427	0x24ad608	used_stockpile_capacity_percentage	0x3615400	0x1acba7
18428	0x24ad668	planet_resource_compare	0x3615520	0x1acbc0
18429	0x24ad650	resource_income_compare	0x3615640	0x1acbd9
18430	0x24ad6a0	resource_expenses_compare	0x3615760	0x1acbf2
18431	0x24ad680	resource_revenue_compare	0x3615880	0x1acc0b
18432	0x24ad6d8	market_resource_price	0x36159a0	0x1acc24
18433	0x24ad6c0	pop_amount_percentage	0x3615ac0	0x1acc3d
18434	0x24ad708	num_species	0x3615be0	0x1acc56
18435	0x24ad6f0	num_unique_species	0x3615d00	0x1acc6f
18436	0x24ad728	has_diplo_migration_treaty	0x3615e20	0x1acc88
18437	0x24ad718	has_presence	0x3615f40	0x1acca1
18438	0x24ad758	is_megastructure_type	0x3616060	0x1accba
18439	0x24ad748	is_upgrading	0x3616180	0x1accd3
18440	0x24ad780	can_be_upgraded	0x36162a0	0x1accec
18441	0x24ad770	relative_power	0x36163c0	0x1acd05
18442	0x24ad7a0	has_tradition	0x36164e0	0x1acd1e
18443	0x24ad790	excess_food	0x3616600	0x1acd37
18444	0x24ad7c8	add_unity	0x3616720	0x1acd50
18445	0x24ad7b0	is_job_of_pop_category	0x3616840	0x1acd69
18446	0x24ad7f0	has_megastructure_flag	0x3616960	0x1acd82
18447	0x24ad7d8	has_citizenship_type	0x3616a80	0x1acd9b
18448	0x24ad818	allows_alien_leaders	0x3616ba0	0x1acdb4
18449	0x24ad808	allows_slavery	0x3616cc0	0x1acdcd
18450	0x24ad858	allows_purge	0x3616de0	0x1acde6
18451	0x24ad830	former_colonization_control_type	0x3616f00	0x1acdff
18452	0x24ad880	has_population_control	0x3617020	0x1ace18
18453	0x24ad868	has_migration_control	0x3617140	0x1ace31
18454	0x24ad8b0	species_planet_slave_percentage	0x3617260	0x1ace4a
18455	0x24ad898	has_ascension_perk	0x3617380	0x1ace63
18456	0x24ad8e8	num_ascension_perks	0x36174a0	0x1ace7c
18457	0x24ad8d0	pop_produces_resource	0x36175c0	0x1ace95
18458	0x24ad910	has_military_service_type	0x36176e0	0x1aceae
18459	0x24ad900	has_purge_type	0x3617800	0x1acec7
18460	0x24ad948	has_slavery_type	0x3617920	0x1acee0
18461	0x24ad930	has_living_standard	0x3617a40	0x1acef9
18462	0x24ad970	has_citizenship_rights	0x3617b60	0x1acf12
18463	0x24ad960	count_planets	0x3617c80	0x1acf2b
18464	0x24ad998	num_ascension_perk_slots	0x3617da0	0x1acf44
18465	0x24ad988	is_fleet_idle	0x3617ec0	0x1acf5d
18466	0x24ad9c8	debug_break	0x3617fe0	0x1acf76
18467	0x24ad9b8	has_civic	0x3618100	0x1acf8f
18468	0x24ad9f0	has_authority	0x3618220	0x1acfa8
18469	0x24ad9d8	has_invalid_civic	0x3618340	0x1acfc1
18470	0x24ada20	has_colonization_control	0x3618460	0x1acfda
18471	0x24ada00	planet_garrison_strength	0x3618580	0x1acff3
18472	0x24ada50	count_trade_routes	0x36186a0	0x1ad00c
18473	0x24ada40	count_species	0x36187c0	0x1ad025
18474	0x24ada78	count_exact_species	0x36188e0	0x1ad03e
18475	0x24ada68	is_constructing	0x3618a00	0x1ad057
18476	0x24adaa0	has_secret_fealty_from_subject_of	0x3618b20	0x1ad070
18477	0x24ada90	has_ruler_trait	0x3618c40	0x1ad089
18478	0x24adad8	num_trait_points	0x3618d60	0x1ad0a2
18479	0x24adac8	has_component	0x3618e80	0x1ad0bb
18480	0x24adb08	has_notification_modifier	0x3618fa0	0x1ad0d4
18481	0x24adaf0	pop_maintenance_cost	0x36190c0	0x1ad0ed
18482	0x24adb40	can_reproduce	0x36191e0	0x1ad106
18483	0x24adb28	is_ftl_restricted	0x3619300	0x1ad11f
18484	0x24adb68	count_tile	0x3619420	0x1ad138
18485	0x24adb50	conditional_tooltip	0x3619540	0x1ad151
18486	0x24adb98	has_natural_wormhole	0x3619660	0x1ad16a
18487	0x24adb78	is_astral_rift_pool_empty	0x3619780	0x1ad183
18488	0x24adbc0	has_astral_rift	0x36198a0	0x1ad19c
18489	0x24adbb0	has_claim	0x36199c0	0x1ad1b5
18490	0x24adbe8	num_active_gateways	0x3619ae0	0x1ad1ce
18491	0x24adbd0	attacker_war_exhaustion	0x3619c00	0x1ad1e7
18492	0x24adc18	defender_war_exhaustion	0x3619d20	0x1ad200
18493	0x24adc00	off_war_exhaustion_sum	0x3619e40	0x1ad219
18494	0x24adc48	def_war_exhaustion_sum	0x3619f60	0x1ad232
18495	0x24adc30	has_starbase_module	0x361a080	0x1ad24b
18496	0x24adc78	has_starbase_building	0x361a1a0	0x1ad264
18497	0x24adc60	has_starbase_size	0x361a2c0	0x1ad27d
18498	0x24adcb0	has_seen_any_bypass	0x361a3e0	0x1ad296
18499	0x24adc90	has_seen_specific_bypass	0x361a500	0x1ad2af
18500	0x24adcd8	owns_any_bypass	0x361a620	0x1ad2c8
18501	0x24adcc8	has_starbase	0x361a740	0x1ad2e1
18502	0x24adcf8	has_casus_belli	0x361a860	0x1ad2fa
18503	0x24adce8	num_starbases	0x361a980	0x1ad313
18504	0x24add18	num_owned_active_gateways	0x361aaa0	0x1ad32c
18505	0x24add08	using_war_goal	0x361abc0	0x1ad345
18506	0x24add58	has_specialist_perk	0x361ace0	0x1ad35e
18507	0x24add38	has_active_specialization	0x361ae00	0x1ad377
18508	0x24add80	specialist_tier	0x361af20	0x1ad390
18509	0x24add70	is_total_war	0x361b040	0x1ad3a9
18510	0x24adda0	has_status	0x361b160	0x1ad3c2
18511	0x24add90	free_army_slots	0x361b280	0x1ad3db
18512	0x24addc8	valid_planet_killer_target	0x361b3a0	0x1ad3f4
18513	0x24addb0	has_secret_fealty_with	0x361b4c0	0x1ad40d
18514	0x24ade08	has_orbital_bombardment	0x361b5e0	0x1ad426
18515	0x24adde8	has_orbital_bombardment_stance	0x361b700	0x1ad43f
18516	0x24ade38	count_starbase_sizes	0x361b820	0x1ad458
18517	0x24ade20	is_starbase_type	0x361b940	0x1ad471
18518	0x24ade60	command_limit	0x361ba60	0x1ad48a
18519	0x24ade50	starbase_size	0x361bb80	0x1ad4a3
18520	0x24ade80	has_hyperlane_to	0x361bca0	0x1ad4bc
18521	0x24ade70	min_jumps	0x361bdc0	0x1ad4d5
18522	0x24adea8	euclidean	0x361bee0	0x1ad4ee
18523	0x24ade98	use_bypasses	0x361c000	0x1ad507
18524	0x24adec8	bypass_empire	0x361c120	0x1ad520
18525	0x24adeb8	is_bridge	0x361c240	0x1ad539
18526	0x24adf00	is_capitals_connected_through_relay_network	0x361c360	0x1ad552
18527	0x24aded8	is_system_connected_to_relay_network	0x361c480	0x1ad56b
18528	0x24adf40	inverted_switch	0x361c5a0	0x1ad584
18529	0x24adf30	is_scope_set	0x361c6c0	0x1ad59d
18530	0x24adf68	is_primary_star	0x361c7e0	0x1ad5b6
18531	0x24adf50	uses_district_set	0x361c900	0x1ad5cf
18532	0x24adf88	uses_building_set	0x361ca20	0x1ad5e8
18533	0x24adf78	has_climate	0x361cb40	0x1ad601
18534	0x24adfc8	built_on_planet	0x361cc60	0x1ad61a
18535	0x24adfa0	last_changed_species_rights_type	0x361cd80	0x1ad633
18536	0x24adff0	controlled_systems	0x361cea0	0x1ad64c
18537	0x24adfd8	exploitable_planets	0x361cfc0	0x1ad665
18538	0x24ae020	controlled_colonizable	0x361d0e0	0x1ad67e
18539	0x24ae008	ai_colonize_plans	0x361d200	0x1ad697
18540	0x24ae048	ai_terraform_plans	0x361d320	0x1ad6b0
18541	0x24ae038	scientist_count	0x361d440	0x1ad6c9
18542	0x24ae080	has_ai_expansion_plan	0x361d560	0x1ad6e2
18543	0x24ae060	ai_wants_to_negotiate_agreement	0x361d680	0x1ad6fb
18544	0x24ae0b0	is_on_market	0x361d7a0	0x1ad714
18545	0x24ae098	can_buy_on_market	0x361d8c0	0x1ad72d
18546	0x24ae0d0	highest_threat	0x361d9e0	0x1ad746
18547	0x24ae0c0	has_rival	0x361db00	0x1ad75f
18548	0x24ae0f0	has_subject	0x361dc20	0x1ad778
18549	0x24ae0e0	has_overlord	0x361dd40	0x1ad791
18550	0x24ae110	has_any_overlord	0x361de60	0x1ad7aa
18551	0x24ae100	has_sector_type	0x361df80	0x1ad7c3
18552	0x24ae140	num_sectors	0x361e0a0	0x1ad7dc
18553	0x24ae128	has_deposit_category	0x361e1c0	0x1ad7f5
18554	0x24ae168	has_relic	0x361e2e0	0x1ad80e
18555	0x24ae150	caravaneers_enabled	0x361e400	0x1ad827
18556	0x24ae188	xeno_compatibility_enabled	0x361e520	0x1ad840
18557	0x24ae178	lgate_enabled	0x361e640	0x1ad859
18558	0x24ae1b8	num_housing	0x361e760	0x1ad872
18559	0x24ae1a8	num_deposits	0x361e880	0x1ad88b
18560	0x24ae1e0	is_sector_capital	0x361e9a0	0x1ad8a4
18561	0x24ae1c8	has_sector_focus	0x361eac0	0x1ad8bd
18562	0x24ae210	has_any_sector_focus	0x361ebe0	0x1ad8d6
18563	0x24ae1f8	is_site_last_die_result	0x361ed00	0x1ad8ef
18564	0x24ae240	is_current_stage_difficulty	0x361ee20	0x1ad908
18565	0x24ae228	is_site_at_stage	0x361ef40	0x1ad921
18566	0x24ae280	is_current_stage_clues	0x361f060	0x1ad93a
18567	0x24ae260	is_site_days_to_next_die_roll	0x361f180	0x1ad953
18568	0x24ae2a8	is_site_last_excavator	0x361f2a0	0x1ad96c
18569	0x24ae298	is_site_type	0x361f3c0	0x1ad985
18570	0x24ae2e0	is_site_completed	0x361f4e0	0x1ad99e
18571	0x24ae2c0	is_site_under_excavation	0x361f600	0x1ad9b7
18572	0x24ae318	is_site_locked	0x361f720	0x1ad9d0
18573	0x24ae2f8	is_site_current_stage_score	0x361f840	0x1ad9e9
18574	0x24ae348	is_site_current_stage_score_no_die	0x361f960	0x1ada02
18575	0x24ae328	is_current_excavator_fleet	0x361fa80	0x1ada1b
18576	0x24ae380	is_artificial	0x361fba0	0x1ada34
18577	0x24ae370	is_ideal	0x361fcc0	0x1ada4d
18578	0x24ae3a8	federation_experience	0x361fde0	0x1ada66
18579	0x24ae390	federation_cohesion	0x361ff00	0x1ada7f
18580	0x24ae3e8	federation_cohesion_growth	0x3620020	0x1ada98
18581	0x24ae3c0	has_any_federation_law_in_category	0x3620140	0x1adab1
18582	0x24ae420	has_federation_law	0x3620260	0x1adaca
18583	0x24ae408	has_federation_perk	0x3620380	0x1adae3
18584	0x24ae450	has_federation_type	0x36204a0	0x1adafc
18585	0x24ae438	federation_level	0x36205c0	0x1adb15
18586	0x24ae480	is_leader_possible	0x36206e0	0x1adb2e
18587	0x24ae468	is_voting_on_resolution	0x3620800	0x1adb47
18588	0x24ae4b0	is_proposing_resolution	0x3620920	0x1adb60
18589	0x24ae498	last_resolution_changed	0x3620a40	0x1adb79
18590	0x24ae4e8	last_resolution_category_changed	0x3620b60	0x1adb92
18591	0x24ae4c8	position_on_current_resolution	0x3620c80	0x1adbab
18592	0x24ae538	position_on_last_resolution	0x3620da0	0x1adbc4
18593	0x24ae510	is_years_since_community_formation	0x3620ec0	0x1adbdd
18594	0x24ae578	is_years_since_council_establishment	0x3620fe0	0x1adbf6
18595	0x24ae558	is_galactic_community_formed	0x3621100	0x1adc0f
18596	0x24ae5c0	is_galactic_council_established	0x3621220	0x1adc28
18597	0x24ae5a0	is_galactic_community_member	0x3621340	0x1adc41
18598	0x24ae5f8	has_galactic_community_emissary	0x3621460	0x1adc5a
18599	0x24ae5e0	has_passed_resolution	0x3621580	0x1adc73
18600	0x24ae628	is_part_of_galactic_council	0x36216a0	0x1adc8c
18601	0x24ae618	num_members	0x36217c0	0x1adca5
18602	0x24ae658	num_associates	0x36218e0	0x1adcbe
18603	0x24ae648	has_origin	0x3621a00	0x1adcd7
18604	0x24ae680	is_last_lost_relic	0x3621b20	0x1adcf0
18605	0x24ae668	is_last_received_relic	0x3621c40	0x1add09
18606	0x24ae6b0	is_active_resolution	0x3621d60	0x1add22
18607	0x24ae698	is_in_breach_of_any	0x3621e80	0x1add3b
18608	0x24ae6e0	in_breach_of	0x3621fa0	0x1add54
18609	0x24ae6c8	num_council_positions	0x36220c0	0x1add6d
18610	0x24ae708	galactic_community_rank	0x36221e0	0x1add86
18611	0x24ae6f0	is_permanent_councillor	0x3622300	0x1add9f
18612	0x24ae730	is_councilor	0x3622420	0x1addb8
18613	0x24ae720	count_tiers	0x3622540	0x1addd1
18614	0x24ae758	has_federation_setting	0x3622660	0x1addea
18615	0x24ae740	num_ai_empires_setting	0x3622780	0x1ade03
18616	0x24ae790	num_defensive_pacts	0x36228a0	0x1ade1c
18617	0x24ae770	num_support_independence	0x36229c0	0x1ade35
18618	0x24ae7c8	num_guarantees	0x3622ae0	0x1ade4e
18619	0x24ae7a8	num_non_aggression_pacts	0x3622c00	0x1ade67
18620	0x24ae7f0	num_commercial_pacts	0x3622d20	0x1ade80
18621	0x24ae7d8	num_waystation_pacts	0x3622e40	0x1ade99
18622	0x24ae820	num_research_agreements	0x3622f60	0x1adeb2
18623	0x24ae808	num_migration_pacts	0x3623080	0x1adecb
18624	0x24ae850	num_rivals	0x36231a0	0x1adee4
18625	0x24ae838	num_closed_borders	0x36232c0	0x1adefd
18626	0x24ae870	num_truces	0x36233e0	0x1adf16
18627	0x24ae860	galaxy_size	0x3623500	0x1adf2f
18628	0x24ae898	galaxy_shape	0x3623620	0x1adf48
18629	0x24ae880	pop_has_happiness	0x3623740	0x1adf61
18630	0x24ae8b8	pop_group_has_happiness	0x3623860	0x1adf7a
18631	0x24ae8a8	pop_group_size	0x3623980	0x1adf93
18632	0x24ae8f8	has_current_purge	0x3623aa0	0x1adfac
18633	0x24ae8d0	species_has_happiness_with_owner	0x3623bc0	0x1adfc5
18634	0x24ae928	num_planets_in_system	0x3623ce0	0x1adfde
18635	0x24ae910	num_galaxy_systems	0x3623e00	0x1adff7
18636	0x24ae960	num_assigned_jobs	0x3623f20	0x1ae010
18637	0x24ae940	has_active_first_contact_with	0x3624040	0x1ae029
18638	0x24ae998	can_have_first_contact_site_with	0x3624160	0x1ae042
18639	0x24ae978	is_current_first_contact_stage	0x3624280	0x1ae05b
18640	0x24ae9d0	has_crisis_path	0x36243a0	0x1ae074
18641	0x24ae9c0	has_spynetwork	0x36244c0	0x1ae08d
18642	0x24aea00	has_espionage_asset	0x36245e0	0x1ae0a6
18643	0x24ae9e0	has_espionage_operation_flag	0x3624700	0x1ae0bf
18644	0x24aea28	has_crisis_perk	0x3624820	0x1ae0d8
18645	0x24aea18	has_menace_perk	0x3624940	0x1ae0f1
18646	0x24aea60	organic_pops_last_month_growth	0x3624a60	0x1ae10a
18647	0x24aea38	artificial_pops_last_month_growth	0x3624b80	0x1ae123
18648	0x24aea98	has_spy_power	0x3624ca0	0x1ae13c
18649	0x24aea80	has_available_spy_power	0x3624dc0	0x1ae155
18650	0x24aeac8	has_espionage_category	0x3624ee0	0x1ae16e
18651	0x24aeaa8	is_running_espionage_operation	0x3625000	0x1ae187
18652	0x24aeb00	has_espionage_type	0x3625120	0x1ae1a0
18653	0x24aeae0	relative_encryption_decryption	0x3625240	0x1ae1b9
18654	0x24aeb38	is_espionage_operation_days_to_next_die_roll	0x3625360	0x1ae1d2
18655	0x24aeb18	is_espionage_operation_chapter	0x3625480	0x1ae1eb
18656	0x24aeb90	is_espionage_operation_difficulty	0x36255a0	0x1ae204
18657	0x24aeb68	is_espionage_operation_score_no_die	0x36256c0	0x1ae21d
18658	0x24aebe0	is_espionage_operation_score	0x36257e0	0x1ae236
18659	0x24aebb8	is_espionage_operation_last_die_result	0x3625900	0x1ae24f
18660	0x24aec18	is_espionage_operation_auto_accept_events	0x3625a20	0x1ae268
18661	0x24aec00	num_espionage_assets	0x3625b40	0x1ae281
18662	0x24aec60	has_ship_owner_type	0x3625c60	0x1ae29a
18663	0x24aec48	has_crisis_level	0x3625d80	0x1ae2b3
18664	0x24aec90	has_spynetwork_value	0x3625ea0	0x1ae2cc
18665	0x24aec78	is_spynetwork_level	0x3625fc0	0x1ae2e5
18666	0x24aecb8	is_counter_espionage	0x36260e0	0x1ae2fe
18667	0x24aeca8	has_embassy	0x3626200	0x1ae317
18668	0x24aecf0	is_spynetwork_max_level	0x3626320	0x1ae330
18669	0x24aecd0	is_starbase_building_module	0x3626440	0x1ae349
18670	0x24aed30	is_starbase_building_building	0x3626560	0x1ae362
18671	0x24aed08	starbase_buildable_is_in_queue_before	0x3626680	0x1ae37b
18672	0x24aed60	has_job_category	0x36267a0	0x1ae394
18673	0x24aed50	has_term_value	0x36268c0	0x1ae3ad
18674	0x24aed90	is_action_active	0x36269e0	0x1ae3c6
18675	0x24aed78	is_offer_terms_actual	0x3626b00	0x1ae3df
18676	0x24aedb8	can_afford_special_offer	0x3626c20	0x1ae3f8
18677	0x24aeda8	has_design_flag	0x3626d40	0x1ae411
18678	0x24aede8	enclave_capacity_left	0x3626e60	0x1ae42a
18679	0x24aedd8	is_cloaked	0x3626f80	0x1ae443
18680	0x24aee18	has_cloaking_strength	0x36270a0	0x1ae45c
18681	0x24aee00	has_cloaking_detection	0x36271c0	0x1ae475
18682	0x24aee48	has_awareness	0x36272e0	0x1ae48e
18683	0x24aee30	current_awareness_level	0x3627400	0x1ae4a7
18684	0x24aee68	has_next_pre_ftl_age	0x3627520	0x1ae4c0
18685	0x24aee58	has_pre_ftl_age	0x3627640	0x1ae4d9
18686	0x24aeea0	triumph_days_left	0x3627760	0x1ae4f2
18687	0x24aee80	astral_rift_relative_difficulty	0x3627880	0x1ae50b
18688	0x24aeec8	is_garrison	0x36279a0	0x1ae524
18689	0x24aeeb8	trade_balance	0x3627ac0	0x1ae53d
18690	0x24aeef0	num_positive_traits	0x3627be0	0x1ae556
18691	0x24aeed8	num_negative_traits	0x3627d00	0x1ae56f
18692	0x24aef18	is_on_galaxy_map	0x3627e20	0x1ae588
18693	0x24aef08	is_paused	0x3627f40	0x1ae5a1
18694	0x24aef48	astral_rifts_completed	0x3628060	0x1ae5ba
18695	0x24aef30	is_astral_rift_explored	0x3628180	0x1ae5d3
18696	0x24aef70	is_bypass_type	0x36282a0	0x1ae5ec
18697	0x24aef60	is_mission_type	0x36283c0	0x1ae605
18698	0x24aef90	has_lock	0x36284e0	0x1ae61e
18699	0x24aef80	can_go_mia	0x3628600	0x1ae637
18700	0x24aefb8	is_on_slave_market	0x3628720	0x1ae650
18701	0x24aefa0	num_cosmic_storms	0x3628840	0x1ae669
18702	0x24aefe8	timed_flag_days_left	0x3628960	0x1ae682
18703	0x24aefd0	is_in_storm_range	0x3628a80	0x1ae69b
18704	0x24af020	has_asteroid_belt	0x3628ba0	0x1ae6b4
18705	0x24af000	cosmic_storm_system_influence	0x3628cc0	0x1ae6cd
18706	0x24af050	is_last_acquired_specimen	0x3628de0	0x1ae6e6
18707	0x24af038	can_give_specimen	0x3628f00	0x1ae6ff
18708	0x24af080	is_influence_center	0x3629020	0x1ae718
18709	0x24af070	has_storm_flag	0x3629140	0x1ae731
18710	0x24af0b8	num_asteroid_belts	0x3629260	0x1ae74a
18711	0x24af098	has_environmental_effects	0x3629380	0x1ae763
18712	0x24af0e8	needs_storm_attraction	0x36294a0	0x1ae77c
18713	0x24af0d0	needs_storm_deflection	0x36295c0	0x1ae795
18714	0x24af128	num_cosmic_storms_encountered	0x36296e0	0x1ae7ae
18715	0x24af100	num_unique_cosmic_storms_encountered	0x3629800	0x1ae7c7
18716	0x24af160	num_storm_exploitation_buildings	0x3629920	0x1ae7e0
18717	0x24af148	num_active_storms	0x3629a40	0x1ae7f9
18718	0x24af1c0	is_storm_active_in_storm_sector	0x3629b60	0x1ae812
18719	0x24af188	num_cosmic_storm_early_game_spawn_chance_scale_setting	0x3629c80	0x1ae82b
18720	0x24af218	num_cosmic_storm_mid_game_spawn_chance_scale_setting	0x3629da0	0x1ae844
18721	0x24af1e0	num_cosmic_storm_late_game_spawn_chance_scale_setting	0x3629ec0	0x1ae85d
18722	0x24af280	num_cosmic_storm_early_game_spawn_max_cap_setting	0x3629fe0	0x1ae876
18723	0x24af250	num_cosmic_storm_mid_game_spawn_max_cap_setting	0x362a100	0x1ae88f
18724	0x24af2e8	num_cosmic_storm_late_game_spawn_max_cap_setting	0x362a220	0x1ae8a8
18725	0x24af2b8	num_cosmic_storm_spawn_cooldown_scale_setting	0x362a340	0x1ae8c1
18726	0x24af330	is_storm_type	0x362a460	0x1ae8da
18727	0x24af320	fail_trigger	0x362a580	0x1ae8f3
18728	0x24af358	ship_size_multiplier	0x362a6a0	0x1ae90c
18729	0x24af340	is_exhibit_active	0x362a7c0	0x1ae925
18730	0x24af380	num_vivarium_slots	0x362a8e0	0x1ae93e
18731	0x24af370	has_specimen	0x362aa00	0x1ae957
18732	0x24af3b0	is_space_fauna	0x362ab20	0x1ae970
18733	0x24af398	can_be_reanimated	0x362ac40	0x1ae989
18734	0x24af3d8	is_ship_category	0x362ad60	0x1ae9a2
18735	0x24af3c0	is_specimen_rarity	0x362ae80	0x1ae9bb
18736	0x24af408	is_specimen_category	0x362afa0	0x1ae9d4
18737	0x24af3f0	count_used_naval_cap	0x362b0c0	0x1ae9ed
18738	0x24af440	fleet_integrity	0x362b1e0	0x1aea06
18739	0x24af420	ship_size_cost_resource_percent	0x362b300	0x1aea1f
18740	0x24af478	has_dna	0x362b420	0x1aea38
18741	0x24af450	is_last_acquired_specimen_rarity	0x362b540	0x1aea51
18742	0x24af498	trait_has_all_tags	0x362b660	0x1aea6a
18743	0x24af480	trait_has_any_tag	0x362b780	0x1aea83
18744	0x24af4c8	uses_ship_category	0x362b8a0	0x1aea9c
18745	0x24af4b0	is_market_leader	0x362b9c0	0x1aeab5
18746	0x24af4f8	used_favors_on_last_resolution	0x362bae0	0x1aeace
18747	0x24af4e0	is_from_proxy_war	0x362bc00	0x1aeae7
18748	0x24af530	num_proxy_war	0x362bd20	0x1aeb00
18749	0x24af518	on_random_trait_added	0x362be40	0x1aeb19
18750	0x24af550	has_psionic_aura	0x362bf60	0x1aeb32
18751	0x24af540	has_patron_aura	0x362c080	0x1aeb4b
18752	0x24af580	has_patron_relation	0x362c1a0	0x1aeb64
18753	0x24af568	is_aura_intensity_level	0x362c2c0	0x1aeb7d
18754	0x24af5b8	planet_happiness_above_threshold	0x362c3e0	0x1aeb96
18755	0x24af598	governors_skill_in_system	0x362c500	0x1aebaf
18756	0x24af608	num_neighbor_systems	0x362c620	0x1aebc8
18757	0x24af5e0	is_last_acquired_specimen_from_trade	0x362c740	0x1aebe1
18758	0x24af638	is_default_species	0x362c860	0x1aebfa
18759	0x24af620	is_being_integrated_by	0x362c980	0x1aec13
18760	0x24af660	condition_for_achievement	0x362caa0	0x1aec2c
18761	0x24af650	simplified	0x362cbc0	0x1aec45
18762	0x24af698	clamped	0x362cce0	0x1aec5e
18763	0x24af680	has_active_focus	0x362ce00	0x1aec77
18764	0x24af6a8	has_completed_focus	0x362cf20	0x1aec90
18765	0x24af6a0	unlock	0x362d040	0x1aeca9
18766	0x24af6f0	num_zones	0x362d160	0x1aecc2
18767	0x24af6c0	building_automation_unemployment_threshold	0x362d280	0x1aecdb
18768	0x24af718	building_automation_civilians_threshold	0x362d3a0	0x1aecf4
18769	0x24af700	bioship_can_grow	0x362d4c0	0x1aed0d
18770	0x24af760	inherits_capped_modifiers_from	0x362d5e0	0x1aed26
18771	0x24af740	total_workforce_with_job_tag	0x362d700	0x1aed3f
18772	0x24af7a8	total_system_workforce_with_job_tag	0x362d820	0x1aed58
18773	0x24af780	total_country_workforce_with_job_tag	0x362d940	0x1aed71
18774	0x24af7f0	num_pops_with_job_tag	0x362da60	0x1aed8a
18775	0x24af7d0	num_country_pops_with_job_tag	0x362db80	0x1aeda3
18776	0x24af828	is_last_building_changed_capital	0x362dca0	0x1aedbc
18777	0x24af808	category_last_picked_tradition	0x362ddc0	0x1aedd5
18778	0x24af860	nb_pop_exact_species	0x362dee0	0x1aedee
18779	0x24af850	has_covenant	0x362e000	0x1aee07
18780	0x24af898	last_completed_special_project_has_research_cost	0x362e120	0x1aee20
18781	0x24af878	is_researching_any_technology	0x362e240	0x1aee39
18782	0x24af8f0	is_last_increased_tech_repeatable	0x362e360	0x1aee52
18783	0x24af8d0	is_last_increased_tech_rare	0x362e480	0x1aee6b
18784	0x24af938	is_last_increased_tech_category	0x362e5a0	0x1aee84
18785	0x24af918	get_attunement_points_for	0x362e6c0	0x1aee9d
18786	0x24af970	is_cardinal_patron	0x362e7e0	0x1aeeb6
18787	0x24af958	count_end_cycle_systems	0x362e900	0x1aeecf
18788	0x24af9a8	count_systems_with_aura	0x362ea20	0x1aeee8
18789	0x24af988	monthly_intensity_increase	0x362eb40	0x1aef01
18790	0x24af9d8	count_unlocked_active_accords	0x362ec60	0x1aef1a
18791	0x24af9c0	is_preferred_patron	0x362ed80	0x1aef33
18792	0x24afa18	has_most_attunement	0x362eea0	0x1aef4c
18793	0x24af9f8	patron_has_all_accords_unlocked	0x362efc0	0x1aef65
18794	0x24afa48	pop_group_crime	0x362f0e0	0x1aef7e
18795	0x24afa30	has_patron_counter	0x362f200	0x1aef97
18796	0x24afa70	count_ship_size_in_system	0x362f320	0x1aefb0
18797	0x24afa58	is_system_locked	0x362f440	0x1aefc9
18798	0x24afaa8	ai_armor_ratio	0x362f560	0x1aefe2
18799	0x24afa90	ai_shields_ratio	0x362f680	0x1aeffb
18800	0x24afad8	used_starbase_capacity	0x362f7a0	0x1af014
18801	0x24afab8	count_available_contracts	0x362f8c0	0x1af02d
18802	0x24afb10	count_visible_contracts	0x362f9e0	0x1af046
18803	0x24afaf0	count_contracts_in_progress	0x362fb00	0x1af05f
18804	0x24afb40	count_issued_contracts	0x362fc20	0x1af078
18805	0x24afb28	potential_operator	0x362fd40	0x1af091
18806	0x24afb70	possible_operator	0x362fe60	0x1af0aa
18807	0x24afb58	potential_issuer	0x362ff80	0x1af0c3
18808	0x24afb98	possible_issuer	0x36300a0	0x1af0dc
18809	0x24afb88	is_unemployed	0x36301c0	0x1af0f5
18810	0x24afbb8	has_civilian_job_category	0x36302e0	0x1af10e
18811	0x24afba8	carrier_is_type	0x3630400	0x1af127
18812	0x24afbf8	has_contract	0x3630520	0x1af140
18813	0x24afbd8	has_contract_of_category	0x3630640	0x1af159
18814	0x24afc20	num_claims_on_system	0x3630760	0x1af172
18815	0x24afc08	hostile_military_power	0x3630880	0x1af18b
18816	0x24afc50	safety_buffer	0x36309a0	0x1af1a4
18817	0x24afc38	num_owned_colonies	0x3630ac0	0x1af1bd
