# array_rva	index	thunk_rva	db_global_rva	token_id	keywords	field0_rva	field0_target	field8_doc_rva	doc_first_line	insert_fn_rva
0x23ac600	12	0xf3b10	0x33746e8	10000	hidden_effect	0x2611070	0x34c090	0x2616260	Prevents enclosed effects from being displayed in tooltip	0x3aef60
0x23ac600	13	0xf3b80	0x33746e8	146	tooltip	0x2611060	0x34c090	0x26174d0	Just a tooltip	0x3aef60
0x23ac600	14	0xf3bf0	0x33746e8	10001	custom_tooltip	0x2611050	0x34c090	0x2617500	Displays a specific localization string in tooltip	0x3aef60
0x23ac600	15	0xf3c60	0x33746e8	10499	custom_tooltip_with_params	0x2611040	0x34c090	0x2617550	Displays a specific localization string with parameters in tooltip	0x3aef60
0x23ac600	17	0xf3d10	0x33746e8	10552	fire_on_action	0x2611030	0x34c090	0x2617290	Fires a made-up on_action.	0x3aef60
0x23ac600	18	0xf3d80	0x33746e8	12542	while	0x2611020	0x34c090	0x2616c20	Repeats enclosed effects while limit criteria are met or until set iteration count is reached	0x3aef60
0x23ac600	19	0xf3df0	0x33746e8	11413	random	0x2611010	0x34c090	0x2616cf0	All enclosed effects may or may not be executed depending on set chance	0x3aef60
0x23ac600	20	0xf3e60	0x33746e8	11621	pop_event	0x2611000	0x34c090	0x2616d60	Fires a pop event for the scoped pop, with optional DAYS and RANDOM delay	0x3aef60
0x23ac600	21	0xf3ed0	0x33746e8	11622	pop_group_event	0x26110f0	0x34c090	0x2616e90	Fires a pop group event for the scoped pop group, with optional DAYS and RANDOM delay	0x3aef60
0x23ac600	22	0xf3f40	0x33746e8	13294	pop_faction_event	0x26110e0	0x34c090	0x2616610	Fires a pop faction event for the scoped pop faction, with optional DAYS and RANDOM delay	0x3aef60
0x23ac600	23	0xf3fb0	0x33746e8	11593	ship_event	0x26110d0	0x34c090	0x2616760	Fires a ship event for the scoped ship, with optional DAYS and RANDOM delay	0x3aef60
0x23ac600	24	0xf4020	0x33746e8	12016	fleet_event	0x26110c0	0x34c090	0x26168a0	Fires a fleet event for the scoped fleet, with optional DAYS and RANDOM delay	0x3aef60
0x23ac600	25	0xf4090	0x33746e8	11654	enable_special_project	0x26110b0	0x34c090	0x2616a60	Enables a specific special research project for target country at a specific location (should be same as the current scope where possible)	0x3aef60
0x23ac600	26	0xf4100	0x33746e8	13708	abort_special_project	0x26110a0	0x34c090	0x2616330	Aborts a specific special project for the country, removing it from the situation log	0x3aef60
0x23ac600	27	0xf4170	0x33746e8	10546	complete_special_project	0x2611090	0x34c090	0x26163d0	Completes a specific special project for the country, firing the on complete effects	0x3aef60
0x23ac600	28	0xf41e0	0x33746e8	17177	enable_mission	0x2611080	0x34c090	0x26164b0	Enables a mission for target country	0x3aef60
0x23ac600	29	0xf4250	0x33746e8	10671	stop_mission	0x2611130	0x34c090	0x2616500	Stops the mission with the given status, triggering the relevant effects.	0x3aef60
0x23ac600	30	0xf42c0	0x33746e8	10667	add_mission_counter	0x2611120	0x34c090	0x2619060	Increments (or decrements with negative values) a mission counter for the scoped country or scoped mission by a specific amount	0x3aef60
0x23ac600	31	0xf4330	0x33746e8	10669	set_mission_counter	0x2611110	0x34c090	0x2619200	Sets a mission counter for the scoped country to a specific amount	0x3aef60
0x23ac600	32	0xf43a0	0x33746e8	10195	set_hostile	0x2611100	0x34c090	0x2618d20	Sets the target country as hostile. This will work on countries you don't have comms with, unlike set_faction_hostility.	0x3aef60
0x23ac600	33	0xf4410	0x33746e8	13224	conquer	0x2611440	0x34c090	0x2618dd0	Conquers the planet by setting its owner to target country and adding an unhappiness modifier	0x3aef60
0x23ac600	34	0xf4480	0x33746e8	10008	set_owner	0x2611430	0x34c090	0x2618f00	Instantly sets the owner of the scoped object to target country	0x3aef60
0x23ac600	35	0xf44f0	0x33746e8	10272	set_controller	0x2611420	0x34c090	0x2618b10	Instantly sets the planet/fleet's controller to target country. If the fleet is a starbase, starts occupation, otherwise the fleet is leased out.	0x3aef60
0x23ac600	36	0xf4560	0x33746e8	10068	create_species	0x2611410	0x34c090	0x26182c0	Creates a new species. The habitability trait is determined by homeworld, traits = random, traits = { ideal_planet_class = <pc_XYZ> }, traits = <trait_pc_XYZ_preference>, or else is assigned randomly.	0x3aef60
0x23ac600	37	0xf45d0	0x33746e8	10070	create_fleet	0x2611300	0x34c090	0x2618680	Creates a new fleet	0x3aef60
0x23ac600	38	0xf4640	0x33746e8	17920	create_balanced_fleet	0x2611720	0x34c090	0x2618790	Creates a fleet of the requested size, distributing ships deterministically across the listed designs by each ship_size's ai_ship_data.fraction.	0x3aef60
0x23ac600	39	0xf46b0	0x33746e8	10071	create_random_fleet	0x2611610	0x34c090	0x2617cf0	Creates a fleet of the requested size by repeatedly picking ships from the listed designs at random, weighted by each entry's weight (default 1). Each entry may also specify a guaranteed min count and	0x3aef60
0x23ac600	40	0xf4720	0x33746e8	10329	create_fleet_from_naval_cap	0x2611890	0x34c090	0x2617880	Creates a new fleet from empire designs up to specified fraction of naval cap	0x3aef60
0x23ac600	41	0xf4790	0x33746e8	10380	set_fleet_formation	0x2611780	0x34c090	0x2617980	Sets a custom fleet formation on a fleet. 	0x3aef60
0x23ac600	42	0xf4800	0x33746e8	10333	add_threat	0x2611770	0x34c090	0x2617a00	Adds diplomatic threat from target country	0x3aef60
0x23ac600	43	0xf4870	0x33746e8	10074	set_location	0x2611760	0x34c090	0x2617b50	Sets the fleet/ambient object's location, can be fine-tuned	0x3aef60
0x23ac600	44	0xf48e0	0x33746e8	10075	create_ship	0x2611750	0x34c090	0x261b040	Creates a new ship	0x3aef60
0x23ac600	45	0xf4950	0x33746e8	11386	country_event	0x2611910	0x34c090	0x261b480	Fires a country event for the scoped country, with optional DAYS and RANDOM delay	0x3aef60
0x23ac600	46	0xf49c0	0x33746e8	14095	observer_event	0x2611900	0x34c090	0x261b598	Fires an observer event for all observers.	0x3aef60
0x23ac600	47	0xf4a30	0x33746e8	10023	give_technology	0x26118f0	0x34c090	0x261b640	Instantly gives a specific tech to the scoped country	0x3aef60
0x23ac600	48	0xf4aa0	0x33746e8	10031	add_planet_devastation	0x26118e0	0x34c090	0x261aef0	Instantly adds devastation to scoped planet	0x3aef60
0x23ac600	49	0xf4b10	0x33746e8	10077	set_awareness	0x26118d0	0x34c090	0x261af90	Sets awareness for the scoped (pre-FTL) country	0x3aef60
0x23ac600	50	0xf4b80	0x33746e8	10078	add_awareness	0x26118c0	0x34c090	0x261a6b0	Adds awareness to the scoped (pre-FTL) country	0x3aef60
0x23ac600	51	0xf4bf0	0x33746e8	11387	planet_event	0x26118b0	0x34c090	0x261a700	Fires a planet event for the scoped planet, with optional DAYS and RANDOM delay	0x3aef60
0x23ac600	52	0xf4c60	0x33746e8	11389	carrier_event	0x26118a0	0x34c090	0x261a820	Fires a colony carrier event for the scoped carrier, with optional DAYS and RANDOM delay	0x3aef60
0x23ac600	53	0xf4cd0	0x33746e8	16052	system_event	0x2611990	0x34c090	0x261a940	Fires a system event for the scoped system	0x3aef60
0x23ac600	54	0xf4d40	0x33746e8	16051	starbase_event	0x2611980	0x34c090	0x261aa60	Fires a starbase event for the scoped starbase	0x3aef60
0x23ac600	55	0xf4db0	0x33746e8	16053	leader_event	0x2611970	0x34c090	0x261ab80	Fires a leader event for the scoped leader	0x3aef60
0x23ac600	56	0xf4e20	0x33746e8	16876	bypass_event	0x2611960	0x34c090	0x261aca0	Fires a bypass event for the scoped bypass, with optional DAYS and RANDOM delay	0x3aef60
0x23ac600	57	0xf4e90	0x33746e8	10641	cosmic_storm_event	0x2611950	0x34c090	0x261adc0	Fires a storm event for the scoped storm	0x3aef60
0x23ac600	58	0xf4f00	0x33746e8	10642	cosmic_storm_influence_field_event	0x2611940	0x34c090	0x261a2c0	Fires a storm event for the scoped storm influence field	0x3aef60
0x23ac600	59	0xf4f70	0x33746e8	11388	colony_event	0x2611930	0x34c090	0x261a3f0	Fires a colony event for the scoped colony, with optional DAYS and RANDOM delay	0x3aef60
0x23ac600	60	0xf4fe0	0x33746e8	10318	set_crisis_sound	0x2611920	0x34c090	0x261a510	Sets the crisis ambient loop to the current effect	0x3aef60
0x23ac600	61	0xf5050	0x33746e8	10319	stop_crisis_sound	0x2610c70	0x34c090	0x261a570	Stops the crisis ambient loop	0x3aef60
0x23ac600	62	0xf50c0	0x33746e8	10320	multiply_crisis_strength	0x2610c60	0x34c090	0x261a620	Multiplies crisis strength by this factor.	0x3aef60
0x23ac600	63	0xf5130	0x33746e8	10317	play_sound	0x2610c50	0x34c090	0x261a670	Play the defined sound effect	0x3aef60
0x23ac600	64	0xf51a0	0x33746e8	10277	add_monthly_resource_mult	0x2610c40	0x34c090	0x261a140	Adds a lump sum of a resource to the scoped country, defined as a multiple of the country's monthly income of that resource (clamped to max and min allowed values)	0x3aef60
0x23ac600	65	0xf5210	0x33746e8	10128	set_global_flag	0x2610c30	0x34c090	0x2619d20	Sets an arbitrarily-named global flag	0x3aef60
0x23ac600	66	0xf5280	0x33746e8	10350	endgame_telemetry	0x2610c20	0x34c090	0x2619dd8	Send endgame telemetry event	0x3aef60
0x23ac600	67	0xf52f0	0x33746e8	10127	remove_global_flag	0x2610c10	0x34c090	0x2619e20	Removes a global flag	0x3aef60
0x23ac600	68	0xf5360	0x33746e8	10044	set_first_contact_flag	0x2610c00	0x34c090	0x2619ea0	Sets an arbitrarily-named flag on the scoped first contact site	0x3aef60
0x23ac600	69	0xf53d0	0x33746e8	10045	set_situation_flag	0x2610cf0	0x34c090	0x2619f50	Sets an arbitrarily-named flag on the scoped situation	0x3aef60
0x23ac600	70	0xf5440	0x33746e8	10046	set_agreement_flag	0x2610ce0	0x34c090	0x2619ff0	Sets an arbitrarily-named flag on the scoped agreement	0x3aef60
0x23ac600	71	0xf54b0	0x33746e8	10047	set_federation_flag	0x2610cd0	0x34c090	0x2619810	Sets an arbitrarily-named flag on the scoped federation	0x3aef60
0x23ac600	72	0xf5520	0x33746e8	10057	remove_first_contact_flag	0x2610cc0	0x34c090	0x26198c0	Removes a flag from the scoped first contact site	0x3aef60
0x23ac600	73	0xf5590	0x33746e8	10058	remove_situation_flag	0x2610cb0	0x34c090	0x2619970	Removes a flag from the scoped situation	0x3aef60
0x23ac600	74	0xf5600	0x33746e8	10059	remove_agreement_flag	0x2610ca0	0x34c090	0x2619a10	Removes a flag from the scoped agreement	0x3aef60
0x23ac600	75	0xf5670	0x33746e8	10060	remove_federation_flag	0x2610c90	0x34c090	0x2619ab0	Removes a flag from the scoped federation	0x3aef60
0x23ac600	76	0xf56e0	0x33746e8	10048	set_country_flag	0x2610c80	0x34c090	0x2619b50	Sets an arbitrarily-named flag on the scoped country	0x3aef60
0x23ac600	77	0xf5750	0x33746e8	10061	remove_country_flag	0x2610d70	0x34c090	0x2619bf0	Removes a flag from the scoped country	0x3aef60
0x23ac600	78	0xf57c0	0x33746e8	10051	set_planet_flag	0x2610d60	0x34c090	0x2619c80	Sets an arbitrarily-named flag on the scoped planet	0x3aef60
0x23ac600	79	0xf5830	0x33746e8	10062	remove_planet_flag	0x2610d50	0x34c090	0x26192a0	Removes a flag from the scoped planet	0x3aef60
0x23ac600	80	0xf58a0	0x33746e8	10052	set_carrier_flag	0x2610d40	0x34c090	0x2619330	Sets an arbitrarily-named flag on the scoped colony carrier	0x3aef60
0x23ac600	81	0xf5910	0x33746e8	10063	remove_carrier_flag	0x2610d30	0x34c090	0x2619470	Removes a flag from the scoped colony carrier	0x3aef60
0x23ac600	82	0xf5980	0x33746e8	10278	set_leader_flag	0x2610d20	0x34c090	0x2619510	Sets an arbitrarily-named flag on the scoped leader	0x3aef60
0x23ac600	83	0xf59f0	0x33746e8	10279	remove_leader_flag	0x2610d10	0x34c090	0x26195b0	Removes a flag from the scoped leader	0x3aef60
0x23ac600	84	0xf5a60	0x33746e8	10141	set_army_flag	0x2610d00	0x34c090	0x2619640	Sets an arbitrarily-named flag on the scoped army	0x3aef60
0x23ac600	85	0xf5ad0	0x33746e8	10149	remove_army_flag	0x2610df0	0x34c090	0x26196e0	Removes a flag from the scoped army	0x3aef60
0x23ac600	86	0xf5b40	0x33746e8	10142	set_deposit_flag	0x2610de0	0x34c090	0x2619770	Sets an arbitrarily-named flag on the scoped deposit	0x3aef60
0x23ac600	87	0xf5bb0	0x33746e8	10150	remove_deposit_flag	0x2610dd0	0x34c090	0x261d140	Removes a flag from the scoped deposit	0x3aef60
0x23ac600	88	0xf5c20	0x33746e8	10143	set_war_flag	0x2610dc0	0x34c090	0x261d1d0	Sets an arbitrarily-named flag on the scoped war	0x3aef60
0x23ac600	89	0xf5c90	0x33746e8	10151	remove_war_flag	0x2610db0	0x34c090	0x261d270	Removes a flag from the scoped war	0x3aef60
0x23ac600	90	0xf5d00	0x33746e8	10145	set_sector_flag	0x2610da0	0x34c090	0x261d300	Sets an arbitrarily-named flag on the scoped sector	0x3aef60
0x23ac600	91	0xf5d70	0x33746e8	10153	remove_sector_flag	0x2610d90	0x34c090	0x261d3a0	Removes a flag from the scoped sector	0x3aef60
0x23ac600	92	0xf5de0	0x33746e8	10144	set_starbase_flag	0x2610d80	0x34c090	0x261d430	Sets an arbitrarily-named flag on the scoped starbase	0x3aef60
0x23ac600	93	0xf5e50	0x33746e8	10152	remove_starbase_flag	0x2610e70	0x34c090	0x261d4d0	Removes a flag from the scoped starbase	0x3aef60
0x23ac600	94	0xf5ec0	0x33746e8	10146	set_archaeology_flag	0x2610e60	0x34c090	0x261d570	Sets an arbitrarily-named flag on the scoped arc site	0x3aef60
0x23ac600	95	0xf5f30	0x33746e8	10154	remove_archaeology_flag	0x2610e50	0x34c090	0x261cc30	Removes a flag from the scoped arc site	0x3aef60
0x23ac600	96	0xf5fa0	0x33746e8	10147	set_spynetwork_flag	0x2610e40	0x34c090	0x261ccd0	Sets an arbitrarily-named flag on the scoped spy network	0x3aef60
0x23ac600	97	0xf6010	0x33746e8	10155	remove_spynetwork_flag	0x2610e30	0x34c090	0x261cd80	Removes a flag from the scoped spy network	0x3aef60
0x23ac600	98	0xf6080	0x33746e8	10148	set_espionage_asset_flag	0x2610e20	0x34c090	0x261ce20	Sets an arbitrarily-named flag on the scoped espionage asset	0x3aef60
0x23ac600	99	0xf60f0	0x33746e8	10156	remove_espionage_asset_flag	0x2610e10	0x34c090	0x261ced0	Removes a flag from the scoped espionage asset	0x3aef60
0x23ac600	100	0xf6160	0x33746e8	10053	set_fleet_flag	0x2610e00	0x34c090	0x261cf70	Sets an arbitrarily-named flag on the scoped fleet	0x3aef60
0x23ac600	101	0xf61d0	0x33746e8	10064	remove_fleet_flag	0x2610ef0	0x34c090	0x261d010	Removes a flag from the scoped fleet	0x3aef60
0x23ac600	102	0xf6240	0x33746e8	10097	set_pop_flag	0x2610ee0	0x34c090	0x261d0a0	Sets an arbitrarily-named flag on the scoped pop	0x3aef60
0x23ac600	103	0xf62b0	0x33746e8	10098	remove_pop_flag	0x2610ed0	0x34c090	0x261c710	Removes a flag from the scoped pop	0x3aef60
0x23ac600	104	0xf6320	0x33746e8	10099	set_pop_group_flag	0x2610ec0	0x34c090	0x261c7a0	Sets an arbitrarily-named flag on the scoped pop group	0x3aef60
0x23ac600	105	0xf6390	0x33746e8	10100	remove_pop_group_flag	0x2610eb0	0x34c090	0x261c840	Removes a flag from the scoped pop group	0x3aef60
0x23ac600	106	0xf6400	0x33746e8	13354	set_pop_faction_flag	0x2610ea0	0x34c090	0x261c8e0	Sets an arbitrarily-named flag on the scoped pop group's faction/pop faction	0x3aef60
0x23ac600	107	0xf6470	0x33746e8	13355	remove_pop_faction_flag	0x2610e90	0x34c090	0x261c9a0	Removes a flag from the scoped pop group's faction/pop faction	0x3aef60
0x23ac600	108	0xf64e0	0x33746e8	10139	set_star_flag	0x2610e80	0x34c090	0x261ca50	Sets an arbitrarily-named flag on the scoped system	0x3aef60
0x23ac600	109	0xf6550	0x33746e8	10140	remove_star_flag	0x2610f70	0x34c090	0x261caf0	Removes a flag from the scoped system	0x3aef60
0x23ac600	110	0xf65c0	0x33746e8	10389	set_megastructure_flag	0x2610f60	0x34c090	0x261cb80	Sets an arbitrarily-named flag on the scoped mega structure	0x3aef60
0x23ac600	111	0xf6630	0x33746e8	10391	remove_megastructure_flag	0x2610f50	0x34c090	0x261c1e0	Removes a flag from the scoped mega structure	0x3aef60
0x23ac600	112	0xf66a0	0x33746e8	10054	set_ship_flag	0x2610f40	0x34c090	0x261c280	Sets an arbitrarily-named flag on the scoped ship	0x3aef60
0x23ac600	113	0xf6710	0x33746e8	10065	remove_ship_flag	0x2610f30	0x34c090	0x261c320	Removes a flag from the scoped ship	0x3aef60
0x23ac600	114	0xf6780	0x33746e8	10292	set_ambient_object_flag	0x2610f20	0x34c090	0x261c3b0	Sets an arbitrarily-named flag on the scoped ambient object	0x3aef60
0x23ac600	115	0xf67f0	0x33746e8	10294	remove_ambient_object_flag	0x2610f10	0x34c090	0x261c460	Removes a flag from the scoped ambient object	0x3aef60
0x23ac600	116	0xf6860	0x33746e8	10565	set_espionage_operation_flag	0x2610f00	0x34c090	0x261c500	Sets an arbitrarily-named flag on the scoped espionage operation	0x3aef60
0x23ac600	117	0xf68d0	0x33746e8	10566	remove_espionage_operation_flag	0x2610ff0	0x34c090	0x261c5c0	Removes a flag from the scoped espionage operation	0x3aef60
0x23ac600	118	0xf6940	0x33746e8	10567	set_design_flag	0x2610fe0	0x34c090	0x261c670	Sets an arbitrarily-named flag on the scoped design	0x3aef60
0x23ac600	119	0xf69b0	0x33746e8	10568	remove_design_flag	0x2610fd0	0x34c090	0x261bf30	Removes a flag from the scoped design	0x3aef60
0x23ac600	120	0xf6a20	0x33746e8	10056	set_mission_flag	0x2610fc0	0x34c090	0x261bfc0	Sets an arbitrarily-named flag on the scoped mission	0x3aef60
0x23ac600	121	0xf6a90	0x33746e8	10067	remove_mission_flag	0x2610fb0	0x34c090	0x261c060	Removes a flag from the scoped mission	0x3aef60
0x23ac600	122	0xf6b00	0x33746e8	10069	create_country	0x2610fa0	0x34c090	0x261b760	Creates a new country	0x3aef60
0x23ac600	123	0xf6b70	0x33746e8	10072	create_army	0x2610f90	0x34c090	0x261e680	Creates a new army	0x3aef60
0x23ac600	124	0xf6be0	0x33746e8	10073	modify_army	0x2610f80	0x34c090	0x261e700	Modifies army with parameters:	0x3aef60
0x23ac600	125	0xf6c50	0x33746e8	10253	create_army_transport	0x2610390	0x34c090	0x261e2f0	Creates a new army in a new transport ship	0x3aef60
0x23ac600	126	0xf6cc0	0x33746e8	10082	create_colony	0x2610380	0x34c090	0x261e3e0	Creates a colony on the scoped planet	0x3aef60
0x23ac600	127	0xf6d30	0x33746e8	10311	start_colony	0x2610370	0x34c090	0x261e490	Starts colonization of the scoped planet	0x3aef60
0x23ac600	128	0xf6da0	0x33746e8	10328	reroll_random	0x2610360	0x34c090	0x261e540	Rerolls the random seed. Use if you want to have a second random_list return a different result. Do not use in tooltips that show random results, because the tooltip will be wrong!	0x3aef60
0x23ac600	129	0xf6e10	0x33746e8	10083	set_capital	0x2610350	0x34c090	0x261e0c0	Sets the scoped planet to be the capital of its owner country	0x3aef60
0x23ac600	130	0xf6e80	0x33746e8	10535	set_sector_capital	0x2610340	0x34c090	0x261e180	Sets the scoped colony to be the capital of the sector it is part of. If used in the capital sector, it will shift the empire capital. Warning: Experimental, may have unintended consequences.	0x3aef60
0x23ac600	131	0xf6ef0	0x33746e8	10537	set_colony_type	0x2610490	0x34c090	0x261e2a0	Sets the colony's designation type	0x3aef60
0x23ac600	132	0xf6f60	0x33746e8	10086	set_star_class	0x26103a0	0x34c090	0x261de10	Sets the star's star class, affecting system and galactic map graphics and potentially modifiers. Also changes the planet class of the system's primary star.	0x3aef60
0x23ac600	133	0xf6fd0	0x33746e8	10010	check_planet_employment	0x26105f0	0x34c090	0x261ded0	Immediately runs a job evaluation on the colony, firing and employing pops as needed	0x3aef60
0x23ac600	134	0xf7040	0x33746e8	10084	change_pc	0x26105e0	0x34c090	0x261db60	Changes the class of the scoped planet	0x3aef60
0x23ac600	135	0xf70b0	0x33746e8	10038	calculate_modifier	0x26105d0	0x34c090	0x261dbf0	Forces target planet or country to calculate its internal modifier	0x3aef60
0x23ac600	136	0xf7120	0x33746e8	10364	reroll_planet_modifiers	0x26105c0	0x34c090	0x261dc70	Rebuild modifiers on target planet	0x3aef60
0x23ac600	137	0xf7190	0x33746e8	10815	validate_planet_buildings_and_districts	0x26105b0	0x34c090	0x261dcc0	Checks whether the planets and districts on the planet are valid (their potential triggers are fulfilled), removes or replaces them if not.	0x3aef60
0x23ac600	138	0xf7200	0x33746e8	10410	clear_planet_modifiers	0x26105a0	0x34c090	0x261dda0	Clear modifiers on target planet	0x3aef60
0x23ac600	139	0xf7270	0x33746e8	10366	reroll_deposits	0x2610590	0x34c090	0x261d9d0	Rebuild resource deposits on target colony carrier	0x3aef60
0x23ac600	140	0xf72e0	0x33746e8	10091	destroy_colony	0x2610580	0x34c090	0x261da38	Destroys the colony on the scoped carrier	0x3aef60
0x23ac600	141	0xf7350	0x33746e8	10092	add_experience	0x26107d0	0x34c090	0x261da90	Adds a sum of experience points to the scoped leader	0x3aef60
0x23ac600	142	0xf73c0	0x33746e8	10321	force_add_civic	0x26106e0	0x34c090	0x261daf0	Adds civic to a government without checking the restrictions	0x3aef60
0x23ac600	143	0xf7430	0x33746e8	10322	force_remove_civic	0x26109d0	0x34c090	0x261d7f0	Removes civic from a government without checking the restrictions	0x3aef60
0x23ac600	144	0xf74a0	0x33746e8	10323	force_remove_civic_by_index	0x26108e0	0x34c090	0x261d7f0	Removes civic from a government without checking the restrictions	0x3aef60
0x23ac600	145	0xf7510	0x33746e8	10324	set_origin	0x26107f0	0x34c090	0x261d8e0	Sets the country's origin to a certain value. Note: This will not run effects executed during galaxy generation.	0x3aef60
0x23ac600	146	0xf7580	0x33746e8	10547	set_government_cooldown	0x26107e0	0x34c090	0x261d610	Locks the country's government for a given period of days, the default cooldown, or unlocks it.	0x3aef60
0x23ac600	147	0xf75f0	0x33746e8	10307	add_skill	0x2610af0	0x34c090	0x261d6b0	Adds to the scoped leader's skill level	0x3aef60
0x23ac600	148	0xf7660	0x33746e8	15493	add_skill_without_trait_selection	0x2610ae0	0x34c090	0x261d6f0	Adds to the scoped leader's skill level but does not select any traits	0x3aef60
0x23ac600	149	0xf76d0	0x33746e8	11018	unlock_council_slots	0x2610ad0	0x34c090	0x261d7b0	Unlocks council slots	0x3aef60
0x23ac600	150	0xf7740	0x33746e8	10793	unlock_council_selection	0x2610ac0	0x34c090	0x261f4a8	Unlocks council selection	0x3aef60
0x23ac600	151	0xf77b0	0x33746e8	10619	set_council_position_to_council	0x2610b70	0x34c090	0x261f5b0	Assigns a council position to the country's council, if possible.	0x3aef60
0x23ac600	152	0xf7820	0x33746e8	10308	set_skill	0x2610b60	0x34c090	0x261f338	Sets the scoped leader's level	0x3aef60
0x23ac600	153	0xf7890	0x33746e8	10094	set_ring	0x2610b50	0x34c090	0x261f390	Adds or removes a planetary ring around the scoped planet	0x3aef60
0x23ac600	154	0xf7900	0x33746e8	10095	create_mining_station	0x2610b40	0x34c090	0x261f410	Creates a mining station in orbit of the scoped planet or astral rift	0x3aef60
0x23ac600	155	0xf7970	0x33746e8	10096	create_research_station	0x2610b30	0x34c090	0x261f160	Creates a research station in orbit of the scoped planet or astral rift	0x3aef60
0x23ac600	156	0xf79e0	0x33746e8	10270	set_graphical_culture	0x2610b20	0x34c090	0x261f230	Sets the scoped object's graphical culture	0x3aef60
0x23ac600	157	0xf7a50	0x33746e8	10425	set_city_graphical_culture	0x2610b10	0x34c090	0x261f2a0	Sets the scoped country's city graphical culture	0x3aef60
0x23ac600	158	0xf7ac0	0x33746e8	10101	set_name	0x2610b00	0x34c090	0x261f100	Sets the name of the scoped object	0x3aef60
0x23ac600	159	0xf7b30	0x33746e8	10102	set_adjective	0x2610bf0	0x34c090	0x261ee30	Sets the adjective of the scoped country	0x3aef60
0x23ac600	160	0xf7ba0	0x33746e8	10103	set_ship_prefix	0x2610be0	0x34c090	0x261eed0	Sets the ship prefix of the scoped country	0x3aef60
0x23ac600	161	0xf7c10	0x33746e8	10106	reduce_hp	0x2610bd0	0x34c090	0x261ef30	Reduces the hull points of the scoped ship by a specific amount	0x3aef60
0x23ac600	162	0xf7c80	0x33746e8	10107	reduce_hp_percent	0x2610bc0	0x34c090	0x261ef80	Reduces the hull points of the scoped ship by a relative amount	0x3aef60
0x23ac600	163	0xf7cf0	0x33746e8	10108	reduce_shield	0x2610bb0	0x34c090	0x261ec40	Reduces the shield points of the scoped ship by a specific amount	0x3aef60
0x23ac600	164	0xf7d60	0x33746e8	10109	damage_ship	0x2610ba0	0x34c090	0x261ecb0	Damages ship (or all ships in scoped fleet) by a specific amount	0x3aef60
0x23ac600	165	0xf7dd0	0x33746e8	10111	repair_ship	0x2610b90	0x34c090	0x261edc8	Restores all hull points to the scoped ship	0x3aef60
0x23ac600	166	0xf7e40	0x33746e8	10348	repair_percentage	0x2610b80	0x34c090	0x261ea10	Restores a certain percentage of hull points to the scoped ship or fleet	0x3aef60
0x23ac600	167	0xf7eb0	0x33746e8	10349	repair_armor_percentage	0x260fd10	0x34c090	0x261eaa0	Restores a certain percentage of armor points to the scoped ship or fleet	0x3aef60
0x23ac600	168	0xf7f20	0x33746e8	10697	repair_shield_percentage	0x260fd00	0x34c090	0x261eb30	Restores a certain percentage of shield points to the scoped ship or fleet	0x3aef60
0x23ac600	169	0xf7f90	0x33746e8	10698	repair_amount	0x260fcf0	0x34c090	0x261ebc0	Restores a certain amount of hull points to the scoped ship or fleet	0x3aef60
0x23ac600	170	0xf8000	0x33746e8	10699	repair_armor_amount	0x260fce0	0x34c090	0x261e820	Restores a certain amount of armor points to the scoped ship or fleet	0x3aef60
0x23ac600	171	0xf8070	0x33746e8	10700	repair_shield_amount	0x260fcd0	0x34c090	0x261e8b0	Restores a certain amount of shield points to the scoped ship or fleet	0x3aef60
0x23ac600	172	0xf80e0	0x33746e8	10112	set_surveyed	0x260fcc0	0x34c090	0x261e940	Sets the colony carrier/astral rift or system as un/surveyed by target country	0x3aef60
0x23ac600	173	0xf8150	0x33746e8	10113	set_visited	0x260fcb0	0x34c090	0x2620360	Sets the target system as 'visited' (i.e. low system intel on the map)	0x3aef60
0x23ac600	174	0xf81c0	0x33746e8	10114	destroy_country	0x260fca0	0x34c090	0x26203f8	Destroys the scoped country	0x3aef60
0x23ac600	175	0xf8230	0x33746e8	227	win	0x260fe30	0x34c090	0x2620440	The scoped country wins the game	0x3aef60
0x23ac600	176	0xf82a0	0x33746e8	10409	clear_ethos	0x260fe20	0x34c090	0x2620490	Clears all ethics of specified pop group or country	0x3aef60
0x23ac600	177	0xf8310	0x33746e8	10407	shift_ethic	0x260fd30	0x34c090	0x26201e0	Shifts an empire towards a specific ethic, adjusting afterwards to keep number of ethics points consistent	0x3aef60
0x23ac600	178	0xf8380	0x33746e8	10394	change_species	0x260fd20	0x34c090	0x2620310	Changes the species of the scoped object	0x3aef60
0x23ac600	179	0xf83f0	0x33746e8	10043	set_built_species	0x260ff50	0x34c090	0x261ffc0	Changes the built species of the scoped object	0x3aef60
0x23ac600	180	0xf8460	0x33746e8	12294	create_rebels	0x260ff40	0x34c090	0x26200b0	Creates a rebellion	0x3aef60
0x23ac600	181	0xf84d0	0x33746e8	13060	set_country_type	0x260fe50	0x34c090	0x261fda0	Changes the country type of the scoped country	0x3aef60
0x23ac600	182	0xf8540	0x33746e8	11552	change_government	0x260fe40	0x34c090	0x261fc60	Change the scoped country's government authority and/or civics	0x3aef60
0x23ac600	183	0xf85b0	0x33746e8	10135	set_event_locked	0x260ffd0	0x34c090	0x261f9d0	Silently disables the scoped fleet to prevent player action, remember to unlock at the end of the event	0x3aef60
0x23ac600	184	0xf8620	0x33746e8	10136	clear_orders	0x260ffc0	0x34c090	0x261fa70	Clears all fleet orders from the scoped fleet	0x3aef60
0x23ac600	185	0xf8690	0x33746e8	10137	order_forced_return	0x260ffb0	0x34c090	0x261fad0	Forces scoped fleet to retreat to friendly territory	0x3aef60
0x23ac600	186	0xf8700	0x33746e8	10353	add_claims	0x260ffa0	0x34c090	0x261f800	Adds claims on target system	0x3aef60
0x23ac600	187	0xf8770	0x33746e8	10354	remove_claims	0x260ff90	0x34c090	0x261f8c0	Removes claims on target system	0x3aef60
0x23ac600	188	0xf87e0	0x33746e8	10138	declare_war	0x260ff80	0x34c090	0x261f630	Declares war between the scoped country and target country	0x3aef60
0x23ac600	189	0xf8850	0x33746e8	10371	join_war	0x260ff70	0x34c090	0x261f6e8	Joins wars on the side of target country	0x3aef60
0x23ac600	190	0xf88c0	0x33746e8	16512	join_alliance	0x260ff60	0x34c090	0x261f790	Join federation with target	0x3aef60
0x23ac600	191	0xf8930	0x33746e8	10284	leave_alliance	0x2610030	0x34c090	0x26218b0	Removes scoped country from any alliances it is in	0x3aef60
0x23ac600	192	0xf89a0	0x33746e8	10161	dismantle	0x2610020	0x34c090	0x26219d0	Dismantles the scoped orbital station (fleet)	0x3aef60
0x23ac600	193	0xf8a10	0x33746e8	10164	set_advisor_active	0x2610010	0x34c090	0x2621a40	Enables or disables the VIR window pop-in	0x3aef60
0x23ac600	194	0xf8a80	0x33746e8	10167	save_event_target_as	0x2610000	0x34c090	0x2621590	Saves the current scope as an arbitrarily-named target to be referenced later in the (unbroken) event chain	0x3aef60
0x23ac600	195	0xf8af0	0x33746e8	10168	save_global_event_target_as	0x260fff0	0x34c090	0x26216d0	Saves the current scope as an arbitrarily-named target to be referenced later, accessible globally until cleared	0x3aef60
0x23ac600	196	0xf8b60	0x33746e8	10169	clear_global_event_target	0x260ffe0	0x34c090	0x2621780	Deletes the specified saved global target reference	0x3aef60
0x23ac600	197	0xf8bd0	0x33746e8	10170	clear_global_event_targets	0x2610230	0x34c090	0x26217f0	Deletes all saved global target references	0x3aef60
0x23ac600	198	0xf8c40	0x33746e8	10173	break	0x2610220	0x34c090	0x2621840	Prevents execution of subsequent effects in the same effect block, used with if-statements	0x3aef60
0x23ac600	199	0xf8cb0	0x33746e8	10174	set_tutorial_level	0x2610210	0x34c090	0x2621280	Changes the scoped country's tutorial level (0 none, 1 limited, 2 full)	0x3aef60
0x23ac600	200	0xf8d20	0x33746e8	10176	end_event_chain	0x2610120	0x34c090	0x2621300	Ends a specific situation log event chain for the scoped country	0x3aef60
0x23ac600	201	0xf8d90	0x33746e8	10201	add_event_chain_counter	0x26102b0	0x34c090	0x2621460	Increments (or decrements with negative values) an event chain counter for the scoped country by a specific amount	0x3aef60
0x23ac600	202	0xf8e00	0x33746e8	10968	reset_event_chain_counter	0x26102a0	0x34c090	0x2621140	Resets n event chain counter for the scoped country	0x3aef60
0x23ac600	203	0xf8e70	0x33746e8	10177	queue_actions	0x2610290	0x34c090	0x26211e0	Adds actions to the scoped fleet's action queue	0x3aef60
0x23ac600	204	0xf8ee0	0x33746e8	10178	clear_fleet_actions	0x2610280	0x34c090	0x2620c70	Clears all queued fleet actions for target fleet	0x3aef60
0x23ac600	205	0xf8f50	0x33746e8	10367	delete_fleet	0x2610270	0x34c090	0x2620cc0	Deletes the target fleet (no death graphics)	0x3aef60
0x23ac600	206	0xf8fc0	0x33746e8	10179	destroy_fleet	0x2610260	0x34c090	0x2620d80	Destroys the target fleet (with death graphics)	0x3aef60
0x23ac600	207	0xf9030	0x33746e8	10182	delete_fleet_naval_cap	0x2610250	0x34c090	0x2620e40	Deletes up to naval_cap worth of ships in the target fleet (no death graphics)	0x3aef60
0x23ac600	208	0xf90a0	0x33746e8	10181	destroy_fleet_naval_cap	0x2610240	0x34c090	0x2620f10	Destroys up to navel_cap worth of ships in the target fleet (with death graphics)	0x3aef60
0x23ac600	209	0xf9110	0x33746e8	10368	delete_dimensional_fleet	0x2610330	0x34c090	0x2620a10	Deletes the target dimensional fleet	0x3aef60
0x23ac600	210	0xf9180	0x33746e8	10393	delete_ship	0x2610320	0x34c090	0x2620a90	Deletes the target ship (no death graphics)	0x3aef60
0x23ac600	211	0xf91f0	0x33746e8	10392	destroy_ship	0x2610310	0x34c090	0x2620ae0	Destroys the target ship (with death graphics)	0x3aef60
0x23ac600	212	0xf9260	0x33746e8	10003	end_all_treaties_with	0x2610300	0x34c090	0x2620b30	Ends all treaties with the target	0x3aef60
0x23ac600	213	0xf92d0	0x33746e8	10471	delete_megastructure	0x26102f0	0x34c090	0x2620bc0	Deletes the target mega structure (no death graphics)	0x3aef60
0x23ac600	214	0xf9340	0x33746e8	10183	create_ambient_object	0x26102e0	0x34c090	0x26206b0	Creates a new ambient object	0x3aef60
0x23ac600	215	0xf93b0	0x33746e8	10184	destroy_ambient_object	0x26102d0	0x34c090	0x2620940	Destroys target ambient object	0x3aef60
0x23ac600	216	0xf9420	0x33746e8	10192	modify_species	0x26102c0	0x34c090	0x2622a70	Creates a new, modified species based on an already-extant species	0x3aef60
0x23ac600	217	0xf9490	0x33746e8	10193	add_opinion_modifier	0x260f710	0x34c090	0x26227b0	Adds a specific opinion modifier for the scoped country towards target country	0x3aef60
0x23ac600	218	0xf9500	0x33746e8	10330	remove_opinion_modifier	0x260f700	0x34c090	0x26228d0	Removes a specific opinion modifier towards target country or any country from the scoped country	0x3aef60
0x23ac600	219	0xf9570	0x33746e8	10369	add_trust	0x260f6f0	0x34c090	0x26225c0	Adds trust on scope country towards target country	0x3aef60
0x23ac600	220	0xf95e0	0x33746e8	10194	establish_contact	0x260f6e0	0x34c090	0x26226a0	Establishes first contact between the scoped country and target country at the set location	0x3aef60
0x23ac600	221	0xf9650	0x33746e8	10198	set_faction_hostility	0x260f6d0	0x34c090	0x2622440	Sets the aggro state of the scoped faction-type country	0x3aef60
0x23ac600	222	0xf96c0	0x33746e8	10202	add_anomaly	0x260f6c0	0x34c090	0x2622540	Adds a specific anomaly category to the scoped planet	0x3aef60
0x23ac600	223	0xf9730	0x33746e8	10203	set_disable_at_health	0x260f770	0x34c090	0x2622220	Sets the scoped ship to become disabled at a certain hull point percentage	0x3aef60
0x23ac600	224	0xf97a0	0x33746e8	10016	repair_all_buildings	0x260f760	0x34c090	0x26222c0	Repairs all ruined buildings on the scoped planet	0x3aef60
0x23ac600	225	0xf9810	0x33746e8	10019	validate_and_repair_planet_buildings_and_districts	0x260f750	0x34c090	0x2622350	Replace/removes all invalid (potential trigger not fulfilled) buildings and districts, then repairs all ruined buildings on the scoped colony	0x3aef60
0x23ac600	226	0xf9880	0x33746e8	10015	remove_all_buildings	0x260f740	0x34c090	0x2621fc0	Removes all buildings from the scoped colony	0x3aef60
0x23ac600	227	0xf98f0	0x33746e8	10014	remove_random_building	0x260f730	0x34c090	0x2622020	Removes last built building from the scoped planet	0x3aef60
0x23ac600	228	0xf9960	0x33746e8	10017	downgrade_all_buildings	0x260f720	0x34c090	0x2622090	Downgrades all non-capital buildings on the scoped planet/country. Leaves tier 1 buildings untouched.	0x3aef60
0x23ac600	229	0xf99d0	0x33746e8	10018	downgrade_buildings_of_type	0x260f870	0x34c090	0x2621d50	Downgrades all buildings of a specified type on the planet/country.	0x3aef60
0x23ac600	230	0xf9a40	0x33746e8	10481	add_district	0x260f860	0x34c090	0x2621e70	Adds a specific district on the scoped colony	0x3aef60
0x23ac600	231	0xf9ab0	0x33746e8	10480	remove_district	0x260f9d0	0x34c090	0x2621f50	Removes a specific district from the scoped colony	0x3aef60
0x23ac600	232	0xf9b20	0x33746e8	10479	remove_all_districts	0x260f9c0	0x34c090	0x2621b00	Removes all districts from the scoped colony	0x3aef60
0x23ac600	233	0xf9b90	0x33746e8	10478	remove_random_district	0x260f9b0	0x34c090	0x2621b60	Removes a random district from the scoped planet. Bigger district is more likely to be removed.	0x3aef60
0x23ac600	234	0xf9c00	0x33746e8	10548	change_colony_foundation_date	0x260f9a0	0x34c090	0x2621c70	Changes the colony foundation date (affecting on_colony_X_years pulses) by a specific number of days. Use with care, you can probably break things with this!	0x3aef60
0x23ac600	235	0xf9c70	0x33746e8	10209	change_planet_size	0x260f990	0x34c090	0x2623db0	Increases or reduces the size of the scoped planet by a specified amount	0x3aef60
0x23ac600	236	0xf9ce0	0x33746e8	15255	set_planet_size	0x260f980	0x34c090	0x2623e30	Sets the planet size to a specified number	0x3aef60
0x23ac600	237	0xf9d50	0x33746e8	18190	set_disabled	0x260f970	0x34c090	0x2623ea8	Enables or disables the scoped ship	0x3aef60
0x23ac600	238	0xf9dc0	0x33746e8	10214	create_point_of_interest	0x260f960	0x34c090	0x2623ae0	Creates a point of interest for the scoped country at a specific location, associated with an event chain	0x3aef60
0x23ac600	239	0xf9e30	0x33746e8	10215	remove_point_of_interest	0x260fa50	0x34c090	0x2623c20	Removes a specific point of interest from the scoped country's situation log	0x3aef60
0x23ac600	240	0xf9ea0	0x33746e8	10216	set_relation_flag	0x260fa40	0x34c090	0x2623ce0	Sets a relation flag for the scoped country towards target country	0x3aef60
0x23ac600	241	0xf9f10	0x33746e8	10217	remove_relation_flag	0x260fa30	0x34c090	0x2623810	Removes a specific relation flag towards target country from the scoped country	0x3aef60
0x23ac600	242	0xf9f80	0x33746e8	12796	every_system_in_cluster	0x260fa20	0x34c090	0x2623900	Executes enclosed effects on every system in the cluster that meet the limit criteria	0x3aef60
0x23ac600	243	0xf9ff0	0x33746e8	12797	create_cluster	0x260fa10	0x34c090	0x2623a20	Creates a cluster centered around the specified spatial object	0x3aef60
0x23ac600	244	0xfa060	0x33746e8	10218	kill_leader	0x260fa00	0x34c090	0x2623300	Kills the scoped leader or leader of the scoped object	0x3aef60
0x23ac600	245	0xfa0d0	0x33746e8	10219	assign_leader	0x260f9f0	0x34c090	0x2623560	Assigns target leader to the scoped object	0x3aef60
0x23ac600	246	0xfa140	0x33746e8	10220	set_years_served	0x260f9e0	0x34c090	0x2623130	Copies years served duration from the target	0x3aef60
0x23ac600	247	0xfa1b0	0x33746e8	10513	set_cooldown	0x260fb90	0x34c090	0x26231b0	Locks the leader in its current role for the next X days.	0x3aef60
0x23ac600	248	0xfa220	0x33746e8	10305	exile_leader_as	0x260fb80	0x34c090	0x2623220	Exiles the scoped country/fleet/army/leader and saves them with a custom name	0x3aef60
0x23ac600	249	0xfa290	0x33746e8	10306	set_leader	0x260fb70	0x34c090	0x2622f80	Reinstates a previously-exiled leader to the scoped country/fleet/army/pop faction	0x3aef60
0x23ac600	250	0xfa300	0x33746e8	10304	unassign_leader	0x260fb60	0x34c090	0x2623010	Unassigns scoped leader from their post or unassigns leader from the scoped planet/ship/fleet/army	0x3aef60
0x23ac600	251	0xfa370	0x33746e8	10221	country_add_ethic	0x260fa70	0x34c090	0x26230b0	Adds a specific ethic to the scoped country	0x3aef60
0x23ac600	252	0xfa3e0	0x33746e8	10222	country_remove_ethic	0x260fa60	0x34c090	0x2625fe0	Removes a specific ethic from the scoped country	0x3aef60
0x23ac600	253	0xfa450	0x33746e8	10245	set_saved_date	0x260fc10	0x34c090	0x2626030	Sets an arbitrarily-named date flag for the scoped object. Acts both as an <scope object>_flag and as a means for saving a date. The flag can then be referred to in localisations [This.<flag>] to prod	0x3aef60
0x23ac600	254	0xfa4c0	0x33746e8	10223	set_timed_first_contact_flag	0x260fc00	0x34c090	0x2626220	Sets an arbitrarily-named flag on the scoped first contact site for a set duration	0x3aef60
0x23ac600	255	0xfa530	0x33746e8	10224	set_timed_situation_flag	0x260fbf0	0x34c090	0x2626330	Sets an arbitrarily-named flag on the scoped situation for a set duration	0x3aef60
0x23ac600	256	0xfa5a0	0x33746e8	10225	set_timed_agreement_flag	0x260fbe0	0x34c090	0x2626430	Sets an arbitrarily-named flag on the scoped agreement for a set duration	0x3aef60
0x23ac600	257	0xfa610	0x33746e8	10226	set_timed_federation_flag	0x260fbd0	0x34c090	0x2626530	Sets an arbitrarily-named flag on the scoped federation for a set duration	0x3aef60
0x23ac600	258	0xfa680	0x33746e8	10227	set_timed_country_flag	0x260fbc0	0x34c090	0x2626630	Sets an arbitrarily-named flag on the scoped country for a set duration	0x3aef60
0x23ac600	259	0xfa6f0	0x33746e8	10228	set_timed_fleet_flag	0x260fbb0	0x34c090	0x2626730	Sets an arbitrarily-named flag on the scoped fleet for a set duration	0x3aef60
0x23ac600	260	0xfa760	0x33746e8	10293	set_timed_ambient_object_flag	0x260fbb0	0x34c090	0x2625810	Sets an arbitrarily-named flag on the scoped ambient object for a set duration	0x3aef60
0x23ac600	261	0xfa7d0	0x33746e8	10229	set_timed_global_flag	0x260fba0	0x34c090	0x2625910	Sets an arbitrarily-named global flag for a set duration	0x3aef60
0x23ac600	262	0xfa840	0x33746e8	10230	set_timed_planet_flag	0x260fc90	0x34c090	0x2625a00	Sets an arbitrarily-named flag on the scoped planet for a set duration	0x3aef60
0x23ac600	263	0xfa8b0	0x33746e8	10231	set_timed_carrier_flag	0x260fc80	0x34c090	0x2625b00	Sets an arbitrarily-named flag on the scoped colony carrier for a set duration	0x3aef60
0x23ac600	264	0xfa920	0x33746e8	10232	set_timed_pop_flag	0x260fc70	0x34c090	0x2625c00	Sets an arbitrarily-named flag on the scoped pop for a set duration	0x3aef60
0x23ac600	265	0xfa990	0x33746e8	10233	set_timed_pop_group_flag	0x260fc60	0x34c090	0x2625cf0	Sets an arbitrarily-named flag on the scoped pop group for a set duration	0x3aef60
0x23ac600	266	0xfaa00	0x33746e8	10373	set_timed_leader_flag	0x260fc50	0x34c090	0x2625df0	Sets an arbitrarily-named flag on the scoped leader for a set duration	0x3aef60
0x23ac600	267	0xfaa70	0x33746e8	10237	set_timed_army_flag	0x260fc40	0x34c090	0x2625ef0	Sets an arbitrarily-named flag on the scoped army for a set duration	0x3aef60
0x23ac600	268	0xfaae0	0x33746e8	10238	set_timed_deposit_flag	0x260fc30	0x34c090	0x2625020	Sets an arbitrarily-named flag on the scoped deposit for a set duration	0x3aef60
0x23ac600	269	0xfab50	0x33746e8	10239	set_timed_war_flag	0x260fc20	0x34c090	0x2625120	Sets an arbitrarily-named flag on the scoped war for a set duration	0x3aef60
0x23ac600	270	0xfabc0	0x33746e8	10240	set_timed_starbase_flag	0x260ef30	0x34c090	0x2625210	Sets an arbitrarily-named flag on the scoped starbase for a set duration	0x3aef60
0x23ac600	271	0xfac30	0x33746e8	10241	set_timed_sector_flag	0x260ef20	0x34c090	0x2625310	Sets an arbitrarily-named flag on the scoped sector for a set duration	0x3aef60
0x23ac600	272	0xfaca0	0x33746e8	10242	set_timed_archaeology_flag	0x260ef10	0x34c090	0x2625410	Sets an arbitrarily-named flag on the scoped arc site for a set duration	0x3aef60
0x23ac600	273	0xfad10	0x33746e8	10243	set_timed_spynetwork_flag	0x260ef00	0x34c090	0x2625510	Sets an arbitrarily-named flag on the scoped spy network for a set duration	0x3aef60
0x23ac600	274	0xfad80	0x33746e8	10244	set_timed_espionage_asset_flag	0x260eef0	0x34c090	0x2625610	Sets an arbitrarily-named flag on the scoped espionage asset for a set duration	0x3aef60
0x23ac600	275	0xfadf0	0x33746e8	10235	set_timed_ship_flag	0x260eee0	0x34c090	0x2625720	Sets an arbitrarily-named flag on the scoped ship for a set duration	0x3aef60
0x23ac600	276	0xfae60	0x33746e8	10236	set_timed_star_flag	0x260eed0	0x34c090	0x26249c0	Sets an arbitrarily-named flag on the scoped system for a set duration	0x3aef60
0x23ac600	277	0xfaed0	0x33746e8	13357	set_timed_pop_faction_flag	0x260eec0	0x34c090	0x2624ab0	Sets an arbitrarily-named flag on the scoped pop faction for a set duration	0x3aef60
0x23ac600	278	0xfaf40	0x33746e8	10390	set_timed_megastructure_flag	0x260efb0	0x34c090	0x2624ba0	Sets an arbitrarily-named flag on the scoped mega structure for a set duration	0x3aef60
0x23ac600	279	0xfafb0	0x33746e8	10342	set_timed_species_flag	0x260efa0	0x34c090	0x2624ca0	Sets an arbitrarily-named flag on the scoped species for a set duration	0x3aef60
0x23ac600	280	0xfb020	0x33746e8	10341	set_species_flag	0x260ef90	0x34c090	0x2624da0	Sets an arbitrarily-named flag on the scoped species	0x3aef60
0x23ac600	281	0xfb090	0x33746e8	10343	remove_species_flag	0x260ef80	0x34c090	0x2624e50	Removes a flag from the scoped species	0x3aef60
0x23ac600	282	0xfb100	0x33746e8	10234	set_timed_relation_flag	0x260ef70	0x34c090	0x2624f10	Sets an arbitrarily-named flag for the scoped country towards target country for a set duration	0x3aef60
0x23ac600	283	0xfb170	0x33746e8	10579	set_timed_espionage_operation_flag	0x260ef60	0x34c090	0x26247b0	Sets an arbitrarily-named flag on the scoped espionage operation for a set duration	0x3aef60
0x23ac600	284	0xfb1e0	0x33746e8	12875	remove_army	0x260ef50	0x34c090	0x26248d8	Removes the scoped army	0x3aef60
0x23ac600	285	0xfb250	0x33746e8	10411	remove_all_armies	0x260ef40	0x34c090	0x2624920	Removes all armies on scoped colony	0x3aef60
0x23ac600	286	0xfb2c0	0x33746e8	10110	damage_army	0x260f0e0	0x34c090	0x2624970	Damages scoped army by a specific amount	0x3aef60
0x23ac600	287	0xfb330	0x33746e8	12926	prevent_anomaly	0x260f0d0	0x34c090	0x2624550	Disables or enables anomaly generation for the scoped planet	0x3aef60
0x23ac600	288	0xfb3a0	0x33746e8	11516	create_ship_design	0x260f0c0	0x34c090	0x2624640	Creates a new ship design for use with last_created_design target	0x3aef60
0x23ac600	289	0xfb410	0x33746e8	10627	set_ship_design	0x260f0b0	0x34c090	0x26242e0	Changes which design a ship uses/all ships in a fleet use, to the target design	0x3aef60
0x23ac600	290	0xfb480	0x33746e8	10013	add_random_non_blocker_deposit	0x260f0a0	0x34c090	0x26243f0	Adds random non-blocker resource deposit to the scoped planet	0x3aef60
0x23ac600	291	0xfb4f0	0x33746e8	10831	add_deposit_category_effect	0x260f1f0	0x34c090	0x2624480	Adds random non-blocker resource deposit to the scoped planet of a certain category	0x3aef60
0x23ac600	292	0xfb560	0x33746e8	12959	add_deposit	0x260f1e0	0x34c090	0x2623f30	Adds resource deposit to the scoped object (note: if you add a blocker, it will add a random deposit that can be blocked by that deposit)	0x3aef60
0x23ac600	293	0xfb5d0	0x33746e8	10007	add_blocker	0x260f1d0	0x34c090	0x26240a0	Adds a blocker to a colony carrier, with some control over what it is set to block (add_deposit will add a random planetary deposit to block)	0x3aef60
0x23ac600	294	0xfb640	0x33746e8	10006	remove_deposit	0x260f330	0x34c090	0x26241f0	Remove resource deposit on the scoped colony carrier or deposit, does not fire on_cleared if used on a blocker	0x3aef60
0x23ac600	295	0xfb6b0	0x33746e8	10351	set_deposit	0x260f240	0x34c090	0x2627870	Replaces resource deposit on the scoped planet	0x3aef60
0x23ac600	296	0xfb720	0x33746e8	12960	clear_deposits	0x260f230	0x34c090	0x26278e0	Removes all deposits from the scoped colony carrier	0x3aef60
0x23ac600	297	0xfb790	0x33746e8	10042	clear_blockers	0x260f220	0x34c090	0x2627950	Removes all blockers from the scoped planet	0x3aef60
0x23ac600	298	0xfb800	0x33746e8	12694	clear_blocker	0x260f210	0x34c090	0x2627a00	Clears scoped deposit blocker and fires its on_cleared effect	0x3aef60
0x23ac600	299	0xfb870	0x33746e8	10187	add_trait	0x260f200	0x34c090	0x26276d0	Adds a specific trait to the scoped leader or a random common/negative trait	0x3aef60
0x23ac600	300	0xfb8e0	0x33746e8	10484	add_timed_trait	0x260f450	0x34c090	0x2627440	Adds a specific trait to the scoped leader for a specific duration	0x3aef60
0x23ac600	301	0xfb950	0x33746e8	10188	remove_trait	0x260f360	0x34c090	0x2627500	Removes a specific trait from the scoped leader, or removes all negative traits	0x3aef60
0x23ac600	302	0xfb9c0	0x33746e8	10189	remove_all_negative_traits	0x260f350	0x34c090	0x2627580	Removes all negative traits from the scoped leader	0x3aef60
0x23ac600	303	0xfba30	0x33746e8	10190	remove_all_positive_traits	0x260f340	0x34c090	0x26275e0	Removes all non-negative traits from the scoped leader	0x3aef60
0x23ac600	304	0xfbaa0	0x33746e8	10191	remove_all_traits	0x260f4b0	0x34c090	0x2627640	Removes all traits from the scoped leader	0x3aef60
0x23ac600	305	0xfbb10	0x33746e8	10252	add_mission_progress	0x260f4a0	0x34c090	0x2627110	Adds or subtracts progress to/from the scoped observation post's current mission	0x3aef60
0x23ac600	306	0xfbb80	0x33746e8	10260	switch	0x260f490	0x34c090	0x2627190	Executes the first appropriate effect set for a specific trigger	0x3aef60
0x23ac600	307	0xfbbf0	0x33746e8	18528	inverted_switch	0x260f480	0x34c090	0x2627290	Executes the first appropriate effect set for a specific trigger treated as NOT.	0x3aef60
0x23ac600	308	0xfbc60	0x33746e8	13150	set_age	0x260f470	0x34c090	0x26273c0	Sets the age of the scoped leader	0x3aef60
0x23ac600	309	0xfbcd0	0x33746e8	13151	add_age	0x260f460	0x34c090	0x2626ed0	Adds the age of the scoped leader	0x3aef60
0x23ac600	310	0xfbd40	0x33746e8	10326	set_gender	0x260f4f0	0x34c090	0x2626f08	Sets the gender of the scoped leader	0x3aef60
0x23ac600	311	0xfbdb0	0x33746e8	10264	set_pop_faction	0x260f4e0	0x34c090	0x2627090	Sets the scoped pop group to belong to a specific pop faction	0x3aef60
0x23ac600	312	0xfbe20	0x33746e8	10271	set_formation_scale	0x260f4d0	0x34c090	0x2626c00	Scales the scoped fleet's formation's ship spacing, above and below 1.0	0x3aef60
0x23ac600	313	0xfbe90	0x33746e8	10273	force_faction_evaluation	0x260f4c0	0x34c090	0x2626c70	Forces target pop group to immediately evaluate their attraction to various pop factions	0x3aef60
0x23ac600	314	0xfbf00	0x33746e8	10274	enable_faction_of_type	0x260e730	0x34c090	0x2626cf0	Forces scoped country to evaluate whether to create a specific faction type immediately, rather than monthly	0x3aef60
0x23ac600	315	0xfbf70	0x33746e8	10275	clear_uncharted_space	0x260e720	0x34c090	0x2626dc0	Clears uncharted space from the galaxy map for the scoped country, in a radius around target system	0x3aef60
0x23ac600	316	0xfbfe0	0x33746e8	10338	end_rivalry	0x260e710	0x34c090	0x2626e60	Force-end rivalry with target country	0x3aef60
0x23ac600	317	0xfc050	0x33746e8	10339	set_truce	0x260e890	0x34c090	0x2626ad0	Force a truce with target country of a specified type, or a war	0x3aef60
0x23ac600	318	0xfc0c0	0x33746e8	10340	end_truce	0x260e880	0x34c090	0x2626b80	Force-end truce with target country	0x3aef60
0x23ac600	319	0xfc130	0x33746e8	10039	establish_branch_office	0x260e870	0x34c090	0x2626840	Establish branch office on scoped planet for target country	0x3aef60
0x23ac600	320	0xfc1a0	0x33746e8	10040	close_branch_office	0x260e860	0x34c090	0x26268c0	Close branch office on scoped planet	0x3aef60
0x23ac600	321	0xfc210	0x33746e8	10624	remove_communications	0x260e850	0x34c090	0x2626940	Remove communications between scoped country and target country	0x3aef60
0x23ac600	322	0xfc280	0x33746e8	10276	establish_communications	0x260e840	0x34c090	0x26269e0	Establish communications between scoped country and target country	0x3aef60
0x23ac600	323	0xfc2f0	0x33746e8	10301	establish_communications_no_message	0x260e830	0x34c090	0x2628d30	Silently establish communications between scoped country and target country	0x3aef60
0x23ac600	324	0xfc360	0x33746e8	10302	remove_war_participant	0x260e820	0x34c090	0x2628dd0	Removes a specified country from the war	0x3aef60
0x23ac600	325	0xfc3d0	0x33746e8	10282	set_heir	0x260e9b0	0x34c090	0x2628e80	Sets the target leader to be the scoped country's heir	0x3aef60
0x23ac600	326	0xfc440	0x33746e8	10285	set_policy	0x260e9a0	0x34c090	0x2628ad0	Sets a policy to a specific option for the scoped country and specifies if policy cooldown should go into effect	0x3aef60
0x23ac600	327	0xfc4b0	0x33746e8	10212	set_policy_cooldown	0x260e8b0	0x34c090	0x2628c10	Sets the specified policy group to have a cooldown as if the policy had just been changed.	0x3aef60
0x23ac600	328	0xfc520	0x33746e8	10213	reset_policy_cooldowns	0x260e8a0	0x34c090	0x2628cd0	Resets the cooldown period of all policies for a country	0x3aef60
0x23ac600	329	0xfc590	0x33746e8	10286	recruitable	0x260ea10	0x34c090	0x26288e0	Sets scoped leader as non/recruitable	0x3aef60
0x23ac600	330	0xfc600	0x33746e8	13395	add_tech_progress	0x260ea00	0x34c090	0x26289f0	Gives percentage progress (0.0-1.0) in a specific tech to the scoped country	0x3aef60
0x23ac600	331	0xfc670	0x33746e8	10288	closest_system	0x260e9f0	0x34c090	0x2628490	Executes enclosed effects on a system -within a specific number of jumps span- that meets the limit criteria. This completely ignores bypasses (wormholes and gateways)	0x3aef60
0x23ac600	332	0xfc6e0	0x33746e8	10303	set_subject_of	0x260e9e0	0x34c090	0x2628640	Sets the scoped country to be a subject of target country. If use_demanded_terms is set to yes, then the subject agreement will use terms that have previously been demanded in a diplomatic action. If 	0x3aef60
0x23ac600	333	0xfc750	0x33746e8	10295	set_aggro_range	0x260e9d0	0x34c090	0x2628870	Sets the scoped fleet/country's aggro range in intra-system units	0x3aef60
0x23ac600	334	0xfc7c0	0x33746e8	10299	set_aggro_range_measure_from	0x260e9c0	0x34c090	0x2628120	Determines whether the scoped fleet/country's aggro range is measured from the fleet's current position or its spawn location	0x3aef60
0x23ac600	335	0xfc830	0x33746e8	10453	set_fleet_bombardment_stance	0x260eb10	0x34c090	0x2628260	Sets the bombardment stance of the scoped fleet	0x3aef60
0x23ac600	336	0xfc8a0	0x33746e8	10296	set_fleet_stance	0x260ea20	0x34c090	0x2628320	Sets the stance of the scoped fleet	0x3aef60
0x23ac600	337	0xfc910	0x33746e8	10309	set_federation_leader	0x260ed10	0x34c090	0x2627f70	Sets a country to lead a federation	0x3aef60
0x23ac600	338	0xfc980	0x33746e8	10310	add_colony_progress	0x260ed00	0x34c090	0x2627fd0	Adds to ongoing colonization progress on the scoped planet	0x3aef60
0x23ac600	339	0xfc9f0	0x33746e8	10331	set_war_goal	0x260ecf0	0x34c090	0x2627d10	Sets a war goal to the scoped rebel country/war	0x3aef60
0x23ac600	340	0xfca60	0x33746e8	10332	change_country_flag	0x260ece0	0x34c090	0x2627dc0	Changes the scoped country's flag	0x3aef60
0x23ac600	341	0xfcad0	0x33746e8	11126	set_council_agenda	0x260ee30	0x34c090	0x2627eb0	Set the Country's council agenda 	0x3aef60
0x23ac600	342	0xfcb40	0x33746e8	11003	add_council_agenda_progress	0x260ee20	0x34c090	0x2627a60	Instantly adds council agenda progress	0x3aef60
0x23ac600	343	0xfcbb0	0x33746e8	11004	add_council_agenda_progress_percent	0x260ee10	0x34c090	0x2627b70	Gives percentage progress (-1.0-1.0) in the current agenda to the scoped country	0x3aef60
0x23ac600	344	0xfcc20	0x33746e8	10352	randomize_flag_symbol	0x260ee00	0x34c090	0x2627c40	Randomizes a country's flag symbol within the selected category	0x3aef60
0x23ac600	345	0xfcc90	0x33746e8	10335	set_mission	0x260eeb0	0x34c090	0x2629f20	Sets the current mission of an observation station	0x3aef60
0x23ac600	346	0xfcd00	0x33746e8	10357	create_military_fleet	0x260eea0	0x34c090	0x262a000	Creates a military fleet with the designs of a specified country.	0x3aef60
0x23ac600	347	0xfcd70	0x33746e8	10337	change_dominant_species	0x260ee90	0x34c090	0x262a140	Changes the dominant species of the current Country, change_all also changes all usage of that species (Pops etc) in the empire	0x3aef60
0x23ac600	348	0xfcde0	0x33746e8	10361	guarantee_country	0x260ee80	0x34c090	0x2629e00	Makes a country guarantee another country	0x3aef60
0x23ac600	349	0xfce50	0x33746e8	10347	set_closed_borders	0x260ee70	0x34c090	0x2629b50	Changes closed borders status between two countries	0x3aef60
0x23ac600	350	0xfcec0	0x33746e8	10363	clear_resources	0x260ee60	0x34c090	0x2629c40	Clears resources of a country	0x3aef60
0x23ac600	351	0xfcf30	0x33746e8	10362	set_species_homeworld	0x260ee50	0x34c090	0x2629cf0	Defines a homeworld for the current species.	0x3aef60
0x23ac600	352	0xfcfa0	0x33746e8	10412	mutate_species	0x260ee40	0x34c090	0x2629a08	Randomly mutate a species.	0x3aef60
0x23ac600	353	0xfd010	0x33746e8	10415	reset_years_of_peace	0x260de80	0x34c090	0x2629a90	Resets years of peace for a country.	0x3aef60
0x23ac600	354	0xfd080	0x33746e8	18382	log	0x260de70	0x34c090	0x2629ae0	Prints a message to game.log for debugging purposes.	0x3aef60
0x23ac600	355	0xfd0f0	0x33746e8	10549	log_error	0x260de60	0x34c090	0x26297f8	Prints a message to error.log for debugging purposes.	0x3aef60
0x23ac600	356	0xfd160	0x33746e8	10374	set_species_identity	0x260de50	0x34c090	0x2629880	Sets the current species scopes identity to match the target scopes making them evaluate as the same species in is_same_species trigger.	0x3aef60
0x23ac600	357	0xfd1d0	0x33746e8	10377	set_empire_name	0x260de40	0x34c090	0x2629960	Sets the name of the current Empire.	0x3aef60
0x23ac600	358	0xfd240	0x33746e8	10378	set_empire_flag	0x260de30	0x34c090	0x2629630	Sets the flag of the current Empire.	0x3aef60
0x23ac600	359	0xfd2b0	0x33746e8	10379	set_planet_name	0x260de20	0x34c090	0x2629688	Sets the name of the current planet.	0x3aef60
0x23ac600	360	0xfd320	0x33746e8	14168	set_custom_capital_location	0x260de10	0x34c090	0x26296d0	Sets a custom spatial object as custom country capital location.	0x3aef60
0x23ac600	361	0xfd390	0x33746e8	14238	spawn_planet	0x260df00	0x34c090	0x26297d8	Spawns a planet in a system.	0x3aef60
0x23ac600	362	0xfd400	0x33746e8	14254	spawn_megastructure	0x260def0	0x34c090	0x26292e0	Spawns a mega structure in a system.	0x3aef60
0x23ac600	363	0xfd470	0x33746e8	10508	country_list_tooltip	0x260dee0	0x34c090	0x2629410	Prints a list of the countries that match the limit triggers in a tooltip, each separated by a line break.	0x3aef60
0x23ac600	364	0xfd4e0	0x33746e8	10509	owned_planet_list_tooltip	0x260ded0	0x34c090	0x26294b0	Prints a list of the country's colonies that match the limit triggers in a tooltip, each separated by a line break.	0x3aef60
0x23ac600	365	0xfd550	0x33746e8	10510	owned_pop_faction_list_tooltip	0x260dec0	0x34c090	0x2629560	Prints a list of the country's pop factions that match the limit triggers in a tooltip, each separated by a line break.	0x3aef60
0x23ac600	366	0xfd5c0	0x33746e8	10511	owned_leader_list_tooltip	0x260deb0	0x34c090	0x2628f60	Prints a list of the country's leaders that match the limit triggers in a tooltip, each separated by a line break.	0x3aef60
0x23ac600	367	0xfd630	0x33746e8	10512	owned_fleet_list_tooltip	0x260dea0	0x34c090	0x2629010	Prints a list of the country's fleets that match the limit triggers in a tooltip, each separated by a line break.	0x3aef60
0x23ac600	368	0xfd6a0	0x33746e8	10382	create_message	0x260de90	0x34c090	0x262b180	Creates a message, can take multiple variables	0x3aef60
0x23ac600	369	0xfd710	0x33746e8	10383	set_halted	0x260e020	0x34c090	0x262b310	Sets the mega structure upgrade to halted status for n days. -1 days = indefinitely	0x3aef60
0x23ac600	370	0xfd780	0x33746e8	10386	upgrade_megastructure_to	0x260df30	0x34c090	0x262b380	Starts an upgrade process on a mega structure. 	0x3aef60
0x23ac600	371	0xfd7f0	0x33746e8	10449	finish_upgrade	0x260df20	0x34c090	0x262ae30	Finish the current upgrade of a Mega Structure.	0x3aef60
0x23ac600	372	0xfd860	0x33746e8	14275	remove_megastructure	0x260df10	0x34c090	0x262aed0	Removes a mega structure.	0x3aef60
0x23ac600	373	0xfd8d0	0x33746e8	10387	set_planet_entity	0x260e220	0x34c090	0x262af20	Change entity of a planet.	0x3aef60
0x23ac600	374	0xfd940	0x33746e8	10388	remove_planet	0x260e210	0x34c090	0x262b080	Removes the planet from the scope 	0x3aef60
0x23ac600	375	0xfd9b0	0x33746e8	10476	set_asteroid_belt	0x260e120	0x34c090	0x262ac70	Sets an asteroid belt at the distance in the scope.	0x3aef60
0x23ac600	376	0xfda20	0x33746e8	10475	add_asteroid_belt	0x260e030	0x34c090	0x262ad70	Adds an asteroid belt at the distance in the scope.	0x3aef60
0x23ac600	377	0xfda90	0x33746e8	10395	change_leader_portrait	0x260e2a0	0x34c090	0x262ab30	Changes the portrait of the leader in scope.	0x3aef60
0x23ac600	378	0xfdb00	0x33746e8	10396	change_leader_class	0x260e290	0x34c090	0x262a890	Changes the class of the leader in scope.	0x3aef60
0x23ac600	379	0xfdb70	0x33746e8	10011	change_species_portrait	0x260e280	0x34c090	0x262a9f0	Changes the portrait of the species in scope.	0x3aef60
0x23ac600	380	0xfdbe0	0x33746e8	14401	trigger_megastructure_icon	0x260e270	0x34c090	0x262a620	if a planet has trigger_megastructure_icon = yes then the map icon for the star will show a megastructure icon	0x3aef60
0x23ac600	381	0xfdc50	0x33746e8	18466	debug_break	0x260e260	0x34c090	0x262a690	Trigger an assertion to stop the debugger when encountering this effect; argument is ignored	0x3aef60
0x23ac600	382	0xfdcc0	0x33746e8	10413	rename_species	0x260e250	0x34c090	0x262a3d0	Renames the species.	0x3aef60
0x23ac600	383	0xfdd30	0x33746e8	14602	run_ai_strategic_data	0x260e240	0x34c090	0x262a470	Recomputes ALL strategic data for AI = yes	0x3aef60
0x23ac600	384	0xfdda0	0x33746e8	15590	run_ai_strategic_war_data	0x260e230	0x34c090	0x262a4a0	Recomputes strategic war ( attack / defense ) data for AI = yes	0x3aef60
0x23ac600	385	0xfde10	0x33746e8	10423	add_notification_modifier	0x260e3a0	0x34c090	0x262a4e0	Add a notification modifier to the country	0x3aef60
0x23ac600	386	0xfde80	0x33746e8	10424	remove_notification_modifier	0x260e2b0	0x34c090	0x262a530	Remove a notification modifier to the country	0x3aef60
0x23ac600	387	0xfdef0	0x33746e8	10426	set_player	0x260e500	0x34c090	0x262a250	Assign the player of the target country to play the scoped country instead	0x3aef60
0x23ac600	388	0xfdf60	0x33746e8	10427	change_species_characteristics	0x260e4f0	0x34c090	0x262c5f0	Changes the characteristics of a species	0x3aef60
0x23ac600	389	0xfdfd0	0x33746e8	10428	copy_techs_from	0x260e4e0	0x34c090	0x262c960	Copies all techs from the target country to the scoped country, except for some exceptions listed. Tech weights (and weight modifiers) are honoured, meaning that techs a country should not have will n	0x3aef60
0x23ac600	390	0xfe040	0x33746e8	10429	create_bypass	0x260e4d0	0x34c090	0x262c300	Creates a bypass in the parent SpatialObject (stored in FromFrom), of the type passed in "type".	0x3aef60
0x23ac600	391	0xfe0b0	0x33746e8	10430	activate_gateway	0x260e4c0	0x34c090	0x262c500	Activates the gateway associated with a megastructure.	0x3aef60
0x23ac600	392	0xfe120	0x33746e8	10432	spawn_natural_wormhole	0x260e4b0	0x34c090	0x262c060	Spawns a new natural wormhole in the scoped system.	0x3aef60
0x23ac600	393	0xfe190	0x33746e8	10434	link_wormholes	0x260e4a0	0x34c090	0x262bec0	Link the wormhole from the scoped system to the wormhole in the target system, or from the scope wormhole to the target wormhole.	0x3aef60
0x23ac600	394	0xfe200	0x33746e8	10445	add_casus_belli	0x260e490	0x34c090	0x262bad0	Adds a Casus Belli to the scoped country against the target country.	0x3aef60
0x23ac600	395	0xfe270	0x33746e8	10450	effect_on_blob	0x260e620	0x34c090	0x262bc10	Executes an effect on systems with colonies owned by the scoped country, starting at an origin, and until a certain percentage of owned colonies matching the planet_limit has been covered.	0x3aef60
0x23ac600	396	0xfe2e0	0x33746e8	10451	add_seen_bypass_type	0x260e530	0x34c090	0x262bdf0	Makes the scoped country remember that it has encountered the bypass type	0x3aef60
0x23ac600	397	0xfe350	0x33746e8	11687	add_resource	0x260e520	0x34c090	0x262b790	Adds specific resource to the stockpile for the country scope:	0x3aef60
0x23ac600	398	0xfe3c0	0x33746e8	10755	add_resource_to_local_stockpile	0x260e510	0x34c090	0x262b970	Adds specific resources to a ship's stockpile (ship must be able to collect resources; will not add resources above capacity):	0x3aef60
0x23ac600	399	0xfe430	0x33746e8	17673	set_resource	0x260d540	0x34c090	0x262b580	Sets the specific resource to the stockpile for the country scope:	0x3aef60
0x23ac600	400	0xfe4a0	0x33746e8	10452	add_seen_bypass	0x260d530	0x34c090	0x262b690	Makes the scoped country remember that it has encountered the bypass 	0x3aef60
0x23ac600	401	0xfe510	0x33746e8	10346	auto_follow_fleet	0x260d520	0x34c090	0x262b450	Makes a fleet or ship auto-move to target fleet and potentially attack it	0x3aef60
0x23ac600	402	0xfe580	0x33746e8	10344	auto_move_to_planet	0x260d510	0x34c090	0x262e310	Makes a fleet or ship auto-move to target planet	0x3aef60
0x23ac600	403	0xfe5f0	0x33746e8	10345	remove_auto_move_target	0x260d500	0x34c090	0x262e390	Makes a fleet or ship stop auto-moving	0x3aef60
0x23ac600	404	0xfe660	0x33746e8	10586	room_name_override	0x260d4f0	0x34c090	0x262e440	Sets the room background of the empire. Provide an empty string to remove the override.	0x3aef60
0x23ac600	405	0xfe6d0	0x33746e8	10461	add_hyperlane	0x260d4e0	0x34c090	0x262e190	Adds a hyperlane between two systems	0x3aef60
0x23ac600	406	0xfe740	0x33746e8	10462	remove_hyperlane	0x260d4d0	0x34c090	0x262de10	Removes existing hyperlane between two systems	0x3aef60
0x23ac600	407	0xfe7b0	0x33746e8	10678	return_leader_from_exile	0x260d740	0x34c090	0x262dea0	Returns the leader from a custom name	0x3aef60
0x23ac600	408	0xfe820	0x33746e8	10679	kill_exiled_leader	0x260d730	0x34c090	0x262df20	Kills the scoped leader saved with a custom name	0x3aef60
0x23ac600	409	0xfe890	0x33746e8	10759	transfer_resource_stockpile	0x260d720	0x34c090	0x262da10	Transfers all resources from the scoped ship to another ship or country:	0x3aef60
0x23ac600	410	0xfe900	0x33746e8	10603	set_rule_join_overlord_wars	0x260d630	0x34c090	0x262dc10	Changes the agreement term for Subject to join Overlord wars	0x3aef60
0x23ac600	411	0xfe970	0x33746e8	10604	set_rule_join_subject_wars	0x260d880	0x34c090	0x262dc90	Changes the agreement term for Overlord to wars of its Subject	0x3aef60
0x23ac600	412	0xfe9e0	0x33746e8	10599	set_rule_can_subject_be_integrated	0x260d870	0x34c090	0x262dd10	Changes the agreement term for whether the Subject can be integrated	0x3aef60
0x23ac600	413	0xfea50	0x33746e8	10600	set_rule_can_subject_do_diplomacy	0x260d860	0x34c090	0x262dd90	Changes the agreement term for whether the Subject can do diplomacy	0x3aef60
0x23ac600	414	0xfeac0	0x33746e8	10602	set_rule_can_subject_vote	0x260d850	0x34c090	0x262d350	Changes the agreement term for whether the Subject can vote independently of its overlord in GalCom/federations	0x3aef60
0x23ac600	415	0xfeb30	0x33746e8	10601	set_rule_can_subject_expand	0x260d760	0x34c090	0x262d3f0	Changes the agreement term for whether the Subject can expand	0x3aef60
0x23ac600	416	0xfeba0	0x33746e8	10605	set_rule_subject_has_access	0x260d750	0x34c090	0x262d480	Changes the agreement term for whether the Subject can access the overlord's territory (and territories the overlord has access to) despite closed borders	0x3aef60
0x23ac600	417	0xfec10	0x33746e8	10606	set_rule_subject_has_sensors	0x260d900	0x34c090	0x262d550	Changes the agreement term for whether the Subject gets sensors data from Overlord	0x3aef60
0x23ac600	418	0xfec80	0x33746e8	10607	convert_to_specialist	0x260d8f0	0x34c090	0x262d5d0	Starts the process of converting the subject of the scoped agreement to the given specialist type.	0x3aef60
0x23ac600	419	0xfecf0	0x33746e8	10418	set_agreement_terms	0x260d8e0	0x34c090	0x262d6c0	Sets agreement terms of the agreement. Can be used to set multiple terms at once, including resource subsidies.	0x3aef60
0x23ac600	420	0xfed60	0x33746e8	10419	set_agreement_preset	0x260d8d0	0x34c090	0x262d7d0	Sets the preset of an agreement and applies its terms on the agreement if 'apply_terms' is 'yes'.	0x3aef60
0x23ac600	421	0xfedd0	0x33746e8	16055	agreement_event	0x260d8c0	0x34c090	0x262d890	Fires an agreement event for the scoped agreement	0x3aef60
0x23ac600	422	0xfee40	0x33746e8	10534	add_loyalty	0x260d8b0	0x34c090	0x262d0f0	Add loyalty to subject of an agreement	0x3aef60
0x23ac600	423	0xfeeb0	0x33746e8	11660	spawn_random_anomaly	0x260d8a0	0x34c090	0x262d130	Spawn a random anomaly on the scoped planet	0x3aef60
0x23ac600	424	0xfef20	0x33746e8	10456	check_casus_belli_valid	0x260d890	0x34c090	0x262ccf0	Re-evaluate the specified casus belli type with given target country	0x3aef60
0x23ac600	425	0xfef90	0x33746e8	10762	transfer_carrier	0x260d960	0x34c090	0x262cda0	Transfer the colony to another carrier	0x3aef60
0x23ac600	426	0xff000	0x33746e8	10763	create_sector	0x260d950	0x34c090	0x262cec0	Creates a sector with the scoped colony as capital, if it's not already within a sector	0x3aef60
0x23ac600	427	0xff070	0x33746e8	10765	set_system_locked	0x260d940	0x34c090	0x262cf30	Sets the system lock status for the scoped colony or carrier and cancels any current encampment or packup process	0x3aef60
0x23ac600	428	0xff0e0	0x33746e8	10457	copy_ethos_and_authority	0x260d930	0x34c090	0x262cfe0	Makes the scoped country copy the ethos and government authority of the target country.	0x3aef60
0x23ac600	429	0xff150	0x33746e8	10370	add_tradition	0x260d920	0x34c090	0x262cb50	Adds the specified tradition to the scoped country.	0x3aef60
0x23ac600	430	0xff1c0	0x33746e8	10483	enable_galactic_market	0x260d910	0x34c090	0x262cbf0	Enables the galactic market.	0x3aef60
0x23ac600	431	0xff230	0x33746e8	10469	add_relic	0x260dba0	0x34c090	0x262fe50	Adds the specified relic to the scoped country.	0x3aef60
0x23ac600	432	0xff2a0	0x33746e8	10470	remove_relic	0x260db90	0x34c090	0x262ff50	Removes the specified relic from the scoped country.	0x3aef60
0x23ac600	433	0xff310	0x33746e8	10297	add_favors	0x260db80	0x34c090	0x262fbe0	Add <value> favors for scoped country to use on target country.	0x3aef60
0x23ac600	434	0xff380	0x33746e8	10298	remove_favors	0x260da90	0x34c090	0x262fd00	Remove <value/all> favors that scoped country have on target country:	0x3aef60
0x23ac600	435	0xff3f0	0x33746e8	10496	set_site_progress_locked	0x260da80	0x34c090	0x262fd90	Locks or unlocks the progress of a site	0x3aef60
0x23ac600	436	0xff460	0x33746e8	10582	add_victory_score	0x260da70	0x34c090	0x262fde0	Adds victory score to a country	0x3aef60
0x23ac600	437	0xff4d0	0x33746e8	10587	set_ai_personality	0x260dbe0	0x34c090	0x262f940	Sets the AI personality of a country to a new one	0x3aef60
0x23ac600	438	0xff540	0x33746e8	15080	get_trade_data	0x260dbd0	0x34c090	0x262f9a0	Passes special trade offer data from the target enclave country to the scoped country.	0x3aef60
0x23ac600	439	0xff5b0	0x33746e8	15081	make_special_trade	0x260dbc0	0x34c090	0x262fa70	Makes special trade deal between the target enclave country and the scoped country.	0x3aef60
0x23ac600	440	0xff620	0x33746e8	10251	add_ship_design	0x260dbb0	0x34c090	0x262fb60	Adds a specific ship design to the scoped country	0x3aef60
0x23ac600	441	0xff690	0x33746e8	10372	add_global_ship_design	0x260de00	0x34c090	0x262f4f0	Adds a specific global design to the game	0x3aef60
0x23ac600	442	0xff700	0x33746e8	12718	remove_ship_design	0x260ddf0	0x34c090	0x262f560	Removes a specific ship design from the scoped country	0x3aef60
0x23ac600	443	0xff770	0x33746e8	12719	remove_global_ship_design	0x260dde0	0x34c090	0x262f5d0	Removes a specific global design from the game	0x3aef60
0x23ac600	444	0xff7e0	0x33746e8	10171	store_country_backup_data	0x260dcf0	0x34c090	0x262f630	Stores a copy of the specified data of the scoped country. The values default to 'no'.	0x3aef60
0x23ac600	445	0xff850	0x33746e8	10172	restore_country_backup_data	0x260dce0	0x34c090	0x262f700	Restores backed up data to the scoped country.	0x3aef60
0x23ac600	446	0xff8c0	0x33746e8	10622	go_to_next_pre_ftl_age	0x260dcd0	0x34c090	0x262f7a0	Advances country to next pre-FTL technology level if possible. Does nothing if has_next_pre_ftl_age would be false, or if argument is 'no'.	0x3aef60
0x23ac600	447	0xff930	0x33746e8	10623	set_pre_ftl_age	0x260c948	0x34c090	0x262f850	Set pre-FTL technology level. Does nothing if the country is not pre-FTL.	0x3aef60
0x23ac600	448	0xff9a0	0x33746e8	10497	advanced_authority_refresh	0x260c938	0x34c090	0x262f040	Used after an advanced authority swap to make sure things are changed properly	0x3aef60
0x23ac600	449	0xffa10	0x33746e8	10635	activate_fog_machine	0x260c848	0x34c090	0x262f0b0	Creates cloud effect at every star system controlled by the country	0x3aef60
0x23ac600	450	0xffa80	0x33746e8	10636	deactivate_fog_machine	0x260c838	0x34c090	0x262f118	Deactivates country fog machine	0x3aef60
0x23ac600	451	0xffaf0	0x33746e8	10696	integrate_species	0x260cca0	0x34c090	0x262f160	Triggers the sub-species integration step for a country.	0x3aef60
0x23ac600	452	0xffb60	0x33746e8	10744	merge_species	0x260cc90	0x34c090	0x262f1c0	Triggers the merge of similar sub-species for a country.	0x3aef60
0x23ac600	453	0xffbd0	0x33746e8	10710	copy_traditions_from	0x260ca50	0x34c090	0x262f220	Copies the traditions of the target country into the scoped country. Traditions are added to the existing traditions, and the potential/possible triggers are respected.the traditions listed in the exc	0x3aef60
0x23ac600	454	0xffc40	0x33746e8	10712	copy_ascension_perks_from	0x260cda0	0x34c090	0x262f360	Copies the Ascension Perks of the target country into the scoped country. Perks are added to the existing perks, and the potential/possible triggers are respected.the perkss listed in the exceptions l	0x3aef60
0x23ac600	455	0xffcb0	0x33746e8	10713	remove_tradition	0x260ccb0	0x34c090	0x262f490	Remove the target tradition from the scoped Country.	0x3aef60
0x23ac600	456	0xffd20	0x33746e8	10714	remove_tradition_tree	0x260ce90	0x34c090	0x262eb70	Remove the target tradition tree from the scoped Country.	0x3aef60
0x23ac600	457	0xffd90	0x33746e8	10715	add_ascension_perk	0x260d0a0	0x34c090	0x262ebe0	Adds the specified ascension perk to the scoped country.	0x3aef60
0x23ac600	458	0xffe00	0x33746e8	10716	remove_ascension_perk	0x260cfb0	0x34c090	0x262ec50	Remove the target ascension perk from the scoped Country.	0x3aef60
0x23ac600	459	0xffe70	0x33746e8	17657	set_trade_conversions	0x260cfa0	0x34c090	0x262ecc0	Sets the trade conversions for the scoped Country. If they do not add up to 1.0 any remaining trade the country keeps as income	0x3aef60
0x23ac600	460	0xffee0	0x33746e8	17658	refresh_auto_generated_ship_designs	0x260cf90	0x34c090	0x262ed80	Refresh ship designs that are aut-generated such as colony ships	0x3aef60
0x23ac600	461	0xfff50	0x33746e8	10175	begin_event_chain	0x260cf80	0x34c090	0x262edf0	Starts a situation log event chain for target country	0x3aef60
0x23ac600	462	0xfffc0	0x33746e8	10049	set_country_code_flags	0x260d1a0	0x34c090	0x262ee70	Sets bool flags as used by code, not defined in script:	0x3aef60
0x23ac600	463	0x100030	0x33746e8	10050	set_faction_properties	0x260d3a0	0x34c090	0x262efd0	Sets country's faction properties:	0x3aef60
0x23ac600	464	0x1000a0	0x33746e8	10766	set_resource_converter	0x260d390	0x34c090	0x262e830	Sets the resource currency converter for the country	0x3aef60
0x23ac600	465	0x100110	0x33746e8	10585	activate_crisis_progression	0x260d2a0	0x34c090	0x262e8a0	Activates crisis progression for the country	0x3aef60
0x23ac600	466	0x100180	0x33746e8	10570	complete_crisis_objective	0x260d3e0	0x34c090	0x262e900	Gives the player the reward for the specified crisis objective, if the player's selected crisis path includes it. Gives nothing if the player's crisis path doesn't include it. 	0x3aef60
0x23ac600	467	0x1001f0	0x33746e8	10609	pass_debris_ownership	0x260d3d0	0x34c090	0x262eaf0	Passes the scoped debris ownership to the specified country 	0x3aef60
0x23ac600	468	0x100260	0x32611c8	11100	num_ships_in_debris	0x260d3c0	0x34c090	0x262e5a0	Checks the number of ships of a ship size in debris	0x348150
0x23ac600	469	0x1002c0	0x33746e8	17355	add_resource_from_debris	0x260d3b0	0x34c090	0x262e610	Adds specific resource to the stockpile for the country scope and creates a debris notification:	0x3aef60
0x23ac600	470	0x100330	0x33746e8	10416	remove_secret_fealty	0x260be68	0x34c090	0x262e730	Removes a secret fealty pact between the scoped subject country and the target empire	0x3aef60
0x23ac600	471	0x1003a0	0x33746e8	10417	clear_relations	0x260be58	0x34c090	0x262e7b0	Clears relations between scoped and target countries	0x3aef60
0x23ac600	472	0x100410	0x33746e8	10625	remove_envoys_to	0x260be48	0x34c090	0x2631730	Removes any envoys from scoped country assigned to target country	0x3aef60
0x23ac600	473	0x100480	0x33746e8	10626	remove_from_federation	0x260be38	0x34c090	0x2631790	The scoped country is removed from any federation its in	0x3aef60
0x23ac600	474	0x1004f0	0x33746e8	10767	force_show_diplomacy	0x260be28	0x34c090	0x26317f0	Forces the diplomacy view to open for the scoped country targeted at the given country, on the diplomacy tab. Only works inside on_custom_diplomacy events, relic activation effects, or events triggere	0x3aef60
0x23ac600	475	0x100560	0x33746e8	10768	force_show_espionage	0x260bf78	0x34c090	0x2631950	Forces the diplomacy view to open for the scoped country targeted at the given country, on the espionage tab. Only works inside on_custom_diplomacy events, relic activation effects, or events triggere	0x3aef60
0x23ac600	476	0x1005d0	0x33746e8	10554	finish_current_operation_stage	0x260be88	0x34c090	0x2631ab0	Finish the current operation phase	0x3aef60
0x23ac600	477	0x100640	0x33746e8	10558	create_espionage_asset	0x260be78	0x34c090	0x2631b70	Creates espionage asset within a given spy network	0x3aef60
0x23ac600	478	0x1006b0	0x33746e8	10559	destroy_espionage_asset	0x260c168	0x34c090	0x2631c10	Destroys espionage asset within a given spy network/operation	0x3aef60
0x23ac600	479	0x100720	0x33746e8	10560	set_espionage_operation_progress_locked	0x260c158	0x34c090	0x2631c80	Locks or unlocks the progress of an espionage operation	0x3aef60
0x23ac600	480	0x100790	0x33746e8	10563	assign_espionage_asset	0x260c068	0x34c090	0x26312e0	Assigns espionage asset to the scope operation from owning spy network	0x3aef60
0x23ac600	481	0x100800	0x33746e8	10561	unassign_espionage_asset	0x260c298	0x34c090	0x2631360	Unassigns espionage asset from the scope operation to owning spy network	0x3aef60
0x23ac600	482	0x100870	0x33746e8	10580	destroy_espionage_operation	0x260c288	0x34c090	0x26313e0	Destroys a espionage operation site in right hand site event target	0x3aef60
0x23ac600	483	0x1008e0	0x33746e8	10581	add_espionage_information	0x260c278	0x34c090	0x2631460	Adds information to the current stage of an espionage operation	0x3aef60
0x23ac600	484	0x100950	0x33746e8	10574	espionage_operation_event	0x260c268	0x34c090	0x26314d0	Fires a espionage event event for the scoped object, with optional DAYS and RANDOM delay	0x3aef60
0x23ac600	485	0x1009c0	0x33746e8	16173	add_spy_network_level	0x260c258	0x34c090	0x2631620	Adds levels to the current Spy Network	0x3aef60
0x23ac600	486	0x100a30	0x33746e8	10500	set_federation_law	0x260c398	0x34c090	0x2631670	Sets the given law for the scoped federation	0x3aef60
0x23ac600	487	0x100aa0	0x33746e8	10514	add_federation_experience	0x260c388	0x34c090	0x26316d0	Adds experience to the scoped federation	0x3aef60
0x23ac600	488	0x100b10	0x33746e8	10515	set_federation_type	0x260c678	0x34c090	0x2630bc0	Sets federation type to the scoped federation	0x3aef60
0x23ac600	489	0x100b80	0x33746e8	10516	set_federation_succession_type	0x260c588	0x34c090	0x2630c20	Sets scoped federation's succession type to the specified value. Please don't use outside law on_enact, functional effect! Use set_federation_law and has_federation_law instead.	0x3aef60
0x23ac600	490	0x100bf0	0x33746e8	10517	set_federation_succession_term	0x260c498	0x34c090	0x2630d70	Sets scoped federation's succession term to the specified value. Please don't use outside law on_enact, functional effect! Use set_federation_law and has_federation_law instead.	0x3aef60
0x23ac600	491	0x100c60	0x33746e8	10518	set_only_leader_builds_fleets	0x260c488	0x34c090	0x2630eb0	Sets exclusive right to build fleets by federation leader. Please don't use outside law on_enact, functional effect! Use set_federation_law and has_federation_law instead.	0x3aef60
0x23ac600	492	0x100cd0	0x33746e8	10519	set_allow_subjects_to_join	0x260c7d8	0x34c090	0x2630f90	Sets right for subjects to join federation. Please don't use outside law on_enact, functional effect! Use set_federation_law and has_federation_law instead.	0x3aef60
0x23ac600	493	0x100d40	0x33746e8	10520	set_equal_voting_power	0x260c7c8	0x34c090	0x2631060	Sets different voting weight. Please don't use outside law on_enact, functional effect! Use set_federation_law and has_federation_law instead.	0x3aef60
0x23ac600	494	0x100db0	0x33746e8	10521	set_diplomacy_action_setting	0x260c7b8	0x34c090	0x2631120	Sets diplomatic action custom setting. Please don't use outside law on_enact, functional effect! Use set_federation_law and has_federation_law instead.	0x3aef60
0x23ac600	495	0x100e20	0x33746e8	10522	set_free_migration	0x260c7a8	0x34c090	0x2631220	Sets unified migration flag for federation. Please don't use outside law on_enact, functional effect! Use set_federation_law and has_federation_law instead.	0x3aef60
0x23ac600	496	0x100e90	0x33746e8	10523	set_federation_settings	0x260c698	0x34c090	0x2630890	Sets diplomatic action custom setting. Please don't use outside law on_enact, functional effect! Use set_federation_law and has_federation_law instead.	0x3aef60
0x23ac600	497	0x100f00	0x33746e8	10526	add_cohesion	0x260c688	0x34c090	0x2630960	Add cohesion to the federation	0x3aef60
0x23ac600	498	0x100f70	0x33746e8	10524	add_associate_member	0x260c828	0x34c090	0x26309a0	Add specified country as an associate member	0x3aef60
0x23ac600	499	0x100fe0	0x33746e8	10525	remove_associate_member	0x260c818	0x34c090	0x2630a20	Removes a specific associate member from the federation	0x3aef60
0x23ac600	500	0x101050	0x33746e8	10576	dissolve_federation	0x260c808	0x34c090	0x2630aa8	Dissolved the current federation	0x3aef60
0x23ac600	502	0x101130	0x33746e8	10460	set_home_base	0x260c7f8	0x34c090	0x26306c0	Set the home base of the scoped fleet to the specified starbase	0x3aef60
0x23ac600	503	0x1011a0	0x33746e8	10477	fleet_action_research_special_project	0x260c7e8	0x34c090	0x2630420	Sends a fleet to research a special project	0x3aef60
0x23ac600	504	0x101210	0x33746e8	10555	set_mia	0x260b658	0x34c090	0x2630550	Sets the current fleet to go missing in action with the MIA type defided by <key>	0x3aef60
0x23ac600	505	0x101280	0x33746e8	10556	set_mia_return_delay	0x260b648	0x34c090	0x26301e0	If the scoped fleet is MIA, sets the return date in a given number of days, starting from current date	0x3aef60
0x23ac600	506	0x1012f0	0x33746e8	10557	return_from_mia	0x260b638	0x34c090	0x26302c0	If the target fleet is MIA, returns it from MIA immediately	0x3aef60
0x23ac600	507	0x101360	0x33746e8	10180	destroy_and_spawn_debris_for	0x260b628	0x34c090	0x2630350	Sets the current ship or fleet to be destroyed and spawn a debris project for the specified country.	0x3aef60
0x23ac600	508	0x1013d0	0x33746e8	16761	give_fleet	0x260b618	0x34c090	0x26300d0	Leases fleet out to the new controller country for a numbed of days 	0x3aef60
0x23ac600	509	0x101440	0x33746e8	10620	end_fleet_contract	0x260b888	0x34c090	0x2633ad8	Breaks fleet lease contract 	0x3aef60
0x23ac600	510	0x1014b0	0x33746e8	16762	prolong_fleet_contract	0x260b878	0x34c090	0x2633bb0	Prolongs fleet's lease contract for a numbed of days 	0x3aef60
0x23ac600	511	0x101520	0x33746e8	16763	set_fleet_settings	0x260b868	0x34c090	0x2633c50	Set fleet's settings, any unspecified setting will set to default value.	0x3aef60
0x23ac600	512	0x101590	0x33746e8	10621	set_cloaking_active	0x260b858	0x34c090	0x26334c0	Sets current fleet's cloaking status	0x3aef60
0x23ac600	513	0x101600	0x33746e8	10676	spawn_custom_debris	0x260b748	0x34c090	0x2633510	Spawns a custom debris project with the current fleet.	0x3aef60
0x23ac600	514	0x101670	0x33746e8	10675	reanimate_space_fauna	0x260b908	0x34c090	0x2633830	Reanimates Space Fauna ship(s) back to life in zombie form.	0x3aef60
0x23ac600	515	0x1016e0	0x33746e8	10695	create_smaller_size_creature_in_fleet	0x260b8f8	0x34c090	0x26338a0	Creates new creatures of the smaller ship size in the same fleet	0x3aef60
0x23ac600	516	0x101750	0x33746e8	10653	set_fauna_fleet_growth_stance	0x260b8e8	0x34c090	0x2633920	Sets Space Fauna growth stance. Setting to 'none' resets stance to use default country policy.	0x3aef60
0x23ac600	517	0x1017c0	0x33746e8	10723	set_confused	0x260b8d8	0x34c090	0x26339d0	Sets the confusion state on the target ship/fleet (all ships). Clears at the end of combat.	0x3aef60
0x23ac600	518	0x101830	0x33746e8	10724	add_growth	0x260b8c8	0x34c090	0x2633a50	Adds a specific amount of growth (non-fauna ships)	0x3aef60
0x23ac600	519	0x1018a0	0x33746e8	10725	reset_growth	0x260b8b8	0x34c090	0x2633a98	Resets growth to zero (non-fauna ships)	0x3aef60
0x23ac600	520	0x101910	0x33746e8	10742	set_terrified_by	0x260b8a8	0x34c090	0x26332a0	Sets which ship terrified the target ship/fleet (all ships). Clears at the end of combat.	0x3aef60
0x23ac600	521	0x101980	0x33746e8	10743	remove_terrified	0x260b898	0x34c090	0x2633320	Removes terrified state on the target ship/fleet (all ships).	0x3aef60
0x23ac600	522	0x1019f0	0x33746e8	18093	create_leader	0x260ba48	0x34c090	0x2632630	Creates a new leader for the scoped country	0x3aef60
0x23ac600	523	0x101a60	0x33746e8	10464	create_saved_leader	0x260ba38	0x34c090	0x2632f90	Creates a new saved leader for the scoped country with a lookup key. See create_leader for parameters.	0x3aef60
0x23ac600	524	0x101ad0	0x33746e8	10465	remove_saved_leader	0x260ba28	0x34c090	0x2633020	Removes a saved leader for the scoped country with a lookup key	0x3aef60
0x23ac600	525	0x101b40	0x33746e8	10466	activate_saved_leader	0x260ba18	0x34c090	0x2633080	Moves a saved leader to the active for the scoped country with a lookup key	0x3aef60
0x23ac600	526	0x101bb0	0x33746e8	10459	clone_leader	0x260ba08	0x34c090	0x2633150	Clones the last created leader for the scoped country	0x3aef60
0x23ac600	527	0x101c20	0x33746e8	10027	change_background_ethic	0x260b918	0x34c090	0x2632450	Changes the background ethic of a leader	0x3aef60
0x23ac600	528	0x101c90	0x33746e8	10028	change_background_job	0x260ba88	0x34c090	0x26324a0	Changes the background job of a leader	0x3aef60
0x23ac600	529	0x101d00	0x33746e8	10538	set_male_ruler_title	0x260ba78	0x34c090	0x2632570	Sets the country's male ruler title to a custom value	0x3aef60
0x23ac600	530	0x101d70	0x33746e8	10539	set_female_ruler_title	0x260ba68	0x34c090	0x26321d0	Sets the country's female ruler title to a custom value	0x3aef60
0x23ac600	531	0x101de0	0x33746e8	10540	set_male_heir_title	0x260ba58	0x34c090	0x2632240	Sets the country's male heir title to a custom value	0x3aef60
0x23ac600	532	0x101e50	0x33746e8	10541	set_female_heir_title	0x260bbe8	0x34c090	0x26322a0	Sets the country's female heir title to a custom value	0x3aef60
0x23ac600	533	0x101ec0	0x33746e8	10542	clear_custom_ruler_and_heir_titles	0x260bbd8	0x34c090	0x2632330	Clears all custom ruler and heir titles from the country, resetting them to default values	0x3aef60
0x23ac600	534	0x101f30	0x33746e8	10618	set_council_position	0x260bbc8	0x34c090	0x2632050	Sets the scoped leader to a council position if it is present in the government of the leader's owner country.	0x3aef60
0x23ac600	535	0x101fa0	0x33746e8	10506	remove_from_empire_council	0x260bbb8	0x34c090	0x2632160	Removes scoped leader from empire council	0x3aef60
0x23ac600	536	0x102010	0x33746e8	10033	set_immortal	0x260bba8	0x34c090	0x2631d10	Sets the scoped leader immortal. The 'no' case will not override immortality granted by species characteristics (but will disable immortality granted by this effect).	0x3aef60
0x23ac600	537	0x102080	0x33746e8	13602	set_ruler_title_male	0x260bb98	0x34c090	0x2631dd0	Sets the scoped country's male ruler's title.	0x3aef60
0x23ac600	538	0x1020f0	0x33746e8	13603	set_ruler_title_female	0x260bb88	0x34c090	0x2631e30	Sets the scoped country's female ruler's title.	0x3aef60
0x23ac600	539	0x102160	0x33746e8	13605	set_council_position_title_male	0x260bb78	0x34c090	0x2631ee0	Sets the scoped country's council position's male title.	0x3aef60
0x23ac600	540	0x1021d0	0x33746e8	13606	set_council_position_title_female	0x260bd08	0x34c090	0x2635d10	Sets the scoped country's council position's female title.	0x3aef60
0x23ac600	541	0x102240	0x33746e8	10034	freeze_leader_age	0x260bcf8	0x34c090	0x2635db0	Freezes the scoped leader's age. The 'no' case will disable the freeze granted by this effect.	0x3aef60
0x23ac600	542	0x1022b0	0x33746e8	17312	refresh_leader_pool	0x260bce8	0x34c090	0x2635e50	Refreshes the scoped country's leader pool.	0x3aef60
0x23ac600	543	0x102320	0x33746e8	17216	set_leader_tier	0x260bbf8	0x34c090	0x2635e98	Sets the leader's tier.	0x3aef60
0x23ac600	544	0x102390	0x33746e8	10482	enable_on_market	0x260bd38	0x34c090	0x2635f90	Enables a resource on the Galactic Market	0x3aef60
0x23ac600	545	0x102400	0x33746e8	10200	set_market_leader	0x260bd28	0x34c090	0x2635710	Set scoped country as the current Galactic Market leader.	0x3aef60
0x23ac600	546	0x102470	0x33746e8	17404	add_timeline_event	0x260bd18	0x34c090	0x2635770	Adds a new timeline event for the scope country.	0x3aef60
0x23ac600	547	0x1024e0	0x33746e8	10004	random_list	0x260aee8	0x34c090	0x2635a40	Picks one random set of effects from a list, influenced by relative weight	0x3aef60
0x23ac600	548	0x102550	0x33746e8	10005	locked_random_list	0x260aed8	0x34c090	0x2635af0	Picks one random set of effects from a list, influenced by relative weight once per event scope	0x3aef60
0x23ac600	549	0x1025c0	0x33746e8	10486	create_archaeological_site	0x260ade8	0x34c090	0x2635bc0	Creates a archaeological site associated with the scope object	0x3aef60
0x23ac600	550	0x102630	0x33746e8	10487	destroy_archaeological_site	0x260add8	0x34c090	0x2635c30	Destroys a archaeological site in right hand site event target	0x3aef60
0x23ac600	551	0x1026a0	0x33746e8	10490	add_stage_clues	0x260b0e8	0x34c090	0x2635ca0	Adds clues to the current stage of an archaeological or first contact site	0x3aef60
0x23ac600	552	0x102710	0x33746e8	10491	add_expedition_log_entry	0x260b0d8	0x34c090	0x26351c0	Adds a specific expedition log entry to an archaeological site chapter	0x3aef60
0x23ac600	553	0x102780	0x33746e8	10492	reset_current_stage	0x260b0c8	0x34c090	0x2635250	Resets the current stage	0x3aef60
0x23ac600	554	0x1027f0	0x33746e8	10494	finish_current_stage	0x260afd8	0x34c090	0x26352e0	Finish the current stage	0x3aef60
0x23ac600	555	0x102860	0x33746e8	10493	set_current_stage	0x260b208	0x34c090	0x26353f0	Sets the current stage for this arc site (first chapter is index 0).	0x3aef60
0x23ac600	556	0x1028d0	0x33746e8	10495	finish_site	0x260b118	0x34c090	0x2635460	Finish the whole archaeological site	0x3aef60
0x23ac600	557	0x102940	0x33746e8	15646	expire_site_event	0x260b108	0x34c090	0x2635570	Manually flags an archaeological event as expired	0x3aef60
0x23ac600	558	0x1029b0	0x33746e8	10507	steal_relic	0x260b0f8	0x34c090	0x26355d0	Steal all/a random/a specific relic from a target country	0x3aef60
0x23ac600	559	0x102a20	0x33746e8	10633	start_astral_action_cooldown	0x260b268	0x34c090	0x2635660	Starts the cooldown of an astral action defined with uses_custom_cooldown = yes	0x3aef60
0x23ac600	560	0x102a90	0x33746e8	16871	fill_astral_rift_event_pool	0x260b258	0x34c090	0x26349f8	Fills the astral rift event pool for every playable country.	0x3aef60
0x23ac600	561	0x102b00	0x33746e8	10436	spawn_astral_rift	0x260b248	0x34c090	0x2634a40	Spawns a new astral rift in the scoped system.	0x3aef60
0x23ac600	562	0x102b70	0x33746e8	10437	destroy_astral_rift	0x260b238	0x34c090	0x2634cc8	Destroys target Astral Rift	0x3aef60
0x23ac600	563	0x102be0	0x33746e8	16869	astral_rift_event	0x260b228	0x34c090	0x2634d10	Fires an astral rift event with optional DAYS and RANDOM 	0x3aef60
0x23ac600	564	0x102c50	0x33746e8	16890	finish_astral_rift	0x260b218	0x34c090	0x2634e40	Ends the Astral Rift exploration	0x3aef60
0x23ac600	565	0x102cc0	0x33746e8	16891	set_next_astral_rift_event	0x260b3c8	0x34c090	0x2634e80	Sets next Astral Rift event through an astral rift event ID, and another astral rift event ID to be called in case of a roll failed, alongside a trigger probability.	To fire an Astral Rift event immed	0x3aef60
0x23ac600	566	0x102d30	0x33746e8	10055	set_astral_rift_flag	0x260b3b8	0x34c090	0x2635070	Sets an arbitrarily-named flag on the scoped astral rift	0x3aef60
0x23ac600	567	0x102da0	0x33746e8	10066	remove_astral_rift_flag	0x260b3a8	0x34c090	0x2635120	Removes a flag from the scoped astral rift	0x3aef60
0x23ac600	568	0x102e10	0x33746e8	10634	perform_astral_action_unlock_check	0x260b398	0x34c090	0x2634670	Unlocks Astral Actions that have become unlockable since the last time this effect was called.	0x3aef60
0x23ac600	569	0x102e80	0x33746e8	10628	renew_bypass_lock	0x260b388	0x34c090	0x2634700	Renew a Bypass Lock's duration as if it was just built.	0x3aef60
0x23ac600	570	0x102ef0	0x33746e8	10629	lock_bypass	0x260b378	0x34c090	0x2634750	Lock a Bypass for exclusive access for a given country.	0x3aef60
0x23ac600	571	0x102f60	0x33746e8	10691	link_to	0x260b368	0x34c090	0x26347c0	Link the scoped megastructure bypass to the given target megastructure bypass.	0x3aef60
0x23ac600	572	0x102fd0	0x33746e8	10639	create_cosmic_storm	0x260b358	0x34c090	0x2634830	Creates a cosmic storm	0x3aef60
0x23ac600	573	0x103040	0x33746e8	10640	destroy_cosmic_storm	0x260b428	0x34c090	0x26348e8	Destroy the scoped storm.	0x3aef60
0x23ac600	574	0x1030b0	0x33746e8	10668	set_storm_flag	0x260b418	0x34c090	0x2634910	Sets an arbitrarily-named flag on the scoped cosmic storm.	0x3aef60
0x23ac600	575	0x103120	0x33746e8	10649	create_cosmic_storm_influence_field	0x260b408	0x34c090	0x26349b0	Creates a storm influence field in a certain radius	0x3aef60
0x23ac600	576	0x103190	0x33746e8	10650	destroy_cosmic_storm_influence_field	0x260b3f8	0x34c090	0x2634490	Destroys a storm influence field with center	0x3aef60
0x23ac600	577	0x103200	0x33746e8	10652	recalculate_storm_influence_field	0x260b3e8	0x34c090	0x26344d0	Recalculates the influence for each system in an influence field	0x3aef60
0x23ac600	578	0x103270	0x33746e8	10646	spawn_random_storm	0x260b3d8	0x34c090	0x2634518	Spawn a random storm type with a random start and end position	0x3aef60
0x23ac600	579	0x1032e0	0x33746e8	10654	start_storm_area_placing	0x260b4a8	0x34c090	0x2634558	Starts the storm placing mode with radius 	0x3aef60
0x23ac600	580	0x103350	0x33746e8	10661	set_cosmic_storm	0x260b498	0x34c090	0x2634598	Sets a storm on a system	0x3aef60
0x23ac600	581	0x1033c0	0x33746e8	10662	unset_cosmic_storm	0x260b488	0x34c090	0x26345d0	Unsets a storm on a system	0x3aef60
0x23ac600	582	0x103430	0x33746e8	10659	set_emergency_fund_active	0x260b478	0x34c090	0x26345f0	Sets whether the emergency fund should be active or not.	0x3aef60
0x23ac600	583	0x1034a0	0x33746e8	10663	set_emergency_fund_contribution_rate	0x260b468	0x34c090	0x2634630	Sets rate for contributions to the emergency fund.	0x3aef60
0x23ac600	584	0x103510	0x33746e8	10677	select_decision	0x260b458	0x34c090	0x2634058	Selects a decision on a colony carrier	0x3aef60
0x23ac600	585	0x103580	0x33746e8	10660	storm_apply_aftermath_modifier	0x260b448	0x34c090	0x2634080	Applies Cosmic Storm Aftermath Modifiers. You can specify up to a max of 10 Severities and each one will be chosen based on it's chance.	0x3aef60
0x23ac600	586	0x1035f0	0x33746e8	10681	lock_storm_in_place	0x260b438	0x34c090	0x26341b0	If yes, locks a Cosmic Storm in place. If no, it advances again at its normal speed.	0x3aef60
0x23ac600	587	0x103660	0x33746e8	10644	set_auto_upgrade_components	0x260b528	0x34c090	0x2634210	Sets wether or not the design automatically upgrades its components.	0x3aef60
0x23ac600	588	0x1036d0	0x33746e8	10717	add_focus_progress	0x260b518	0x34c090	0x2634280	Adds the defined amount of focus progress in the defined focus category	0x3aef60
0x23ac600	589	0x103740	0x33746e8	10501	add_to_galactic_community	0x260b508	0x34c090	0x2634320	Tries to add the scoped country to the Galactic Community	0x3aef60
0x23ac600	590	0x1037b0	0x33746e8	10502	add_to_galactic_community_no_message	0x260b4f8	0x34c090	0x2634380	Tries to add the scoped country to the Galactic Community without producing member joining notifications.	0x3aef60
0x23ac600	591	0x103820	0x33746e8	10503	remove_from_galactic_community	0x260b4e8	0x34c090	0x2634420	Tries to remove the scoped country from the Galactic Community	0x3aef60
0x23ac600	592	0x103890	0x33746e8	10504	add_to_galactic_council	0x260b4d8	0x34c090	0x2633d10	Tries to add the scoped country to the Galactic Council	0x3aef60
0x23ac600	593	0x103900	0x33746e8	10505	remove_from_galactic_council	0x260b4c8	0x34c090	0x2633d70	Tries to remove the scoped country from the Galactic Council	0x3aef60
0x23ac600	594	0x103970	0x33746e8	10527	set_council_size	0x260b4b8	0x34c090	0x2633de0	Sets the number of seats on the Galactic Council	0x3aef60
0x23ac600	595	0x1039e0	0x33746e8	10528	increase_council_size	0x260a338	0x34c090	0x2633e30	Increases the number of seats on the Galactic Council by 1	0x3aef60
0x23ac600	596	0x103a50	0x33746e8	10529	decrease_council_size	0x260a328	0x34c090	0x2633e90	Decreases the number of seats on the Galactic Council by 1	0x3aef60
0x23ac600	597	0x103ac0	0x33746e8	10530	set_council_veto	0x260a318	0x34c090	0x2633ef0	Sets whether council members can veto resolutions or not	0x3aef60
0x23ac600	598	0x103b30	0x33746e8	10531	set_council_emergency_measures	0x260a308	0x34c090	0x2633f50	Sets whether council members can propose emergency measures or not	0x3aef60
0x23ac600	599	0x103ba0	0x33746e8	15749	pass_resolution	0x260a608	0x34c090	0x2633fc0	Immediately passes the first found (oldest) proposed/voting for/failed resolution OR a new resolution of this type.	0x3aef60
0x23ac600	600	0x103c10	0x33746e8	15750	pass_resolution_no_cooldown	0x260a518	0x34c090	0x2638730	Immediately passes the first found (oldest) proposed/voting for/failed resolution OR a new resolution of this type. Skips the cooldown on the relevant category.	0x3aef60
0x23ac600	601	0x103c80	0x33746e8	17581	propose_resolution	0x260a428	0x34c090	0x2638810	Proposes the resolution of the given type	0x3aef60
0x23ac600	602	0x103cf0	0x33746e8	16139	cancel_resolution	0x260a678	0x34c090	0x26388a0	Immediately cancels/removes the latest active/passed/proposed/voting for/failed resolution of this type	0x3aef60
0x23ac600	603	0x103d60	0x33746e8	10532	add_permanent_councillor	0x260a668	0x34c090	0x2638930	Gives provided country a permanent position on the Galactic Council	0x3aef60
0x23ac600	604	0x103dd0	0x33746e8	10533	remove_permanent_councillor	0x260a658	0x34c090	0x26389a0	Remove the provided country from their permanent council position	0x3aef60
0x23ac600	605	0x103e40	0x33746e8	15912	set_galactic_custodian	0x260a648	0x34c090	0x2638a10	Sets whether or not the scoped country is the Galactic Custodian	0x3aef60
0x23ac600	606	0x103eb0	0x33746e8	15915	set_galactic_emperor	0x260a638	0x34c090	0x2638a80	Sets whether or not the scoped country is the Galactic Emperor	0x3aef60
0x23ac600	607	0x103f20	0x33746e8	15921	add_imperial_authority	0x260a628	0x34c090	0x2638ae0	Add imperial_authority	0x3aef60
0x23ac600	608	0x103f90	0x33746e8	16717	set_emperor_can_change_council_members	0x260a618	0x34c090	0x2638340	Sets whether the Galactic Emperor can change Imperial Council members or not	0x3aef60
0x23ac600	609	0x104000	0x33746e8	15999	set_galactic_defense_force	0x260a7b8	0x34c090	0x26383c0	Sets whether the Galactic Defense force or Imperial Armada exists	0x3aef60
0x23ac600	610	0x104070	0x33746e8	16120	transfer_galactic_defense_force_fleets	0x260a7a8	0x34c090	0x2638430	Moves all owned GDF fleets to the target.	0x3aef60
0x23ac600	611	0x1040e0	0x33746e8	10588	add_custodian_term_days	0x260a798	0x34c090	0x2638490	Increase the current Custodian term time	0x3aef60
0x23ac600	612	0x104150	0x33746e8	10589	set_custodian_term_days	0x260a788	0x34c090	0x26384e0	Set the current Custodian term time. -1 will make the Custodianship permanent.	0x3aef60
0x23ac600	613	0x1041c0	0x33746e8	10597	pass_targeted_resolution	0x260a698	0x34c090	0x2638560	Immediately passes the first found (oldest) proposed/voting for/failed resolution OR a new resolution of this type that has the specified target. Ignores whether the target is valid or not.	0x3aef60
0x23ac600	614	0x104230	0x33746e8	10666	finish_council_agenda	0x260a688	0x34c090	0x2638670	Tries to finish the current council agenda for the scoped country	0x3aef60
0x23ac600	615	0x1042a0	0x33746e8	12085	add_edict	0x260a7f8	0x34c090	0x26386e0	Adds given edict to scoped country's government	0x3aef60
0x23ac600	616	0x104310	0x33746e8	10550	add_intel	0x260a7e8	0x34c090	0x2637d20	Adds the defined amount of intel toward the target empire	0x3aef60
0x23ac600	617	0x104380	0x33746e8	15992	add_intel_report	0x260a7d8	0x34c090	0x2637da0	Adds the intel level for the category selected. Default duration (0) is forever.	0x3aef60
0x23ac600	618	0x1043f0	0x33746e8	16030	clear_intel_report	0x260a7c8	0x34c090	0x2637e50	Removes all the intel reports related to the provided category.	0x3aef60
0x23ac600	619	0x104460	0x33746e8	10553	set_first_contact_stage	0x260a908	0x34c090	0x2637ed0	Sets the given stage for the scoped first contact	0x3aef60
0x23ac600	620	0x1044d0	0x33746e8	15905	first_contact_event	0x260a8f8	0x34c090	0x2637f30	Fires a first contact event for the scoped first contact site, with optional DAYS and RANDOM delay	0x3aef60
0x23ac600	621	0x104540	0x33746e8	15907	finish_first_contact	0x260a8e8	0x34c090	0x2638088	Ends the First Contact	0x3aef60
0x23ac600	622	0x1045b0	0x33746e8	10104	add_modifier	0x260abd8	0x34c090	0x26380c0	Adds a specific modifier to the scoped object for a set duration	0x3aef60
0x23ac600	623	0x104620	0x33746e8	15963	add_stage_modifier	0x260abc8	0x34c090	0x2638280	Adds a specific modifier to the target's current stage for a set duration or until stage is changed	0x3aef60
0x23ac600	624	0x104690	0x33746e8	10250	remove_modifier	0x260aad8	0x34c090	0x26377d0	Removes a specific modifier from the scope object	0x3aef60
0x23ac600	625	0x104700	0x33746e8	15964	remove_stage_modifier	0x260adc8	0x34c090	0x2637820	Removes a specific modifier from the target current stage	0x3aef60
0x23ac600	626	0x104770	0x33746e8	10598	set_update_modifiers_batch	0x260acd8	0x34c090	0x2637880	Disables modifier system to do full updates between Begin and End.	0x3aef60
0x23ac600	627	0x1047e0	0x33746e8	10756	issue_contract	0x260acc8	0x34c090	0x2637950	Adds the specified contract to a target system.	0x3aef60
0x23ac600	628	0x104850	0x33746e8	10757	cancel_contract	0x2609c58	0x34c090	0x2637aa0	Cancels the scoped to contract.	0x3aef60
0x23ac600	629	0x1048c0	0x33746e8	10760	set_animation_state	0x2609b68	0x34c090	0x2637bd0	Sets the animation state of the scoped object	0x3aef60
0x23ac600	630	0x104930	0x33746e8	10761	lock_animation_state	0x2609a78	0x34c090	0x2637c20	Locks the animation state of the scoped object. This will let it change states until it hits the given state, at which point it won't change states anymore. "none" clears this behavior.	0x3aef60
0x23ac600	631	0x1049a0	0x33746e8	10485	set_planetary_ascension_tier	0x2609a68	0x34c090	0x2637420	Sets the colony's ascension tier to the specified value	0x3aef60
0x23ac600	632	0x104a10	0x33746e8	10022	add_holding	0x2609d68	0x34c090	0x2637480	Adds a specific holding on the scoped colony	0x3aef60
0x23ac600	633	0x104a80	0x33746e8	10020	remove_holding	0x2609d58	0x34c090	0x26374e0	Removes a specific holding from the scoped planet	0x3aef60
0x23ac600	634	0x104af0	0x33746e8	14302	set_planet_purge_type	0x2609c68	0x34c090	0x2637550	Sets the purge type for the entire planet	0x3aef60
0x23ac600	635	0x104b60	0x33746e8	14303	clear_planet_purge_type	0x2609de8	0x34c090	0x26375a0	Clears the purge type for the entire planet	0x3aef60
0x23ac600	636	0x104bd0	0x33746e8	10738	add_terraformation_total_time_mult	0x2609dd8	0x34c090	0x26375f0	Adds a percentage to the total time of the current terraforminog process on the planet	0x3aef60
0x23ac600	637	0x104c40	0x33746e8	10085	start_terraform_process	0x2609dc8	0x34c090	0x2637670	Starts terraforming process of scoped planet	0x3aef60
0x23ac600	638	0x104cb0	0x33746e8	10747	start_terraform_progress	0x2609db8	0x34c090	0x2637720	Starts terraforming progress of scoped planet	0x3aef60
0x23ac600	639	0x104d20	0x33746e8	10748	add_terraform_progress	0x2609da8	0x34c090	0x2636ec0	Adds terraforming progress to scoped planet, finishes the terraformation, if enough progress is reached	0x3aef60
0x23ac600	640	0x104d90	0x33746e8	10749	set_terraform_progress	0x2609d98	0x34c090	0x2636f30	Sets terraforming progress of scoped planet, finishes the terraformation, if enough progress is reached	0x3aef60
0x23ac600	641	0x104e00	0x33746e8	12384	cancel_terraformation	0x2609d88	0x34c090	0x2636fc0	Cancels terraformation of the scoped planet	0x3aef60
0x23ac600	642	0x104e70	0x33746e8	10956	stop_terraform_process	0x2609d78	0x34c090	0x2637008	Stops terraforming process of scoped planet	0x3aef60
0x23ac600	643	0x104ee0	0x33746e8	10739	finish_terraformation	0x2609e48	0x34c090	0x2637040	Finishes the current terraforming process on the planet	0x3aef60
0x23ac600	644	0x104f50	0x33746e8	10764	steal_planet_output	0x2609e38	0x34c090	0x26370a0	Steals resource output from a planet and gives it to a target empire or stockpile.	0x3aef60
0x23ac600	645	0x104fc0	0x33746e8	10089	kill_pop_group	0x2609e28	0x34c090	0x26372d0	Instantly destroys part of a pop group	0x3aef60
0x23ac600	646	0x105030	0x33746e8	10376	pop_force_add_ethic	0x2609e18	0x34c090	0x2636710	Adds a specific ethic to the scoped pop regardless if pop-species allows ethic divergence or not. 	0x3aef60
0x23ac600	647	0x1050a0	0x33746e8	10408	pop_change_ethic	0x2609e08	0x34c090	0x2636840	Changes scoped pop to chosen ethic. 	0x3aef60
0x23ac600	648	0x105110	0x33746e8	12101	pop_remove_ethic	0x2609df8	0x34c090	0x2636930	Removes a specific ethic from the scoped pop	0x3aef60
0x23ac600	649	0x105180	0x33746e8	12103	set_faction_extorted	0x2609eb8	0x34c090	0x2636a30	Sets the scope faction as extorted and removes extortion from any other ones	0x3aef60
0x23ac600	650	0x1051f0	0x33746e8	10718	add_pop_amount	0x2609ea8	0x34c090	0x2636aa0	Adds the amount of pops to the scope pop group.	0x3aef60
0x23ac600	651	0x105260	0x33746e8	10719	remove_pop_amount	0x2609e98	0x34c090	0x2636bc0	Removes the amount of pops from the scope pop group.	0x3aef60
0x23ac600	652	0x1052d0	0x33746e8	10720	scale_pop_amount	0x2609e88	0x34c090	0x2636ce0	Scales the amount of pops in the scope pop group	0x3aef60
0x23ac600	653	0x105340	0x33746e8	10721	transfer_pop_amount	0x2609e78	0x34c090	0x2636d30	Transfer the amount OR percentage of pops from the source pop group to the target pop group	0x3aef60
0x23ac600	654	0x1053b0	0x33746e8	10080	create_pop_group	0x2609e68	0x34c090	0x2635fe0	Creates a new pop group based on an existing one with overrides. If no existing pop group is passed, species is mandatory.	0x3aef60
0x23ac600	655	0x105420	0x33746e8	12102	displace_pop_amount	0x2609e58	0x34c090	0x2636310	Raises on_pop_displaced on_action	0x3aef60
0x23ac600	656	0x105490	0x33746e8	10741	kill_assigned_pop_amount	0x2609fd8	0x34c090	0x26363f0	Instantly destroys part of the assigned pops to this job	0x3aef60
0x23ac600	657	0x105500	0x33746e8	10632	refresh_portraits	0x2609ee8	0x34c090	0x2636500	Signals to portrait objects that they need to refresh some of their properties	0x3aef60
0x23ac600	658	0x105570	0x33746e8	10727	spawn_psionic_aura	0x2609ed8	0x34c090	0x2636580	Spawns a Psionic Aura in scoped system, where country is the aura's owner.	0x3aef60
0x23ac600	659	0x1055e0	0x33746e8	10728	destroy_psionic_aura	0x2609ec8	0x34c090	0x2636600	Destroy Psionic Aura in scoped system.	0x3aef60
0x23ac600	660	0x105650	0x33746e8	10729	set_aura_intensity	0x260a118	0x34c090	0x2636650	Sets given intensity to Psionic Aura in scoped system	0x3aef60
0x23ac600	661	0x1056c0	0x33746e8	10730	add_aura_intensity	0x260a108	0x34c090	0x26366b0	Adds value to Psionic Aura intensity in scoped system	0x3aef60
0x23ac600	662	0x105730	0x33746e8	10731	refresh_psionic_aura_type	0x260a0f8	0x34c090	0x263a360	Forces an Empire's Psionic Aura to immediately update its type	0x3aef60
0x23ac600	663	0x1057a0	0x33746e8	10688	add_attunement	0x2609fe8	0x34c090	0x263a3c0	Adds attunement towards specified patron(s).	0x3aef60
0x23ac600	664	0x105810	0x33746e8	10707	add_patron_objective_counter	0x260a218	0x34c090	0x263a4f0	Increments (or decrements with negative values) a patron objective counter for the scoped country by a specific amount. Can multiply the attunement given by the patron objective (if it's a deed).	0x3aef60
0x23ac600	665	0x105880	0x33746e8	10702	complete_deed	0x260a128	0x34c090	0x263a650	Gives the player the reward for the specified deed, if the player has it in its patron deeds selection.	0x3aef60
0x23ac600	666	0x1058f0	0x33746e8	10703	accept_covenant	0x2609258	0x34c090	0x263a6d0	Accepts covenant proposition with Shroud Patron.	0x3aef60
0x23ac600	667	0x105960	0x33746e8	10704	refuse_covenant	0x2609248	0x34c090	0x263a730	Refuses covenant proposition with Shroud Patron.	0x3aef60
0x23ac600	668	0x1059d0	0x33746e8	10708	create_patron_relation	0x2609158	0x34c090	0x263a790	Creates a relation with Shroud patron	0x3aef60
0x23ac600	669	0x105a40	0x33746e8	10709	enable_patron_first_contact_project	0x2609148	0x34c090	0x263a7e0	Enables a specific special research project for the target country at a specific location (should be the same as the current scope where possible). This special project will be the one used for the Pa	0x3aef60
0x23ac600	670	0x105ab0	0x33746e8	10498	refresh_species_rights	0x2609538	0x34c090	0x2639ef0	Manually refresh species rights.	0x3aef60
0x23ac600	671	0x105b20	0x33746e8	10687	remove_patron	0x2609448	0x34c090	0x2639f30	Remove a patron from the shroud plane.	0x3aef60
0x23ac600	672	0x105b90	0x33746e8	10686	replace_patron	0x2609438	0x34c090	0x2639f80	Replace a patron with another one, creating the patron relation if it does not yet exist, and setting the new patron to the replaced patron's position in the shroud plane.	0x3aef60
0x23ac600	673	0x105c00	0x33746e8	10689	set_attunement	0x2609428	0x34c090	0x263a080	Sets attunement of the specified patron to a specific amount.	0x3aef60
0x23ac600	674	0x105c70	0x33746e8	10734	revert_accords	0x2609678	0x34c090	0x263a100	Launches the on_revert effects for all accords of a Shroud Patron.	0x3aef60
0x23ac600	675	0x105ce0	0x33746e8	10736	sacrifice_pop_group	0x2609668	0x34c090	0x263a170	Instantly destroys part of a pop group (prefer to use instead of kill_pop_group when the country intentionally kills it)	0x3aef60
0x23ac600	676	0x105d50	0x33746e8	10737	sacrifice_assigned_pop_amount	0x2609658	0x34c090	0x263a260	Instantly sacrifices part of the assigned pops to this job	0x3aef60
0x23ac600	677	0x105dc0	0x33746e8	10735	refresh_accords	0x2609648	0x34c090	0x263a320	Manually refresh Patrons accords	0x3aef60
0x23ac600	678	0x105e30	0x33746e8	10740	open_shroud_tab	0x2609638	0x34c090	0x2639bf8	Opens the Shroud tab	0x3aef60
0x23ac600	679	0x105ea0	0x33746e8	10746	roll_ai_preferred_patron	0x2609628	0x34c090	0x2639c30	Rolls the major Shroud Patron scoped AI will devote themselves to, by selecting the patron with the highest attunement value.	0x3aef60
0x23ac600	680	0x105f10	0x33746e8	10745	set_ai_preferred_patron	0x26096f8	0x34c090	0x2639cd0	Set the Shroud Patron scoped AI will devote themselves to.	0x3aef60
0x23ac600	681	0x105f80	0x33746e8	10751	set_patron_first_contact_state	0x26096e8	0x34c090	0x2639d40	Sets the contact state with a Shroud Patron (will create the relation if needed).	0x3aef60
0x23ac600	682	0x105ff0	0x33746e8	10573	start_situation	0x26096d8	0x34c090	0x26398c0	Begins a situations.	0x3aef60
0x23ac600	683	0x106060	0x33746e8	16054	situation_event	0x26096c8	0x34c090	0x2639920	Fires a situation event for the scoped situation	0x3aef60
0x23ac600	684	0x1060d0	0x33746e8	10590	destroy_situation	0x26096b8	0x34c090	0x2639a40	Destroys a situation in right hand side event target, use once situation is complete (on_fail/on_complete/on_abort is not called)	0x3aef60
0x23ac600	685	0x106140	0x33746e8	10591	abort_situation	0x26096a8	0x34c090	0x2639af0	Destroys a situation in right hand side event target, firing on_abort (use to cancel and fire that effect)	0x3aef60
0x23ac600	686	0x1061b0	0x33746e8	10592	add_situation_progress	0x2609698	0x34c090	0x2639bb8	Adds progress to scoped situation	0x3aef60
0x23ac600	687	0x106220	0x33746e8	10593	set_situation_progress	0x2609688	0x34c090	0x2639660	Sets the progress of scoped situation	0x3aef60
0x23ac600	688	0x106290	0x33746e8	10594	set_situation_approach	0x2609838	0x34c090	0x2639810	Sets the approach to the Situation. Respects allow and potential triggers.	0x3aef60
0x23ac600	689	0x106300	0x33746e8	10595	set_situation_locked	0x2609828	0x34c090	0x2639430	Locks the Situation so it will not progress until unlocked.	0x3aef60
0x23ac600	690	0x106370	0x33746e8	10596	change_situation_target	0x2609818	0x34c090	0x2639540	Changes the target of a Situation.	0x3aef60
0x23ac600	691	0x1063e0	0x33746e8	10157	set_spawn_system_batch	0x2609808	0x34c090	0x2639590	Optimizes the calls for spawn_system effect. Spawn system should be located in a block between Begin and End.	0x3aef60
0x23ac600	692	0x106450	0x33746e8	10158	spawn_system	0x26097f8	0x34c090	0x2638f70	Spawns a new system at a position relative to the scoped object.	0x3aef60
0x23ac600	693	0x1064c0	0x33746e8	15112	move_system	0x26097e8	0x34c090	0x2639080	Moves scoped system to a position relative to the given system/planet/ship.	0x3aef60
0x23ac600	694	0x106530	0x33746e8	10160	create_nebula	0x26098a8	0x34c090	0x2639190	Creates a new Nebula with a given radius centered around the current system.	0x3aef60
0x23ac600	695	0x1065a0	0x33746e8	10399	set_citizenship_type	0x2609898	0x34c090	0x2639280	Set citizenship type for scoped species/pop group/leader	0x3aef60
0x23ac600	696	0x106610	0x33746e8	10406	set_living_standard	0x2609888	0x34c090	0x2639310	Set living standard for scoped species/pop group/leader	0x3aef60
0x23ac600	697	0x106680	0x33746e8	10402	set_slavery_type	0x2609878	0x34c090	0x26393a0	Set slavery type for scoped species/pop group/leader	0x3aef60
0x23ac600	698	0x1066f0	0x33746e8	10401	set_purge_type	0x2609868	0x34c090	0x2638b20	Set purge type for scoped species/pop group/leader	0x3aef60
0x23ac600	699	0x106760	0x33746e8	10400	set_military_service_type	0x2609858	0x34c090	0x2638ba0	Set military service type for scoped species/pop group/leader	0x3aef60
0x23ac600	700	0x1067d0	0x33746e8	10403	set_population_controls	0x2609848	0x34c090	0x2638c40	Set population control for scoped species/pop group/leader	0x3aef60
0x23ac600	701	0x106840	0x33746e8	10404	set_migration_controls	0x2609938	0x34c090	0x2638cd0	Set migration control for scoped species/pop group/leader	0x3aef60
0x23ac600	702	0x1068b0	0x33746e8	10405	set_colonization_controls	0x2609928	0x34c090	0x2638d60	Set colonization control for scoped species/pop group/leader	0x3aef60
0x23ac600	703	0x106920	0x33746e8	10722	set_habitability_trait	0x2609918	0x34c090	0x2638df0	Set planet preference trait for scoped species (removing the current one, if any).	0x3aef60
0x23ac600	704	0x106990	0x33746e8	10657	give_specimen	0x2609908	0x34c090	0x2638e70	Gives a given specimen to the target country.	0x3aef60
0x23ac600	705	0x106a00	0x33746e8	10658	remove_specimen	0x26098f8	0x34c090	0x2638ee0	Removes specified specimen from the target country. This will destroy the specimen	0x3aef60
0x23ac600	706	0x106a70	0x33746e8	10692	steal_specimens	0x26098e8	0x34c090	0x263be40	Steals random specimens from given country.	0x3aef60
0x23ac600	707	0x106ae0	0x33746e8	17150	unlock_exhibit	0x26098d8	0x34c090	0x263bee0	Unlocks an exhibit for given category from the target country.	0x3aef60
0x23ac600	708	0x106b50	0x33746e8	10439	create_starbase	0x2609a58	0x34c090	0x263baa0	Creates a starbase in orbit of the star of the scoped galactic object	0x3aef60
0x23ac600	709	0x106bc0	0x33746e8	10440	set_starbase_size	0x2609968	0x34c090	0x263bbd0	Sets the ship size of a starbase	0x3aef60
0x23ac600	710	0x106c30	0x33746e8	10441	set_starbase_module	0x2609958	0x34c090	0x263b840	Sets a module in a slot on a starbase	0x3aef60
0x23ac600	711	0x106ca0	0x33746e8	10442	set_starbase_building	0x2609948	0x34c090	0x263b940	Sets a building in a slot on a starbase	0x3aef60
0x23ac600	712	0x106d10	0x33746e8	10443	remove_starbase_module	0x2608a58	0x34c090	0x263b9d0	Removes a module from a certain slot or all slots on a starbase	0x3aef60
0x23ac600	713	0x106d80	0x33746e8	10444	remove_starbase_building	0x2608a48	0x34c090	0x263b4f0	Remove a building from a certain slot or all slots on a starbase	0x3aef60
0x23ac600	714	0x106df0	0x33746e8	10578	remove_random_starbase_module	0x2608a38	0x34c090	0x263b5b0	Remove a number of random module(s) matching/not matching a type from the starbase	0x3aef60
0x23ac600	715	0x106e60	0x33746e8	10577	remove_random_starbase_building	0x2608a28	0x34c090	0x263b690	Remove a number of random building(s) matching/not matching a type from the starbase	0x3aef60
0x23ac600	716	0x106ed0	0x33746e8	10488	add_starbase_component	0x2608a18	0x34c090	0x263b7b0	Adds a ship component to a starbase, standalone from any module or building	0x3aef60
0x23ac600	717	0x106f40	0x33746e8	10489	remove_starbase_component	0x2608a08	0x34c090	0x263af50	Removes the specified ship component to a starbase. Only works for components that are standalone from any module or building.	0x3aef60
0x23ac600	718	0x106fb0	0x33746e8	10682	set_ship_construction_type	0x2608b48	0x34c090	0x263b010	Set scoped starbase's current construction type	0x3aef60
0x23ac600	719	0x107020	0x33746e8	10280	add_research_option	0x2608c98	0x34c090	0x263b080	Adds a tech research option to the scoped country's tech view list, permanent until researched	0x3aef60
0x23ac600	720	0x107090	0x33746e8	10472	add_random_research_option	0x2608c88	0x34c090	0x263b100	Adds a random tech research option to the scoped country's tech view list, permanent until researched. if none applicable it runs fail_effects	0x3aef60
0x23ac600	721	0x107100	0x33746e8	10473	copy_random_tech_from	0x2608c78	0x34c090	0x263b2b0	Adds a random tech from the target country within the given category and tech area constraints. The country must be able to research said tech (weight > 0, fulfils potential trigger)	0x3aef60
0x23ac600	722	0x107170	0x33746e8	10630	date_distortion	0x2608c68	0x34c090	0x263b440	Enables or disables the date distortion effect	0x3aef60
0x23ac600	723	0x1071e0	0x33746e8	10732	finish_all_researches	0x2608c58	0x34c090	0x263b490	Instantly finish current researches for scoped country.	0x3aef60
0x23ac600	724	0x107250	0x33746e8	10733	progress_all_researches	0x2608c48	0x34c090	0x263ac40	Make current researches for scoped country advance by given amount.	0x3aef60
0x23ac600	725	0x1072c0	0x33746e8	16646	complete_tutorial_step	0x2608c38	0x34c090	0x263acc0	Create and sends an telemetry event keeping track of the tutorial steps for the current game	0x3aef60
0x23ac600	726	0x107330	0x33746e8	10115	set_variable	0x2608d18	0x34c090	0x263add0	Sets or creates an arbitrarily-named variable with a specific value in the current scope	0x3aef60
0x23ac600	727	0x1073a0	0x33746e8	10129	change_variable	0x2608d08	0x34c090	0x263a9c0	Increments a previously-set variable by a specific amount	0x3aef60
0x23ac600	728	0x107410	0x33746e8	11688	add_variable	0x2608cf8	0x34c090	0x263aa70	Increments a previously-set variable by a specific amount	0x3aef60
0x23ac600	729	0x107480	0x33746e8	10312	subtract_variable	0x2608ce8	0x34c090	0x263ab30	Decrements a previously-set variable by a specific amount	0x3aef60
0x23ac600	730	0x1074f0	0x33746e8	10313	multiply_variable	0x2608cd8	0x34c090	0x263d850	Multiplies a previously-set variable by a specific amount	0x3aef60
0x23ac600	731	0x107560	0x33746e8	10314	divide_variable	0x2608cc8	0x34c090	0x263d990	Divides a previously-set variable by a specific amount	0x3aef60
0x23ac600	732	0x1075d0	0x33746e8	10315	modulo_variable	0x2608cb8	0x34c090	0x263d510	Modulos a previously-set variable by a specific amount i.e. X % Y	0x3aef60
0x23ac600	733	0x107640	0x33746e8	10316	round_variable_to_closest	0x2608ca8	0x34c090	0x263d670	Rounds a previously-set variable to the closest X	0x3aef60
0x23ac600	734	0x1076b0	0x33746e8	10117	round_variable	0x2608d98	0x34c090	0x263d790	Rounds a previously-set variable to the closest integer.	0x3aef60
0x23ac600	735	0x107720	0x33746e8	10118	floor_variable	0x2608d88	0x34c090	0x263d7f0	Rounds a previously-set variable down to the previous integer.	0x3aef60
0x23ac600	736	0x107790	0x33746e8	10119	ceiling_variable	0x2608d78	0x34c090	0x263d130	Rounds a previously-set variable up to the next integer.	0x3aef60
0x23ac600	737	0x107800	0x33746e8	10116	clear_variable	0x2608d68	0x34c090	0x263d1a0	Clears a previously-set variable from the game.	0x3aef60
0x23ac600	738	0x107870	0x33746e8	10120	export_modifier_to_variable	0x2608d58	0x34c090	0x263d230	Exports the value of a specified modifier in the current scope to a specified variable.	0x3aef60
0x23ac600	739	0x1078e0	0x33746e8	10121	export_modifier_duration_to_variable	0x2608d48	0x34c090	0x263d2e0	Exports the remaining duration of a specified modifier in the current scope to a specified variable.	0x3aef60
0x23ac600	740	0x107950	0x33746e8	10124	export_resource_income_to_variable	0x2608d38	0x34c090	0x263d3a0	Exports the value of the current country's monthly income of the specified resource to a variable.	0x3aef60
0x23ac600	741	0x1079c0	0x33746e8	10123	export_resource_stockpile_to_variable	0x2608d28	0x34c090	0x263d460	Exports the value of the current country's stockpile of the specified resource to a variable.	0x3aef60
0x23ac600	742	0x107a30	0x33746e8	10125	export_resource_maximum_to_variable	0x2608fb8	0x34c090	0x263ccd0	Exports the value of the current country's maximum of the specified resource to a variable.	0x3aef60
0x23ac600	743	0x107aa0	0x33746e8	10122	export_trigger_value_to_variable	0x2608fa8	0x34c090	0x263cf10	Exports the value of a trigger to a specified variable (so for num_pops, it'll export the number of pops).	0x3aef60
0x23ac600	744	0x107b10	0x33746e8	10446	get_galaxy_setup_value	0x2608db8	0x34c090	0x263c4e0	Copies a value from the galaxy setup into a variable, optionally scaling it by an int value	0x3aef60
0x23ac600	745	0x107b80	0x33746e8	10126	set_variable_to_random_value	0x2608da8	0x34c090	0x263c6e0	Sets a variable to a random value within the specified bounds.	0x3aef60
0x23ac600	746	0x107bf0	0x33746e8	10327	copy_flags_and_variables_from	0x26090e8	0x34c090	0x263c780	Copies all script flags and variables from the specified scope to the current one.	0x3aef60
0x23ac600	747	0x107c60	0x33746e8	10672	give_culling_rewards	0x26090d8	0x34c090	0x263c810	Gives associated culling rewards from a space fauna design to the target country.	0x3aef60
0x23ac600	748	0x107cd0	0x33746e8	10673	give_dna	0x26090c8	0x34c090	0x263c8c0	Gives given space fauna DNA with given rarity to the target country.	0x3aef60
0x23ac600	749	0x107d40	0x33746e8	10674	add_to_vivarium	0x26090b8	0x34c090	0x263c950	Gives Space Fauna in the Vivarium using given ship design with given rarity to the target country.	0x3aef60
0x23ac600	750	0x107db0	0x33746e8	10693	release_vivarium_fauna	0x26090a8	0x34c090	0x263ca20	Releases into the wild space fauna contained in the scoped country's Vivarium, from all or given ship category.	Resulting fleet owner can be specified.	Space Fauna can be culled for resources instead 	0x3aef60
0x23ac600	751	0x107e20	0x33746e8	10694	release_vivarium_fauna_count	0x2609118	0x34c090	0x263cba0	Releases into the wild a specific amount of space fauna contained in the scoped country's Vivarium.Rarest fauna is released in priority.	Resulting fleet owners can be specified.	release_vivarium_fauna	0x3aef60
0x23ac600	752	0x107e90	0x33746e8	15162	add_static_war_exhaustion	0x2609108	0x34c090	0x263c320	Adds static war exhaustion, scaled with value_for_planet_destruction, to owner of the battle location 	0x3aef60
0x23ac600	753	0x107f00	0x33746e8	10575	join_war_on_side	0x26090f8	0x34c090	0x263c450	Joins the war on the specified side.	0x3aef60
0x23af260	81	0x115ea0	0x33746e8	17582	weighted_random_owned_pop_group	0x2667e60	0x34c090	0x3264ea8		0x218556c
0x23af628	12	0x116d60	0x32611c8	16433	or	0x269f4d8	0x34c090	0x26a32f0	At least one entry inside the trigger must be true	0x348150
0x23af628	13	0x116dc0	0x32611c8	1062	not	0x269f498	0x34c090	0x26a32d8	An inverted trigger	0x348150
0x23af628	14	0x116e20	0x32611c8	18358	nor	0x269f4a8	0x34c090	0x26a3370	An inverted OR trigger	0x348150
0x23af628	15	0x116e80	0x32611c8	18359	nand	0x269f4b8	0x34c090	0x26a3358	An inverted AND trigger	0x348150
0x23af628	17	0x116f20	0x32611c8	17968	always	0x269f4c8	0x34c090	0x26a3fe8	Sets trigger to be either always true or false	0x348150
0x23af628	18	0x116f80	0x32611c8	17965	has_owner	0x269f528	0x34c090	0x26a3f40	Checks if the colony carrier is colonized (in colony or carrier scope) or the system has an owner (in system scope)	0x348150
0x23af628	19	0x116fe0	0x32611c8	13581	original_owner	0x269f538	0x34c090	0x26a4070	Checks if the planet is still owned by its first colonizer	0x348150
0x23af628	20	0x117040	0x32611c8	18333	is_original_owner	0x269f548	0x34c090	0x26a3e20	Checks if the target country is the planet's original owner	0x348150
0x23af628	21	0x1170a0	0x32611c8	17967	is_ai	0x269f558	0x34c090	0x26a3ee8	Checks if the country is played by the AI	0x348150
0x23af628	22	0x117100	0x32611c8	18303	has_ai_personality	0x269f4e8	0x34c090	0x26a3cf0	Checks if an AI empire has a certain personality type	0x348150
0x23af628	23	0x117160	0x32611c8	18305	has_ai_personality_behaviour	0x269f4f8	0x34c090	0x26a3d80	Checks if a country has a certain AI personality behavior	0x348150
0x23af628	24	0x1171c0	0x32611c8	18391	has_same_ethos	0x269f508	0x34c090	0x26a3b60	Checks if a country has the same ethos (complete set of ethics) as a country or pop group	0x348150
0x23af628	25	0x117220	0x32611c8	17970	has_ethic	0x269f518	0x34c090	0x26a3ae0	Checks if a country/pop group/leader/faction has a certain ethos	0x348150
0x23af628	26	0x117280	0x32611c8	18302	is_background_planet	0x269f5a8	0x34c090	0x26a3c20	Check if a planet is the background planet of a leader 	0x348150
0x23af628	27	0x1172e0	0x32611c8	17969	has_trait	0x269f5b8	0x34c090	0x26a3980	Checks if a pop group/leader/species/country's dominant species has a certain trait	0x348150
0x23af628	28	0x117340	0x32611c8	18477	has_ruler_trait	0x269f5c8	0x34c090	0x26a3900	Checks if a leader has a certain ruler trait, even if they are not currently ruler	0x348150
0x23af628	29	0x1173a0	0x32611c8	18113	is_controlled_by	0x269f5d8	0x34c090	0x26a3a30	Checks if the scoped object is controlled by the target country	0x348150
0x23af628	30	0x117400	0x32611c8	18322	is_within_borders_of	0x269f568	0x34c090	0x26a3770	Checks if the planet/system/fleet/ship is within the borders of the target country	0x348150
0x23af628	31	0x117460	0x32611c8	17972	is_owned_by	0x269f578	0x34c090	0x26a38a0	Checks if the scoped object is owned by the target country	0x348150
0x23af628	32	0x1174c0	0x32611c8	18392	is_majority_species	0x269f588	0x34c090	0x26a3800	Checks if the specified species is the majority species on the current planet.	0x348150
0x23af628	33	0x117520	0x32611c8	18000	is_same_species	0x269f598	0x34c090	0x26a3580	checks if the scoped object is of the same species as another object	0x348150
0x23af628	34	0x117580	0x32611c8	18396	is_exact_same_species	0x269f628	0x34c090	0x26a3670	Checks if the scoped object is originally of the same species, or currently of the exact same species instance, as another object	0x348150
0x23af628	35	0x1175e0	0x32611c8	18077	is_same_species_class	0x269f638	0x34c090	0x26a4f70	Checks if the pop group/country is of the same species class as another pop group/country	0x348150
0x23af628	36	0x117640	0x32611c8	13798	is_subspecies	0x269f648	0x34c090	0x26a5050	Checks if the pop group/country/species is a subspecies of the target species	0x348150
0x23af628	37	0x1176a0	0x32611c8	18075	is_at_war_with	0x269f658	0x34c090	0x26a4ca0	Checks if the country is at war with the target country	0x348150
0x23af628	38	0x117700	0x32611c8	17961	hidden_trigger	0x269f5e8	0x34c090	0x26a4c50	Hides the tooltip for the triggers within	0x348150
0x23af628	39	0x117760	0x32611c8	10001	custom_tooltip	0x269f5f8	0x34c090	0x26a4e30	Replaces the tooltips for the enclosed triggers with a custom text	0x348150
0x23af628	40	0x1177c0	0x32611c8	18268	custom_tooltip_fail	0x269f608	0x34c090	0x26a4dc0	Shows custom text only when the associated trigger fails	0x348150
0x23af628	41	0x117820	0x32611c8	18371	custom_tooltip_success	0x269f618	0x34c090	0x26a4d40	Shows custom text only when the associated trigger passes	0x348150
0x23af628	42	0x117880	0x32611c8	143	text	0x269f6a8	0x34c090	0x26a4cf8	For 'desc={trigger={' use. Shows custom text	0x348150
0x23af628	43	0x1178e0	0x32611c8	18373	success_text	0x269f618	0x34c090	0x26a4a30	For 'desc={trigger={' use. Shows custom text when the associated trigger passes.	0x348150
0x23af628	44	0x117940	0x32611c8	18374	fail_text	0x269f608	0x34c090	0x26a49b0	For 'desc={trigger={' use. Shows custom text when the associated trigger fails.	0x348150
0x23af628	45	0x1179a0	0x32611c8	18003	is_same_empire	0x269f6b8	0x34c090	0x26a4bb0	Checks if the country is the same as another, target country	0x348150
0x23af628	46	0x117a00	0x32611c8	13213	is_same_value	0x269f668	0x34c090	0x26a4ab0	Checks if the current scope and the target scope are the same thing	0x348150
0x23af628	47	0x117a60	0x32611c8	18007	is_planet_class	0x269f678	0x34c090	0x26a4930	Checks if the planet is of a certain class	0x348150
0x23af628	48	0x117ac0	0x32611c8	18266	is_ambient_object_type	0x269f688	0x34c090	0x26a4890	Checks if the ambient object is a specific type.	0x348150
0x23af628	49	0x117b20	0x32611c8	11081	has_designation	0x269f698	0x34c090	0x26a46a0	Checks if the colony has a certain designation	0x348150
0x23af628	50	0x117b80	0x32611c8	11082	colony_type	0x269f698	0x34c090	0x26a47e0	Checks if the colony is of a certain type	0x348150
0x23af628	51	0x117be0	0x32611c8	18009	is_star_class	0x269f708	0x34c090	0x26a4580	Checks if the system/planet(star) is of a certain class	0x348150
0x23af628	52	0x117c40	0x32611c8	18008	has_strategic_resource	0x269f718	0x34c090	0x26a4600	Checks if the colony carrier or astral rift has any strategic resource	0x348150
0x23af628	53	0x117ca0	0x32611c8	18010	has_technology	0x269f728	0x34c090	0x26a43d0	Checks if the country has a technology (of at least a specific level)	0x348150
0x23af628	54	0x117d00	0x32611c8	18256	has_tech_option	0x269f738	0x34c090	0x26a4320	Checks if the country has a tech research option currently available	0x348150
0x23af628	55	0x117d60	0x32611c8	18205	has_modifier	0x269f6c8	0x34c090	0x26a4440	Checks if the scoped object has a certain modifier	0x348150
0x23af628	56	0x117dc0	0x32611c8	15965	has_stage_modifier	0x269f6d8	0x34c090	0x26a4210	Checks if the espionage operation has a certain modifier specific for the current stage	0x348150
0x23af628	57	0x117e20	0x32611c8	18054	is_ship_class	0x269f6e8	0x34c090	0x26a4290	Checks if the ship/fleet/design is a specific class	0x348150
0x23af628	58	0x117e80	0x32611c8	18056	is_ship_size	0x269f6f8	0x34c090	0x26a6870	Checks if the ship/fleet/design is a specific ship size	0x348150
0x23af628	59	0x117ee0	0x32611c8	18662	has_ship_owner_type	0x269f0d8	0x34c090	0x26a6490	Checks if the ship/fleet/design/growth stage has a specific owner type (country/federation/galactic_community/global_ship_design)	0x348150
0x23af628	60	0x117f40	0x32611c8	18101	has_global_flag	0x269f0e8	0x34c090	0x26a63e0	Checks if a Global Flag has been set	0x348150
0x23af628	61	0x117fa0	0x32611c8	18036	has_first_contact_flag	0x269f0f8	0x34c090	0x26a6720	Checks if the first contact site has a specific flag	0x348150
0x23af628	62	0x118000	0x32611c8	18037	has_situation_flag	0x269f108	0x34c090	0x26a6680	Checks if the situation has a specific flag	0x348150
0x23af628	63	0x118060	0x32611c8	18038	has_agreement_flag	0x269f098	0x34c090	0x26a65e0	Checks if the agreement has a specific flag	0x348150
0x23af628	64	0x1180c0	0x32611c8	18039	has_federation_flag	0x269f0a8	0x34c090	0x26a6540	Checks if the federation has a specific flag	0x348150
0x23af628	65	0x118120	0x32611c8	18040	has_country_flag	0x269f0b8	0x34c090	0x26a60d0	Checks if the empire has a specific flag	0x348150
0x23af628	66	0x118180	0x32611c8	18043	has_army_flag	0x269f0c8	0x34c090	0x26a6040	Checks if the army has a specific flag	0x348150
0x23af628	67	0x1181e0	0x32611c8	18044	has_deposit_flag	0x269f158	0x34c090	0x26a5fa0	Checks if the deposit has a specific flag	0x348150
0x23af628	68	0x118240	0x32611c8	18045	has_war_flag	0x269f168	0x34c090	0x26a5f10	Checks if the war has a specific flag	0x348150
0x23af628	69	0x1182a0	0x32611c8	18046	has_starbase_flag	0x269f178	0x34c090	0x26a6340	Checks if the starbase has a specific flag	0x348150
0x23af628	70	0x118300	0x32611c8	18047	has_sector_flag	0x269f188	0x34c090	0x26a62b0	Checks if the sector has a specific flag	0x348150
0x23af628	71	0x118360	0x32611c8	18048	has_archaeology_flag	0x269f118	0x34c090	0x26a6200	Checks if the archaeological site has a specific flag	0x348150
0x23af628	72	0x1183c0	0x32611c8	18049	has_spynetwork_flag	0x269f128	0x34c090	0x26a6160	Checks if the spy network has a specific flag	0x348150
0x23af628	73	0x118420	0x32611c8	18050	has_espionage_asset_flag	0x269f138	0x34c090	0x26a5bf0	Checks if the espionage asset has a specific flag	0x348150
0x23af628	74	0x118480	0x32611c8	18041	has_fleet_flag	0x269f148	0x34c090	0x26a5b60	Checks if the fleet has a specific flag	0x348150
0x23af628	75	0x1184e0	0x32611c8	18125	has_star_flag	0x269f1d8	0x34c090	0x26a5a90	Checks if the solar system has a specific flag	0x348150
0x23af628	76	0x118540	0x32611c8	18446	has_megastructure_flag	0x269f1e8	0x34c090	0x26a5e70	Checks if the mega structure has a specific flag	0x348150
0x23af628	77	0x1185a0	0x32611c8	18265	has_ambient_object_flag	0x269f1f8	0x34c090	0x26a5dd0	Checks if the ambient object has a specific flag	0x348150
0x23af628	78	0x118600	0x32611c8	18034	has_planet_flag	0x269f208	0x34c090	0x26a5d40	Checks if the planet has a specific flag	0x348150
0x23af628	79	0x118660	0x32611c8	18035	has_carrier_flag	0x269f198	0x34c090	0x26a5ca0	Checks if the colony carrier has a specific flag	0x348150
0x23af628	80	0x1186c0	0x32611c8	18324	has_species_flag	0x269f1a8	0x34c090	0x26a5770	Checks if the species has a specific flag	0x348150
0x23af628	81	0x118720	0x32611c8	18234	has_leader_flag	0x269f1b8	0x34c090	0x26a56e0	Checks if the leader has a specific flag	0x348150
0x23af628	82	0x118780	0x32611c8	18042	has_ship_flag	0x269f1c8	0x34c090	0x26a5650	Checks if the ship has a specific flag	0x348150
0x23af628	83	0x1187e0	0x32611c8	18090	has_pop_flag	0x269f258	0x34c090	0x26a55c0	Checks if the pop has a specific flag	0x348150
0x23af628	84	0x118840	0x32611c8	18091	has_pop_group_flag	0x269f268	0x34c090	0x26a59f0	Checks if the pop group has a specific flag	0x348150
0x23af628	85	0x1188a0	0x32611c8	13356	has_pop_faction_flag	0x269f278	0x34c090	0x26a5950	Checks if the pop faction has a specific flag	0x348150
0x23af628	86	0x118900	0x32611c8	18643	has_espionage_operation_flag	0x269f288	0x34c090	0x26a58a0	Checks if the espionage operation has a specific flag	0x348150
0x23af628	87	0x118960	0x32611c8	18677	has_design_flag	0x269f218	0x34c090	0x26a5810	Checks if the design has a specific flag	0x348150
0x23af628	88	0x1189c0	0x32611c8	18052	has_mission_flag	0x269f228	0x34c090	0x26a5480	Checks if the mission has a specific flag	0x348150
0x23af628	89	0x118a20	0x32611c8	18053	has_any_flag	0x269f238	0x34c090	0x26a5420	Checks if any Flag has been set to the given scope	0x348150
0x23af628	90	0x118a80	0x32611c8	18702	timed_flag_days_left	0x269f248	0x34c090	0x26a5340	Checks the scoped object for the remaining days left of the specified timed flag	0x348150
0x23af628	91	0x118ae0	0x32611c8	18306	has_valid_ai_personality	0x269f2d8	0x34c090	0x26a5530	Checks if the country has a valid AI personality	0x348150
0x23af628	92	0x118b40	0x32611c8	18058	is_capital_system	0x269f2e8	0x34c090	0x26a5210	Checks if the solar system has its owner's capital	0x348150
0x23af628	93	0x118ba0	0x32611c8	18057	is_capital	0x269f2f8	0x34c090	0x26a52f8	Checks if the colony is its owner's capital	0x348150
0x23af628	94	0x118c00	0x32611c8	18560	is_sector_capital	0x269f308	0x34c090	0x26a5280	Checks if the colony is its sector's capital	0x348150
0x23af628	95	0x118c60	0x32611c8	18280	is_homeworld	0x269f298	0x34c090	0x26a50e0	Checks if the colony carrier is its owner's homeworld	0x348150
0x23af628	96	0x118cc0	0x32611c8	18060	has_ground_combat	0x269f2a8	0x34c090	0x26a5180	Checks if ground combat is taking place on the colony	0x348150
0x23af628	97	0x118d20	0x32611c8	18061	is_at_war	0x269f2b8	0x34c090	0x26a7680	Checks if the country is at war	0x348150
0x23af628	98	0x118d80	0x32611c8	14313	recently_lost_war	0x269f2c8	0x34c090	0x26a75d0	Checks if the country recently lost a war ('recently' meaning recent enough to have a truce)	0x348150
0x23af628	99	0x118de0	0x32611c8	18491	attacker_war_exhaustion	0x269f358	0x34c090	0x26a74a0	Checks the war exhaustion of the war's attackers	0x348150
0x23af628	100	0x118e40	0x32611c8	18492	defender_war_exhaustion	0x269f368	0x34c090	0x26a7400	Checks the war exhaustion of the war's defenders	0x348150
0x23af628	101	0x118ea0	0x32611c8	18493	off_war_exhaustion_sum	0x269f378	0x34c090	0x26a7520	Checks the country's total war exhaustion for all offensive wars	0x348150
0x23af628	102	0x118f00	0x32611c8	18494	def_war_exhaustion_sum	0x269f388	0x34c090	0x26a7230	Checks the country's total war exhaustion for all defensive wars	0x348150
0x23af628	103	0x118f60	0x32611c8	17977	days_passed	0x269f318	0x34c090	0x26a71d0	Checks the number of in-game days passed since the 2200.1.1 start	0x348150
0x23af628	104	0x118fc0	0x32611c8	18286	years_passed	0x269f328	0x34c090	0x26a7390	Checks the number of in-game years passed since the 2200 start	0x348150
0x23af628	105	0x119020	0x32611c8	18287	mid_game_years_passed	0x269f338	0x34c090	0x26a7320	Checks the number of in-game years passed since the mid-game start date	0x348150
0x23af628	106	0x119080	0x32611c8	18288	end_game_years_passed	0x269f348	0x34c090	0x26a72b0	Checks the number of in-game years passed since the end-game start date	0x348150
0x23af628	107	0x1190e0	0x32611c8	17985	num_guaranteed_colonies	0x269f3d8	0x34c090	0x26a7090	Checks the number of guaranteed colonies defined in setup	0x348150
0x23af628	108	0x119140	0x32611c8	18321	years_of_peace	0x269f3e8	0x34c090	0x26a6fb0	Checks the number of in-game years country has been at peace, with optional parameter to delay from start of game	0x348150
0x23af628	109	0x1191a0	0x32611c8	16526	species_portrait	0x269f3f8	0x34c090	0x26a70f0	Checks if the species (or pop group/empire's dominant species) uses a certain portrait	0x348150
0x23af628	110	0x119200	0x32611c8	18062	num_owned_leaders	0x269f408	0x34c090	0x26a6da0	Checks the country's number of owned (recruited) non-envoy leaders (includes the ruler)	0x348150
0x23af628	111	0x119260	0x32611c8	18817	num_owned_colonies	0x269f398	0x34c090	0x26a6f10	Checks the country's or sector's number of owned colonies (includes both planet and ship colonies)	0x348150
0x23af628	112	0x1192c0	0x32611c8	18063	num_owned_planets	0x269f398	0x34c090	0x26a6e60	Checks the country's or sector's number of owned colonies (includes both planet and ship colonies)	0x348150
0x23af628	113	0x119320	0x32611c8	18006	free_jobs	0x269f3a8	0x34c090	0x26a6c20	Checks the number of unassigned jobs on the planet	0x348150
0x23af628	114	0x119380	0x32611c8	18065	num_unemployed	0x269f3b8	0x34c090	0x26a6d10	Checks the number of unemployed pops on the planet or in the entire country	0x348150
0x23af628	115	0x1193e0	0x32611c8	15780	has_available_jobs	0x269f3c8	0x34c090	0x26a6c80	Check that you have available job of a specific type	0x348150
0x23af628	116	0x119440	0x32611c8	15781	free_jobs_of_type	0x269f458	0x34c090	0x26a6960	Check how many free jobs there are of a specific jobtype or pop category on a planet	0x348150
0x23af628	117	0x1194a0	0x32611c8	15406	has_forbidden_jobs	0x269f468	0x34c090	0x26a68d0	Check that you have forbidden job of a specific type	0x348150
0x23af628	118	0x119500	0x32611c8	18081	num_minerals	0x269f478	0x34c090	0x26a6a60	Checks the colony carrier's total amount of minerals	0x348150
0x23af628	119	0x119560	0x32611c8	18360	num_energy	0x269f488	0x34c090	0x26a7fc0	Checks the colony carrier's total amount of energy	0x348150
0x23af628	120	0x1195c0	0x32611c8	18082	num_physics	0x269f418	0x34c090	0x26a80a0	Checks the colony carrier's total amount of physics research	0x348150
0x23af628	121	0x119620	0x32611c8	18083	num_society	0x269f428	0x34c090	0x26a8020	Checks the colony carrier's total amount of society research	0x348150
0x23af628	122	0x119680	0x32611c8	18084	num_engineering	0x269f438	0x34c090	0x26a7ec0	Checks the colony carrier's total amount of engineering research	0x348150
0x23af628	123	0x1196e0	0x32611c8	18064	has_government	0x269f448	0x34c090	0x26a7d90	Checks if the country has a specific government type, or any government at all	0x348150
0x23af628	124	0x119740	0x32611c8	18301	has_election_type	0x269ecd8	0x34c090	0x26a7e50	Checks if the country has a specific election type	0x348150
0x23af628	125	0x1197a0	0x32611c8	18070	is_inside_nebula	0x269ece8	0x34c090	0x26a7c40	checks if the planet/ship/fleet/system is inside a nebula	0x348150
0x23af628	126	0x119800	0x32611c8	18071	is_in_frontier_space	0x269ecf8	0x34c090	0x26a7bb0	checks if the planet/ship/fleet/system is in frontier space	0x348150
0x23af628	127	0x119860	0x32611c8	18072	is_inside_border	0x269ed08	0x34c090	0x26a7ca0	Checks if the planet/ship/fleet/system is inside the borders of the target country	0x348150
0x23af628	128	0x1198c0	0x32611c8	11573	is_moon	0x269ec98	0x34c090	0x26a7ad0	Checks if the planet is the moon of another planet	0x348150
0x23af628	129	0x119920	0x32611c8	18193	has_moon	0x269eca8	0x34c090	0x26a7b70	Checks if the planet has a moon	0x348150
0x23af628	130	0x119980	0x32611c8	18194	num_moons	0x269ecb8	0x34c090	0x26a7a10	Checks the planet's number of moons	0x348150
0x23af628	131	0x1199e0	0x32611c8	18530	is_primary_star	0x269ecc8	0x34c090	0x26a7990	Checks if the planet is the system's primary star	0x348150
0x23af628	132	0x119a40	0x32611c8	16453	is_star	0x269ed58	0x34c090	0x26a7a60	Checks if the planet is a star	0x348150
0x23af628	133	0x119aa0	0x32611c8	18215	is_ringworld	0x269ed68	0x34c090	0x26a7870	Checks if the planet is a ringworld	0x348150
0x23af628	134	0x119b00	0x32611c8	16454	is_asteroid	0x269ed78	0x34c090	0x26a7950	Checks if the planet is an asteroid	0x348150
0x23af628	135	0x119b60	0x32611c8	18576	is_artificial	0x269ed88	0x34c090	0x26a78c0	Checks if the planet is artificial (as set in planet_classes)	0x348150
0x23af628	136	0x119bc0	0x32611c8	18577	is_ideal	0x269ed18	0x34c090	0x26a7730	Checks if the planet is ideal (as set in planet_classes)	0x348150
0x23af628	137	0x119c20	0x32611c8	18067	is_primitive	0x269ed28	0x34c090	0x26a77e0	Checks if the country is a primitive, pre-FTL civilization	0x348150
0x23af628	138	0x119c80	0x32611c8	18684	has_next_pre_ftl_age	0x269ed38	0x34c090	0x26a8a10	Checks if the country is a pre-FTL civilization and has another pre-FTL tech age after its current one 	0x348150
0x23af628	139	0x119ce0	0x32611c8	18685	has_pre_ftl_age	0x269ed48	0x34c090	0x26a8970	Checks if the country is a pre-FTL civilization and is in the specified age 	0x348150
0x23af628	140	0x119d40	0x32611c8	11843	is_pirate	0x269edd8	0x34c090	0x26a8ad0	Checks if the country is a pirate country	0x348150
0x23af628	141	0x119da0	0x32611c8	11628	ideal_planet_class	0x269ede8	0x34c090	0x26a8810	Checks if the pop group, species or country's ideal planet class is a specific class	0x348150
0x23af628	142	0x119e00	0x32611c8	16554	trust	0x269edf8	0x34c090	0x26a88e0	Checks the country's trust of the target country	0x348150
0x23af628	143	0x119e60	0x32611c8	11614	opinion	0x269ee08	0x34c090	0x26a8680	Checks the country's opinion of the target country	0x348150
0x23af628	144	0x119ec0	0x32611c8	11615	opinion_level	0x269ed98	0x34c090	0x26a8710	Checks the country's opinion level of the target country (with support for comparison operators)	0x348150
0x23af628	145	0x119f20	0x32611c8	11616	envoy_opinion_change	0x269eda8	0x34c090	0x26a8490	Checks the country's opinion of the target country has been changed by envoys	0x348150
0x23af628	146	0x119f80	0x32611c8	18076	their_opinion	0x269edb8	0x34c090	0x26a8590	Checks target country's opinion value of the current country	0x348150
0x23af628	147	0x119fe0	0x32611c8	18329	is_belligerent_to	0x269edc8	0x34c090	0x26a9a90	Checks if the country has a belligerent attitude towards target country	0x348150
0x23af628	148	0x11a040	0x32611c8	18331	is_arrogant_to	0x269ee58	0x34c090	0x26a9a30	Checks if the country has a arrogant attitude towards target country	0x348150
0x23af628	149	0x11a0a0	0x32611c8	18330	is_imperious_to	0x269ee68	0x34c090	0x26a97a0	Checks if the country has a imperious attitude towards target country	0x348150
0x23af628	150	0x11a100	0x32611c8	18289	is_dismissive_to	0x269ee78	0x34c090	0x26a9730	Checks if the country has a dismissive attitude towards target country	0x348150
0x23af628	151	0x11a160	0x32611c8	18410	is_custodial_to	0x269ee88	0x34c090	0x26a96c0	Checks if the country has a custodial attitude towards target country	0x348150
0x23af628	152	0x11a1c0	0x32611c8	18290	is_patronizing_to	0x269ee18	0x34c090	0x26a9650	Checks if the country has a patronizing attitude towards target country	0x348150
0x23af628	153	0x11a220	0x32611c8	18383	is_enigmatic_to	0x269ee28	0x34c090	0x26a9940	Checks if the country has a enigmatic attitude towards target country	0x348150
0x23af628	154	0x11a280	0x32611c8	18384	is_berserker_to	0x269ee38	0x34c090	0x26a98d0	Checks if the country has a berserker attitude towards target country	0x348150
0x23af628	155	0x11a2e0	0x32611c8	18291	is_angry_to	0x269ee48	0x34c090	0x26a9870	Checks if the country has an angry attitude towards target country	0x348150
0x23af628	156	0x11a340	0x32611c8	16550	is_neutral_to	0x269eed8	0x34c090	0x26a9810	Checks if the country has a neutral attitude towards target country	0x348150
0x23af628	157	0x11a3a0	0x32611c8	18298	is_domineering_to	0x269eee8	0x34c090	0x26a9440	Checks if the country has a domineering attitude towards target country	0x348150
0x23af628	158	0x11a400	0x32611c8	18282	is_hostile_to	0x269eef8	0x34c090	0x26a93e0	Checks if the country has a hostile attitude towards target country	0x348150
0x23af628	159	0x11a460	0x32611c8	18281	is_friendly_to	0x269ef08	0x34c090	0x26a9380	Checks if the country has a friendly attitude towards target country	0x348150
0x23af628	160	0x11a4c0	0x32611c8	18283	is_protective_to	0x269ee98	0x34c090	0x26a9310	Checks if the country has a protective attitude towards target country	0x348150
0x23af628	161	0x11a520	0x32611c8	18284	is_threatened_to	0x269eea8	0x34c090	0x26a95e0	Checks if the country has a threatened attitude towards target country	0x348150
0x23af628	162	0x11a580	0x32611c8	18294	is_unfriendly_to	0x269eeb8	0x34c090	0x26a9570	Checks if the country has an unfriendly attitude towards target country	0x348150
0x23af628	163	0x11a5e0	0x32611c8	18295	is_loyal_to	0x269eec8	0x34c090	0x26a9510	Checks if the country has a loyal attitude towards target country	0x348150
0x23af628	164	0x11a640	0x32611c8	18296	is_disloyal_to	0x269ef58	0x34c090	0x26a94b0	Checks if the country has a disloyal attitude towards target country	0x348150
0x23af628	165	0x11a6a0	0x32611c8	18297	is_cordial_to	0x269ef68	0x34c090	0x26a9140	Checks if the country has a cordial attitude towards target country	0x348150
0x23af628	166	0x11a700	0x32611c8	18293	is_rival	0x269ef78	0x34c090	0x26a90e0	Checks if the country has a rival attitude towards target country	0x348150
0x23af628	167	0x11a760	0x32611c8	18398	is_overlord_to	0x269ef88	0x34c090	0x26a9080	Checks if the country has an overlord attitude towards target country	0x348150
0x23af628	168	0x11a7c0	0x32611c8	18399	is_improving_relations_with	0x269ef18	0x34c090	0x26a9000	Checks if the country has an envoy sent to the target country to improve relations	0x348150
0x23af628	169	0x11a820	0x32611c8	18400	is_harming_relations_with	0x269ef28	0x34c090	0x26a9290	Checks if the country has an envoy sent to the target country to harm relations	0x348150
0x23af628	170	0x11a880	0x32611c8	18055	has_attitude_behavior	0x269ef38	0x34c090	0x26a91d0	Checks if the country has the specified AI behavior towards another country 	0x348150
0x23af628	171	0x11a8e0	0x32611c8	18079	has_federation	0x269ef48	0x34c090	0x26a8f28	Checks if the country is in a federation	0x348150
0x23af628	172	0x11a940	0x32611c8	18244	is_in_federation_with	0x269efd8	0x34c090	0x26a8e80	Checks if the country is in a federation with target country	0x348150
0x23af628	173	0x11a9a0	0x32611c8	18292	is_neighbor_of	0x269efe8	0x34c090	0x26a8f80	Checks if the scoped object is neighbors with target country	0x348150
0x23af628	174	0x11aa00	0x32611c8	11448	has_ring	0x269eff8	0x34c090	0x26a8d50	Checks if the planet has a planetary ring	0x348150
0x23af628	175	0x11aa60	0x32611c8	18085	num_modifiers	0x269f008	0x34c090	0x26a8e40	Checks the planet's number of modifiers	0x348150
0x23af628	176	0x11aac0	0x32611c8	18086	has_any_strategic_resource	0x269ef98	0x34c090	0x26a8da0	Checks if the colony carrier has any strategic resource	0x348150
0x23af628	177	0x11ab20	0x32611c8	18320	distance_to_empire	0x269efa8	0x34c090	0x26a8c30	Checks the ship/fleet/planet/system's galaxy map distance to target empire	0x348150
0x23af628	178	0x11ab80	0x32611c8	11793	distance	0x269efb8	0x34c090	0x26aa3d0	Checks the scoped object's galaxy map distance to target in absolute units	0x348150
0x23af628	179	0x11abe0	0x32611c8	18264	compare_distance	0x269efc8	0x34c090	0x26aa1b0	Checks whether the current scope is closer to a specified object than it is to a second specified object within the same solar system.	0x348150
0x23af628	180	0x11ac40	0x32611c8	18401	distance_to_core_percent	0x269f058	0x34c090	0x26aa2e0	Checks the ship/fleet/planet/leader/pop/system's distance to the galactic core in percent, where center = 0 and galactic rim = 100	0x348150
0x23af628	181	0x11aca0	0x32611c8	18092	is_occupied_flag	0x269f068	0x34c090	0x26aa080	Checks if the colony is under military occupation	0x348150
0x23af628	182	0x11ad00	0x32611c8	18080	is_colonizable	0x269f078	0x34c090	0x26aa160	Checks if the planet can theoretically be colonized	0x348150
0x23af628	183	0x11ad60	0x32611c8	18318	is_under_colonization	0x269f088	0x34c090	0x26aa0e0	Checks if the planet is being colonized	0x348150
0x23af628	184	0x11adc0	0x32611c8	18094	is_damaged	0x269f018	0x34c090	0x26a9f90	Checks if the ship is damaged	0x348150
0x23af628	185	0x11ae20	0x32611c8	18095	has_hp	0x269f028	0x34c090	0x26aa010	Checks the ship's hull points	0x348150
0x23af628	186	0x11ae80	0x32611c8	18097	has_max_hp	0x269f038	0x34c090	0x26a9ec0	Checks the ship's max hull points	0x348150
0x23af628	187	0x11aee0	0x32611c8	18098	has_max_armor_hp	0x269f048	0x34c090	0x26a9e40	Checks the ship's max armor hit points	0x348150
0x23af628	188	0x11af40	0x32611c8	18406	has_hp_percentage	0x269e8d8	0x34c090	0x26a9f00	Checks a fleet or ship's hit points percentage	0x348150
0x23af628	189	0x11afa0	0x32611c8	18407	has_armor_percentage	0x269e8e8	0x34c090	0x26a9d20	Checks a fleet or ship's armor hit points percentage	0x348150
0x23af628	190	0x11b000	0x32611c8	18408	has_shield_percentage	0x269e8f8	0x34c090	0x26a9db0	Checks a fleet or ship's shield hit points percentage	0x348150
0x23af628	191	0x11b060	0x32611c8	18096	has_shield_hp	0x269e908	0x34c090	0x26a9c48	Checks the ship's shield hit points	0x348150
0x23af628	192	0x11b0c0	0x32611c8	18099	is_surveyed	0x269e898	0x34c090	0x26aba30	Checks if the scoped object has been surveyed by target country	0x348150
0x23af628	193	0x11b120	0x32611c8	18100	is_being_surveyed	0x269e8a8	0x34c090	0x26ab930	Checks if any fleet of the given fleet's controller (other than the given fleet itself) is currently	0x348150
0x23af628	194	0x11b180	0x32611c8	18218	is_ideal_planet_class	0x269e8b8	0x34c090	0x26ab770	Checks if the planet is of the ideal class for target country, species or pop	0x348150
0x23af628	195	0x11b1e0	0x32611c8	13690	can_colonize	0x269e8c8	0x34c090	0x26ab8c0	Checks if the planet can be colonized by target country	0x348150
0x23af628	196	0x11b240	0x32611c8	18337	has_surveyed_class	0x269e958	0x34c090	0x26ab820	Checks if the country has surveyed any colony carrier of a specific class	0x348150
0x23af628	197	0x11b2a0	0x32611c8	18103	check_variable	0x269e968	0x34c090	0x26ab690	Checks a variable for the country/leader/planet/system/fleet	0x348150
0x23af628	198	0x11b300	0x32611c8	18104	check_variable_arithmetic	0x269e978	0x34c090	0x26ab2b0	Checks a variable for the scope if a certain amount of arithmetic is done to it (note: the variable's value is not changed by this trigger)	0x348150
0x23af628	199	0x11b360	0x32611c8	18102	is_variable_set	0x269e988	0x34c090	0x26ab530	Checks if the specified variable is set on the current scope. Use to avoid unset variables errors	0x348150
0x23af628	200	0x11b3c0	0x32611c8	18105	check_modifier_value	0x269e918	0x34c090	0x26aaef0	Checks the value of a specified modifier in the current scope against a value.	0x348150
0x23af628	201	0x11b420	0x32611c8	18106	check_economic_production_modifier_for_job	0x269e928	0x34c090	0x26aaff0	Checks the value of economic production modifiers a pop has for producing a certain resource via a certain job. Can specify checking all modifiers or just those from traits. WARNING: expensive trigger	0x348150
0x23af628	202	0x11b480	0x32611c8	18107	check_galaxy_setup_value	0x269e938	0x34c090	0x26aabb0	Checks the value for a specific option from the galaxy setup 	0x348150
0x23af628	203	0x11b4e0	0x32611c8	12097	pop_has_ethic	0x269e948	0x34c090	0x26aab60	Checks if the pop has a specific ethos	0x348150
0x23af628	204	0x11b540	0x32611c8	12098	pop_group_has_ethic	0x269e9d8	0x34c090	0x26aae40	Checks if the pop group has a specific ethos	0x348150
0x23af628	205	0x11b5a0	0x32611c8	12099	pop_group_has_trait	0x269e9e8	0x34c090	0x26aade0	Checks if the pop group has a specific trait	0x348150
0x23af628	206	0x11b600	0x32611c8	18108	is_colony	0x269e9f8	0x34c090	0x26aa9b0	Checks if the planet is colonized	0x348150
0x23af628	207	0x11b660	0x32611c8	18300	fleet_power	0x269ea08	0x34c090	0x26aab20	Checks the scope's total fleet power	0x348150
0x23af628	208	0x11b6c0	0x32611c8	18815	hostile_military_power	0x269e998	0x34c090	0x26aaa00	Returns the hostile military power in the system (galactic_object scope) as perceived by the given country,	0x348150
0x23af628	209	0x11b720	0x32611c8	18338	fleet_size	0x269e9a8	0x34c090	0x26aa818	Checks the fleet's fleet size	0x348150
0x23af628	210	0x11b780	0x32611c8	18109	habitability	0x269e9b8	0x34c090	0x26aa8a0	Checks the planet's habitability (0 to 1) for target pop group/species	0x348150
0x23af628	211	0x11b7e0	0x32611c8	18110	has_building	0x269e9c8	0x34c090	0x26ac8a0	Checks if the colony has any, or a specific, building	0x348150
0x23af628	212	0x11b840	0x32611c8	18112	has_active_building	0x269ea58	0x34c090	0x26ac9f0	Checks if the colony has a specific building, and that that building is not disabled or ruined.	0x348150
0x23af628	213	0x11b8a0	0x32611c8	11138	last_building_changed	0x269ea68	0x34c090	0x26ac6f0	Checks if the last building queued/unqueued/built/demolished/upgraded was the specified building	0x348150
0x23af628	214	0x11b900	0x32611c8	18031	num_buildings	0x269ea78	0x34c090	0x26ac520	Checks the number the scoped object has of any, or a specific, building	0x348150
0x23af628	215	0x11b960	0x32611c8	11409	capital_tier	0x269ea88	0x34c090	0x26ac2c0	Checks the tier of the planet's capital building	0x348150
0x23af628	216	0x11b9c0	0x32611c8	17962	has_district	0x269ea18	0x34c090	0x26ac3e0	Checks if the colony has any, or a specific, district	0x348150
0x23af628	217	0x11ba20	0x32611c8	11146	last_district_changed	0x269ea28	0x34c090	0x26ac310	Checks if the last district queued/unqueued/built/demolished/upgraded was the specified district	0x348150
0x23af628	218	0x11ba80	0x32611c8	18033	num_free_districts	0x269ea38	0x34c090	0x26ac1b0	Checks the number of available slots the colony has of any, or a specific, district	0x348150
0x23af628	219	0x11bae0	0x32611c8	18032	num_districts	0x269ea48	0x34c090	0x26abf70	Checks the number the colony has of any, or a specific, district	0x348150
0x23af628	220	0x11bb40	0x32611c8	18766	num_zones	0x269ead8	0x34c090	0x26abdc0	Checks the number the colony has of any, or a specific, zone	0x348150
0x23af628	221	0x11bba0	0x32611c8	11015	get_councilor_level	0x269eae8	0x34c090	0x26abd30	Get the level of a specific councilor 	0x348150
0x23af628	222	0x11bc00	0x32611c8	18185	has_building_construction	0x269eaf8	0x34c090	0x26abba0	Checks if the colony has any, or a specific, ongoing building construction	0x348150
0x23af628	223	0x11bc60	0x32611c8	18252	has_policy_flag	0x269eb08	0x34c090	0x26abcd0	Checks if the country has a specific policy	0x348150
0x23af628	224	0x11bcc0	0x32611c8	12385	has_observation_outpost	0x269ea98	0x34c090	0x26ad520	Checks if the planet has an observation post	0x348150
0x23af628	225	0x11bd20	0x32611c8	18120	is_federation_leader	0x269eaa8	0x34c090	0x26ad490	Checks if the country is the leader of their federation	0x348150
0x23af628	226	0x11bd80	0x32611c8	18126	has_mining_station	0x269eab8	0x34c090	0x26ad570	Checks if the planet has an orbital mining station	0x348150
0x23af628	227	0x11bde0	0x32611c8	18127	has_research_station	0x269eac8	0x34c090	0x26ad310	Checks if the planet has an orbital research station	0x348150
0x23af628	228	0x11be40	0x32611c8	10291	has_orbital_station	0x269eb58	0x34c090	0x26ad3d0	Checks if the planet has any kind of orbital station	0x348150
0x23af628	229	0x11bea0	0x32611c8	18129	army_type	0x269eb68	0x34c090	0x26ad240	Checks the army's type	0x348150
0x23af628	230	0x11bf00	0x32611c8	18130	is_defensive_army	0x269eb78	0x34c090	0x26ad2b8	Checks if the army is defensive	0x348150
0x23af628	231	0x11bf60	0x32611c8	18131	has_army	0x269eb88	0x34c090	0x26ad138	Checks if the colony has an army	0x348150
0x23af628	232	0x11bfc0	0x32611c8	12426	starting_system	0x269eb18	0x34c090	0x26ad1d0	Checks if the system is the starting system for any country	0x348150
0x23af628	233	0x11c020	0x32611c8	18132	is_advisor_active	0x269eb28	0x34c090	0x26ad168	Checks if a country has an advisor	0x348150
0x23af628	234	0x11c080	0x32611c8	17975	can_live_on_planet	0x269eb38	0x34c090	0x26acf70	Checks if the pop group or species is allowed to live on a specified planet	0x348150
0x23af628	235	0x11c0e0	0x32611c8	17984	is_being_assimilated	0x269eb48	0x34c090	0x26ad050	Checks if the pop group is being assimilated	0x348150
0x23af628	236	0x11c140	0x32611c8	11058	faction_approval	0x269ebd8	0x34c090	0x26ace50	Checks the scoped faction's approval percentage	0x348150
0x23af628	237	0x11c1a0	0x32611c8	10779	happiness	0x269ebe8	0x34c090	0x26acf28	Checks the pop group's happiness percentage	0x348150
0x23af628	238	0x11c200	0x32611c8	18404	happiness_planet	0x269ebf8	0x34c090	0x26aceb0	Checks the average happiness on the planet	0x348150
0x23af628	239	0x11c260	0x32611c8	11751	ethos	0x269ec08	0x34c090	0x26accc0	Checks the average ethics divergence on the planet, i.e. num of pops not of the country's ethics / total num of pops	0x348150
0x23af628	240	0x11c2c0	0x32611c8	18682	has_awareness	0x269eb98	0x34c090	0x26acdc0	Checks the country's awareness if it's pre-FTL	0x348150
0x23af628	241	0x11c320	0x32611c8	18683	current_awareness_level	0x269eba8	0x34c090	0x26acb60	Checks the country's awareness level if it's pre-FTL	0x348150
0x23af628	242	0x11c380	0x32611c8	18141	income	0x269ebb8	0x34c090	0x26acc50	Checks the country's monthly energy credit income	0x348150
0x23af628	243	0x11c3e0	0x32611c8	18142	expenses	0x269ebc8	0x34c090	0x26ae2e0	Checks the country's monthly energy credit expenses	0x348150
0x23af628	244	0x11c440	0x32611c8	17171	balance	0x269ec58	0x34c090	0x26ae278	Checks the country's energy credit balance	0x348150
0x23af628	245	0x11c4a0	0x32611c8	18164	running_balance	0x269ec68	0x34c090	0x26ae340	Checks the country's running energy credit balance	0x348150
0x23af628	246	0x11c500	0x32611c8	18160	has_anomaly	0x269ec78	0x34c090	0x26ae180	Checks if the planet has an anomaly	0x348150
0x23af628	247	0x11c560	0x32611c8	18161	stored_physics_points	0x269ec88	0x34c090	0x26ae130	Checks the country's amount of stored physics research	0x348150
0x23af628	248	0x11c5c0	0x32611c8	18162	stored_society_points	0x269ec18	0x34c090	0x26ae0e0	Checks the country's amount of stored society research	0x348150
0x23af628	249	0x11c620	0x32611c8	18163	stored_engineering_points	0x269ec28	0x34c090	0x26ae220	Checks the country's amount of stored engineering research	0x348150
0x23af628	250	0x11c680	0x32611c8	18165	is_planet	0x269ec38	0x34c090	0x26adfe0	Checks if the planet is the same as target planet	0x348150
0x23af628	251	0x11c6e0	0x32611c8	18168	is_army	0x269ec48	0x34c090	0x26ae090	Checks if the army is the same as target army	0x348150
0x23af628	252	0x11c740	0x32611c8	18169	is_country	0x269e4d8	0x34c090	0x26ade60	Checks if the country is the same as target country	0x348150
0x23af628	253	0x11c7a0	0x32611c8	18167	is_ship	0x269e4e8	0x34c090	0x26adf40	Checks if the ship is the same as target ship	0x348150
0x23af628	254	0x11c800	0x32611c8	18170	is_tutorial_level	0x269e4f8	0x34c090	0x26adeb0	Checks the country's tutorial level (0 off, 1 limited, 2 full)	0x348150
0x23af628	255	0x11c860	0x32611c8	13810	is_valid	0x269e508	0x34c090	0x26adcd0	Checks to see if target scope is valid for the country/planet/army	0x348150
0x23af628	256	0x11c8c0	0x32611c8	18395	is_difficulty	0x269e498	0x34c090	0x26adc60	Checks the game's difficulty level (0 to 6, with 0 as Civilian and 6 as Grand Admiral)	0x348150
0x23af628	257	0x11c920	0x32611c8	18171	is_multiplayer	0x269e4a8	0x34c090	0x26addc0	Checks if the game is running in multiplayer	0x348150
0x23af628	258	0x11c980	0x32611c8	18172	has_event_chain	0x269e4b8	0x34c090	0x26add30	Checks if the country has a specific event chain	0x348150
0x23af628	259	0x11c9e0	0x32611c8	18173	has_completed_event_chain	0x269e4c8	0x34c090	0x26adae0	Checks if the country has completed a specific event chain	0x348150
0x23af628	260	0x11ca40	0x32611c8	18015	is_pop_category	0x269e558	0x34c090	0x26adbd0	Checks if the pop group has the chosen pop category	0x348150
0x23af628	261	0x11caa0	0x32611c8	18809	is_unemployed	0x269e568	0x34c090	0x26ad970	Checks if the job or pop group has the one of the unemployment pop categories	0x348150
0x23af628	262	0x11cb00	0x32611c8	18810	has_civilian_job_category	0x269e578	0x34c090	0x26ad8c0	Checks if the job or the pop group has the one of the civilian pop categories	0x348150
0x23af628	263	0x11cb60	0x32611c8	18445	is_job_of_pop_category	0x269e588	0x34c090	0x26ad6d0	Checks if a job is of a certain pop category. Note that the result for this trigger is not dependent on where it is used - so it's for use in e.g. templated script values.	0x348150
0x23af628	264	0x11cbc0	0x32611c8	18176	has_opinion_modifier	0x269e518	0x34c090	0x26ad7c0	Checks if the country has a specific opinion modifier towards target country or anyone	0x348150
0x23af628	265	0x11cc20	0x32611c8	18177	has_established_contact	0x269e528	0x34c090	0x26af010	Checks if the country has established contact with target country	0x348150
0x23af628	266	0x11cc80	0x32611c8	18178	has_completed_event_chain_counter	0x269e538	0x34c090	0x26aee60	Checks if the country has completed a specific counter in an event chain	0x348150
0x23af628	267	0x11cce0	0x32611c8	18179	has_planet_class	0x269e548	0x34c090	0x26aee00	Checks if the system has planet of specific class	0x348150
0x23af628	268	0x11cd40	0x32611c8	18180	is_disabled	0x269e5d8	0x34c090	0x26aef80	Checks if the ship/fleet is disabled	0x348150
0x23af628	269	0x11cda0	0x32611c8	18181	has_existing_ship_design	0x269e5e8	0x34c090	0x26aef10	Checks if the country has a specific ship design available	0x348150
0x23af628	270	0x11ce00	0x32611c8	18184	has_resource	0x269e5f8	0x34c090	0x26aeb40	Checks if the colony carrier has a specific amount of a specific resource	0x348150
0x23af628	271	0x11ce60	0x32611c8	18014	planet_devastation	0x269e608	0x34c090	0x26aec90	Checks the colony's devastation	0x348150
0x23af628	272	0x11cec0	0x32611c8	17966	free_housing	0x269e598	0x34c090	0x26aec20	Checks the planet's available housing	0x348150
0x23af628	273	0x11cf20	0x32611c8	18558	num_housing	0x269e5a8	0x34c090	0x26aea00	Checks the planet's total housing	0x348150
0x23af628	274	0x11cf80	0x32611c8	17978	free_amenities	0x269e5b8	0x34c090	0x26aeaa8	Checks the planet's available amenities	0x348150
0x23af628	275	0x11cfe0	0x32611c8	18189	free_building_slots	0x269e5c8	0x34c090	0x26ae8f0	Checks the colony's number of slots available for new constructions	0x348150
0x23af628	276	0x11d040	0x32611c8	18004	free_branch_office_building_slots	0x269e658	0x34c090	0x26ae810	Checks the planet's number of branch office slots available for new constructions	0x348150
0x23af628	277	0x11d0a0	0x32611c8	18559	num_deposits	0x269e668	0x34c090	0x26ae968	Checks the planet's total number of deposits	0x348150
0x23af628	278	0x11d100	0x32611c8	18005	branch_office_value	0x269e678	0x34c090	0x26ae6a0	Checks the planet's branch officevalue	0x348150
0x23af628	279	0x11d160	0x32611c8	17963	free_district_slots	0x269e688	0x34c090	0x26ae790	Checks the colony's number of slots available for new constructions	0x348150
0x23af628	280	0x11d1c0	0x32611c8	17964	diplomacy_weight	0x269e618	0x34c090	0x26ae4c8	Checks the country's diplomatic weight	0x348150
0x23af628	281	0x11d220	0x32611c8	18191	has_relation_flag	0x269e628	0x34c090	0x26ae3c0	Checks if the country has a relation flag towards target country	0x348150
0x23af628	282	0x11d280	0x32611c8	18192	reverse_has_relation_flag	0x269e638	0x34c090	0x26ae550	Checks if the target country has a relation flag towards the country	0x348150
0x23af628	283	0x11d2e0	0x32611c8	12710	exists	0x269e648	0x34c090	0x26afee8	Checks if a target scope exists	0x348150
0x23af628	284	0x11d340	0x32611c8	12736	has_edict	0x269e6d8	0x34c090	0x26aff90	Checks if the country has a specific edict enabled	0x348150
0x23af628	285	0x11d3a0	0x32611c8	15673	has_unlocked_all_traditions	0x269e6e8	0x34c090	0x26afd60	Checks if the country has unlocked all traditions	0x348150
0x23af628	286	0x11d400	0x32611c8	17578	has_highest_technology_score	0x269e6f8	0x34c090	0x26afcb0	Checks if the country has the highest technology score	0x348150
0x23af628	287	0x11d460	0x32611c8	18416	num_tradition_categories	0x269e708	0x34c090	0x26afe30	Checks number of tradition categories the country has picked	0x348150
0x23af628	288	0x11d4c0	0x32611c8	12795	is_in_cluster	0x269e698	0x34c090	0x26afdc0	Checks if the planet/system belongs to a specific spawning cluster	0x348150
0x23af628	289	0x11d520	0x32611c8	18200	colony_age	0x269e6a8	0x34c090	0x26afab8	Checks the planet's (colony's) age in months	0x348150
0x23af628	290	0x11d580	0x32611c8	18201	colony_age_years	0x269e6b8	0x34c090	0x26af990	Checks the planet's (colony's) age in years	0x348150
0x23af628	291	0x11d5e0	0x32611c8	18196	is_sapient	0x269e6c8	0x34c090	0x26af930	Checks if the pop group or species is sapient	0x348150
0x23af628	292	0x11d640	0x32611c8	18197	inherits_parent_rights	0x269e758	0x34c090	0x26af9f0	Checks if the pop group or species inherits the base species' rights. Returns false if there is no parent species.	0x348150
0x23af628	293	0x11d6a0	0x32611c8	14183	has_access_fleet	0x269e768	0x34c090	0x26af780	Checks if the target country is allowed to enter the system	0x348150
0x23af628	294	0x11d700	0x32611c8	18214	can_access_system	0x269e778	0x34c090	0x26af850	Checks if the scoped fleet is able to enter the system. Note: Avoid overusing this, it is a performance-intensive trigger!	0x348150
0x23af628	295	0x11d760	0x32611c8	12495	graphical_culture	0x269e788	0x34c090	0x26af430	Checks if the country/ship/megastructure/species has specific graphical culture or the same graphical culture as the target.	0x348150
0x23af628	296	0x11d7c0	0x32611c8	13846	city_graphical_culture	0x269e718	0x34c090	0x26af610	Checks if the country has a specific graphical culture for its city image or the same graphical culture as the target.	0x348150
0x23af628	297	0x11d820	0x32611c8	18198	is_preventing_anomaly	0x269e728	0x34c090	0x26af570	Checks if the planet is prevented from generating anomalies	0x348150
0x23af628	298	0x11d880	0x32611c8	17973	is_immortal	0x269e738	0x34c090	0x26af2b0	Checks if the leader is immortal (either by script effect or species characteristics)	0x348150
0x23af628	299	0x11d8e0	0x32611c8	17974	is_hidden	0x269e748	0x34c090	0x26af380	Checks if the leader is hidden from the player	0x348150
0x23af628	300	0x11d940	0x32611c8	12891	leader_age	0x269e7d8	0x34c090	0x26af1d8	Checks the scope leader's age	0x348150
0x23af628	301	0x11d9a0	0x32611c8	12892	leader_lifespan	0x269e7e8	0x34c090	0x26af170	Checks the scope leader's lifespan	0x348150
0x23af628	302	0x11da00	0x32611c8	10787	leader_years_of_service	0x269e7f8	0x34c090	0x26af220	Checks the scope leader's years of service	0x348150
0x23af628	303	0x11da60	0x32611c8	12887	leader_class	0x269e808	0x34c090	0x26b0bc0	Checks if the leader is of a specific class	0x348150
0x23af628	304	0x11dac0	0x32611c8	18026	is_deposit_type	0x269e798	0x34c090	0x26b0cb0	Checks if deposit is specified type	0x348150
0x23af628	305	0x11db20	0x32611c8	18553	has_deposit_category	0x269e7a8	0x34c090	0x26b0c20	Checks if a deposit has specified category	0x348150
0x23af628	306	0x11db80	0x32611c8	18011	can_research_technology	0x269e7b8	0x34c090	0x26b0940	Checks whether the current country is allowed to have the specified technology, i.e. does it fulfil the potential = { } field for that tech, and for any prereq techs that tech has.	0x348150
0x23af628	307	0x11dbe0	0x32611c8	18012	can_copy_random_tech_from	0x269e7c8	0x34c090	0x26b0a70	Checks whether the target country has a technology the current country can steal via copy_random_tech_from effect	0x348150
0x23af628	308	0x11dc40	0x32611c8	18136	is_idle	0x269e858	0x34c090	0x26b07f8	Checks if scoped leader is idle	0x348150
0x23af628	309	0x11dca0	0x32611c8	18002	is_blocker	0x269e868	0x34c090	0x26b07b8	Checks if scoped deposit is a blocker-type	0x348150
0x23af628	310	0x11dd00	0x32611c8	12962	has_deposit	0x269e878	0x34c090	0x26b0830	Checks if the colony carrier has any, or a specific, deposit	0x348150
0x23af628	311	0x11dd60	0x32611c8	18199	has_deposit_for	0x269e888	0x34c090	0x26b0620	Checks if the colony carrier has a deposit for a specific ship class	0x348150
0x23af628	312	0x11ddc0	0x32611c8	18203	is_rim_system	0x269e818	0x34c090	0x26b0730	Checks if the system is on the galactic rim	0x348150
0x23af628	313	0x11de20	0x32611c8	18202	is_bottleneck_system	0x269e828	0x34c090	0x26b0490	Checks if the system is bottleneck within the range NDefines::NGameplay::SYSTEM_BOTTLENECK_RADIUS	0x348150
0x23af628	314	0x11de80	0x32611c8	10249	has_mission	0x269e838	0x34c090	0x26b05b0	Checks if the observation post has a specific mission	0x348150
0x23af628	315	0x11dee0	0x32611c8	18204	is_country_type	0x269e848	0x34c090	0x26b0560	Checks if the country is a specific type	0x348150
0x23af628	316	0x11df40	0x32611c8	11139	empire_size	0x269e0d8	0x34c090	0x26b0300	Checks the empire's size. Identical to empire_sprawl trigger.	0x348150
0x23af628	317	0x11dfa0	0x32611c8	11141	empire_sprawl	0x269e0d8	0x34c090	0x26b02a0	Checks the empire's sprawl. Identical to empire_size trigger.	0x348150
0x23af628	318	0x11e000	0x32611c8	11142	empire_sprawl_over_cap	0x269e0e8	0x34c090	0x26b0400	Checks how much the empire's sprawl is over its admin capacity	0x348150
0x23af628	319	0x11e060	0x32611c8	11143	empire_sprawl_cap_fraction	0x269e0f8	0x34c090	0x26b0350	Checks the empire's sprawl compared to its admin level	0x348150
0x23af628	320	0x11e0c0	0x32611c8	11861	planet_size	0x269e108	0x34c090	0x26b0130	Checks the planet's size	0x348150
0x23af628	321	0x11e120	0x32611c8	18024	has_planet_modifier	0x269e098	0x34c090	0x26b01b0	Checks if the planet has a specific planet modifier	0x348150
0x23af628	322	0x11e180	0x32611c8	10261	num_fleets	0x269e0a8	0x34c090	0x26b0038	Checks the country's number of fleets	0x348150
0x23af628	323	0x11e1e0	0x32611c8	10262	num_ships	0x269e0b8	0x34c090	0x26b00a8	Checks the country/fleet's number of ships	0x348150
0x23af628	324	0x11e240	0x32611c8	18361	num_armies	0x269e0c8	0x34c090	0x26b1b10	Checks the country's or colony's number of armies	0x348150
0x23af628	325	0x11e2a0	0x32611c8	18207	mission_progress	0x269e158	0x34c090	0x26b1bc0	Checks if the observation post has achieved specific progress in a mission	0x348150
0x23af628	326	0x11e300	0x32611c8	18208	num_ethics	0x269e168	0x34c090	0x26b1b58	Checks the country/pop group's number of ethics	0x348150
0x23af628	327	0x11e360	0x32611c8	18209	num_traits	0x269e178	0x34c090	0x26b1910	Checks the country/pop group/leader/species' number of traits	0x348150
0x23af628	328	0x11e3c0	0x32611c8	18690	num_positive_traits	0x269e188	0x34c090	0x26b19c0	Checks the country/pop/leader/species' number of positive traits (traits with a cost strictly greater than 0 count as positive)	0x348150
0x23af628	329	0x11e420	0x32611c8	18691	num_negative_traits	0x269e118	0x34c090	0x26b1820	Checks the country/pop/leader/species' number of negative traits (traits with a cost strictly lower than 0 count as negative)	0x348150
0x23af628	330	0x11e480	0x32611c8	10832	num_leader_traits	0x269e128	0x34c090	0x26b1590	Checks the number of leader traits or total tiers of traits for a specific leader	0x348150
0x23af628	331	0x11e4e0	0x32611c8	18478	num_trait_points	0x269e138	0x34c090	0x26b12f0	Checks the country/pop group/leader/species' number of traits points spent	0x348150
0x23af628	332	0x11e540	0x32611c8	18210	has_truce	0x269e148	0x34c090	0x26b1270	Checks if the country has a truce with target country	0x348150
0x23af628	333	0x11e5a0	0x32611c8	18417	is_event_leader	0x269e1d8	0x34c090	0x26b14b0	Checks if a leader is a special event leader (defined in create_leader)	0x348150
0x23af628	334	0x11e600	0x32611c8	18148	has_envoy_task	0x269e1e8	0x34c090	0x26b0ff0	Checks the scoped leader's diplomatic/envoy task.	0x348150
0x23af628	335	0x11e660	0x32611c8	18149	has_envoy_cooldown	0x269e1f8	0x34c090	0x26b0d80	Checks the scoped envoy currently has a cooldown on its status.	0x348150
0x23af628	336	0x11e6c0	0x32611c8	11972	gender	0x269e208	0x34c090	0x26b0d08	Checks the leader's gender	0x348150
0x23af628	337	0x11e720	0x32611c8	18249	species_gender	0x269e198	0x34c090	0x26b0e60	Checks what gender settings the species allows.	0x348150
0x23af628	338	0x11e780	0x32611c8	18216	member_of_faction	0x269e1a8	0x34c090	0x26b29a0	Checks if the pop group belongs to any, or a specific, faction	0x348150
0x23af628	339	0x11e7e0	0x32611c8	18227	has_faction	0x269e1b8	0x34c090	0x26b2920	Checks if the country has any instance of target faction type	0x348150
0x23af628	340	0x11e840	0x32611c8	18217	support	0x269e1c8	0x34c090	0x26b2740	Checks the support level of a faction, or that of a leader's faction(s)	0x348150
0x23af628	341	0x11e8a0	0x32611c8	18219	is_pop_faction_type	0x269e258	0x34c090	0x26b2808	Checks the faction's type	0x348150
0x23af628	342	0x11e900	0x32611c8	18220	intel_level	0x269e268	0x34c090	0x26b2550	Checks the country's intel level of target system	0x348150
0x23af628	343	0x11e960	0x32611c8	18228	can_declare_war	0x269e278	0x34c090	0x26b2650	Checks if the country can declare war against target country	0x348150
0x23af628	344	0x11e9c0	0x32611c8	18229	is_hostile	0x269e288	0x34c090	0x26b23d0	Checks if the country is hostile towards target country	0x348150
0x23af628	345	0x11ea20	0x32611c8	18230	is_forced_neutral	0x269e218	0x34c090	0x26b2450	Checks if the country has been set to be neutral towards target country via set_faction_hostility	0x348150
0x23af628	346	0x11ea80	0x32611c8	18231	is_forced_friendly	0x269e228	0x34c090	0x26b2210	Checks if the country has been set to be friendly towards target country via set_faction_hostility	0x348150
0x23af628	347	0x11eae0	0x32611c8	18232	has_communications	0x269e238	0x34c090	0x26b2350	Checks if the country has established communications with target country	0x348150
0x23af628	348	0x11eb40	0x32611c8	18323	num_marauder_empires_to_spawn	0x269e248	0x34c090	0x26b22e0	Checks the number of marauder empires specified by the galaxy setup	0x348150
0x23af628	349	0x11eba0	0x32611c8	14067	num_fallen_empires	0x269e2d8	0x34c090	0x26b2070	Checks the number of fallen empires in the galaxy	0x348150
0x23af628	350	0x11ec00	0x32611c8	12800	num_empires	0x269e2e8	0x34c090	0x26b1ff0	Checks the number of regular empires in the galaxy	0x348150
0x23af628	351	0x11ec60	0x32611c8	13444	num_communications	0x269e2f8	0x34c090	0x26b20f0	Checks the country's number of established communications	0x348150
0x23af628	352	0x11ecc0	0x32611c8	18018	perc_communications_with_playable	0x269e308	0x34c090	0x26b1e60	Checks the country's percentage of communications with playable empires	0x348150
0x23af628	353	0x11ed20	0x32611c8	18233	has_country_resource	0x269e298	0x34c090	0x26b1db0	Checks the country's amount of a specific stored resource	0x348150
0x23af628	354	0x11ed80	0x32611c8	18235	num_killed_ships	0x269e2a8	0x34c090	0x26b1f20	Checks how many of target country's ships that the country has destroyed	0x348150
0x23af628	355	0x11ede0	0x32611c8	18236	num_taken_planets	0x269e2b8	0x34c090	0x26b1c50	Checks how many planets the country has taken from target country	0x348150
0x23af628	356	0x11ee40	0x32611c8	12586	vassals	0x269e2c8	0x34c090	0x26b1d50	Checks the country's number of subjects with agreement preset 'preset_vassal'	0x348150
0x23af628	357	0x11eea0	0x32611c8	13674	subjects	0x269e358	0x34c090	0x26b1ce8	Checks the country's number of subjects	0x348150
0x23af628	358	0x11ef00	0x32611c8	18336	subject_can_diplomacy	0x269e368	0x34c090	0x26b3890	Checks if the current country is allowed by its overlord to take diplomatic action	0x348150
0x23af628	359	0x11ef60	0x32611c8	13676	tech_unlocked_ratio	0x269e378	0x34c090	0x26b3990	Checks the relative amount of already-researched tech between the country and target country	0x348150
0x23af628	360	0x11efc0	0x32611c8	18341	num_rare_techs	0x269e388	0x34c090	0x26b3740	Checks the country's number of researched rare technologies	0x348150
0x23af628	361	0x11f020	0x32611c8	18342	num_dangerous_techs	0x269e318	0x34c090	0x26b3810	Checks the country's number of researched dangerous technologies	0x348150
0x23af628	362	0x11f080	0x32611c8	18343	num_insight_techs	0x269e328	0x34c090	0x26b3600	Checks the country's number of researched insight technologies	0x348150
0x23af628	363	0x11f0e0	0x32611c8	18344	num_custom_1_techs	0x269e338	0x34c090	0x26b3560	Checks the country's number of researched custom_1 technologies	0x348150
0x23af628	364	0x11f140	0x32611c8	18345	num_custom_2_techs	0x269e348	0x34c090	0x26b3680	Checks the country's number of researched custom_2 technologies	0x348150
0x23af628	365	0x11f1a0	0x32611c8	18346	num_custom_3_techs	0x269e3d8	0x34c090	0x26b33f0	Checks the country's number of researched custom_3 technologies	0x348150
0x23af628	366	0x11f200	0x32611c8	18347	num_repeatable_techs	0x269e3e8	0x34c090	0x26b3500	Checks the country's number of researched repeatable technologies	0x348150
0x23af628	367	0x11f260	0x32611c8	18348	num_researched_techs	0x269e3f8	0x34c090	0x26b3470	Checks the country's number of researched technologies	0x348150
0x23af628	368	0x11f2c0	0x32611c8	18349	num_researched_techs_of_tier	0x269e408	0x34c090	0x26b3230	Checks the country's number of researched technologies of a certain tier	0x348150
0x23af628	369	0x11f320	0x32611c8	18240	is_scope_valid	0x269e398	0x34c090	0x26b31f0	Checks if the current scope is valid	0x348150
0x23af628	370	0x11f380	0x32611c8	18242	is_war_leader	0x269e3a8	0x34c090	0x26b3340	Checks if the country leads in a war	0x348150
0x23af628	371	0x11f3e0	0x32611c8	18001	is_criminal_syndicate	0x269e3b8	0x34c090	0x26b30c0	Checks if the country is a criminal syndicate	0x348150
0x23af628	372	0x11f440	0x32611c8	18245	can_change_policy	0x269e3c8	0x34c090	0x26b3180	Checks if the country can change a specific policy	0x348150
0x23af628	373	0x11f4a0	0x32611c8	18013	can_set_policy	0x269e458	0x34c090	0x26b2eb0	Checks if the country is allowed to set its policy to a specific one using set_policy effect	0x348150
0x23af628	374	0x11f500	0x32611c8	18350	can_research_tier	0x269e468	0x34c090	0x26b3030	Checks whether the country can research a certain tech tier	0x348150
0x23af628	375	0x11f560	0x32611c8	18241	opposing_ethics_divergence	0x269e478	0x34c090	0x26b2f40	Checks how far removed the country/pop group's ethos is from target's	0x348150
0x23af628	376	0x11f5c0	0x32611c8	10287	has_fleet_order	0x269e488	0x34c090	0x26b2ae0	Checks if the ship/fleet has a specific fleet order. Fleet orders include: move_to_system_point_order orbit_planet_order build_orbital_station_order build_space_station_order colonize_planet_order sur	0x348150
0x23af628	377	0x11f620	0x32611c8	18465	is_fleet_idle	0x269e418	0x34c090	0x26b2a78	Checks if the ship/fleet is idle	0x348150
0x23af628	378	0x11f680	0x32611c8	10288	closest_system	0x269e428	0x34c090	0x26b4b50	Finds the closest system within the given hyperlane steps and limit = { <triggers> }. If this system does not exist, it returns false. If it does exist, it is checked against the triggers outside of t	0x348150
0x23af628	379	0x11f6e0	0x32611c8	18248	is_ironman	0x269e438	0x34c090	0x26b4ad0	Check if current game is running in ironman mode	0x348150
0x23af628	380	0x11f740	0x32611c8	18419	is_crises_allowed	0x269e448	0x34c090	0x26b4dc0	Check if current game allows crises	0x348150
0x23af628	381	0x11f7a0	0x32611c8	18420	allowed_crisis_type	0x269dcd8	0x34c090	0x26b4ce0	Checks which crisis is allowed to spawn in the current game	0x348150
0x23af628	382	0x11f800	0x32611c8	18557	lgate_enabled	0x269dce8	0x34c090	0x26b4ca8	Checks if L-Gates are enabled in game setup	0x348150
0x23af628	383	0x11f860	0x32611c8	18250	has_monthly_income	0x269dcf8	0x34c090	0x26b48b0	Checks the country's monthly income of a specific resource	0x348150
0x23af628	384	0x11f8c0	0x32611c8	13448	last_changed_policy	0x269dd08	0x34c090	0x26b4a20	Checks if the last policy changed by the country was a specific policy	0x348150
0x23af628	385	0x11f920	0x32611c8	10002	if	0x269dc98	0x34c090	0x26b4720	Evaluates the triggers if the display_triggers of the limit are met	0x348150
0x23af628	386	0x11f980	0x32611c8	10463	else_if	0x269dc98	0x34c090	0x26b4610	Evaluates the enclosed triggers if the display_triggers of the preceding `if` or `else_if` is not met and its own display_trigger of the limit is met	0x348150
0x23af628	387	0x11f9e0	0x32611c8	18251	else	0x269dc98	0x34c090	0x26b4560	Evaluates the triggers if the display_triggers of preceding 'if' or 'else_if' is not met	0x348150
0x23af628	388	0x11fa40	0x32611c8	10260	switch	0x269dca8	0x34c090	0x26b44c0	Switch case for a trigger	0x348150
0x23af628	389	0x11faa0	0x32611c8	18528	inverted_switch	0x269dcb8	0x34c090	0x26b47f0	Switch case for a trigger treated as NOT.	0x348150
0x23af628	390	0x11fb00	0x32611c8	18253	count_deposits	0x269dcc8	0x34c090	0x26b42c0	Checks the number of deposits on the colony carrier that meet the specified criteria	0x348150
0x23af628	391	0x11fb60	0x32611c8	17979	has_deficit	0x269dd58	0x34c090	0x26b4420	Checks if the country or colony carrier has a deficit of the defined resource. Only populated colonies can have deficits.	0x348150
0x23af628	392	0x11fbc0	0x32611c8	13487	is_species	0x269dd68	0x34c090	0x26b4370	Checks if the pop group/country's founder species is of a specific pre-defined species	0x348150
0x23af628	393	0x11fc20	0x32611c8	18028	has_built_species	0x269dd78	0x34c090	0x26b41a0	Checks if country has a built species defined	0x348150
0x23af628	394	0x11fc80	0x32611c8	18029	is_faction_extorted	0x269dd88	0x34c090	0x26b4150	Checks if the scoped pop faction is extorted	0x348150
0x23af628	395	0x11fce0	0x32611c8	18030	has_extorted_faction	0x269dd18	0x34c090	0x26b4100	Checks if the the country has an extorted faction	0x348150
0x23af628	396	0x11fd40	0x32611c8	13869	is_robot_pop	0x269dd28	0x34c090	0x26b4248	Checks if the pop is a robot	0x348150
0x23af628	397	0x11fda0	0x32611c8	13870	is_robot_pop_group	0x269dd38	0x34c090	0x26b4208	Checks if the pop group is a robot	0x348150
0x23af628	398	0x11fe00	0x32611c8	18257	count_tech_options	0x269dd48	0x34c090	0x26b3ec0	Checks the country's number available tech research options in a specific field	0x348150
0x23af628	399	0x11fe60	0x32611c8	13493	last_increased_tech	0x269ddd8	0x34c090	0x26b3ff0	Checks if the country's last researched technology was a specific tech	0x348150
0x23af628	400	0x11fec0	0x32611c8	14188	is_point_of_interest	0x269dde8	0x34c090	0x26b3cf0	Checks if the planet/country/ship/system/ambient object has a specific point of interest for a specific event chain for a specific country	0x348150
0x23af628	401	0x11ff20	0x32611c8	18259	is_being_repaired	0x269ddf8	0x34c090	0x26b3e50	Checks if the ship/fleet is being repaired	0x348150
0x23af628	402	0x11ff80	0x32611c8	18267	galaxy_percentage	0x269de08	0x34c090	0x26b3b60	Checks if the country has a specific percentage (0.00-1.00) of the galaxy within its borders	0x348150
0x23af628	403	0x11ffe0	0x32611c8	15350	additional_crisis_strength	0x269dd98	0x34c090	0x26b3a80	Checks the degree to which multiply_crisis_strength effect is increasing the strength of endgame crises	0x348150
0x23af628	404	0x120040	0x32611c8	18276	is_in_combat	0x269dda8	0x34c090	0x26b3be0	Checks if the ship/fleet is engaged in combat	0x348150
0x23af628	405	0x1200a0	0x32611c8	18278	is_guaranteeing	0x269ddb8	0x34c090	0x26b5c20	Checks if the country is guaranteeing the independence of target country	0x348150
0x23af628	406	0x120100	0x32611c8	18308	has_migration_access	0x269ddc8	0x34c090	0x26b5d00	Checks if the country has migration access to target country	0x348150
0x23af628	407	0x120160	0x32611c8	18279	is_war_participant	0x269de58	0x34c090	0x26b5860	Checks if target country is participating in the war on the specified side	0x348150
0x23af628	408	0x1201c0	0x32611c8	18313	count_war_participants	0x269de68	0x34c090	0x26b59f0	Checks the number of participants in the war on a specific side that meet the specified criteria	0x348150
0x23af628	409	0x120220	0x32611c8	18314	count_potential_war_participants	0x269de78	0x34c090	0x26b5640	Checks the amount of potential war participants in a specific war that meet the specified criteria	0x348150
0x23af628	410	0x120280	0x32611c8	18311	would_join_war	0x269de88	0x34c090	0x26b54d0	Checks if the country would join the side of target country in a hypothetical war	0x348150
0x23af628	411	0x1202e0	0x32611c8	18514	has_orbital_bombardment	0x269de18	0x34c090	0x26b5430	Checks whether a planet is under bombardment	0x348150
0x23af628	412	0x120340	0x32611c8	18515	has_orbital_bombardment_stance	0x269de28	0x34c090	0x26b5570	Checks to what degree the planet is being bombarded	0x348150
0x23af628	413	0x1203a0	0x32611c8	18310	logged_in_to_pdx_account	0x269de38	0x34c090	0x26b52a0	Checks if the local human is logged in to a Pdx account. This WILL cause an out of sync if used for anything that can change the game state	0x348150
0x23af628	414	0x120400	0x32611c8	13705	has_special_project	0x269de48	0x34c090	0x26b53a0	Checks if the country has a specific special project available	0x348150
0x23af628	415	0x120460	0x32611c8	13706	has_completed_special_project_in_log	0x269ded8	0x34c090	0x26b5040	Checks if the country has completed a specific special project as part of an in-progress event chain	0x348150
0x23af628	416	0x1204c0	0x32611c8	13707	has_failed_special_project_in_log	0x269dee8	0x34c090	0x26b4f80	Checks if the country has failed, timed out or aborted a specific special project as part of an in-progress event chain	0x348150
0x23af628	417	0x120520	0x32611c8	18023	has_background_job	0x269def8	0x34c090	0x26b51f0	Checks if the leader's background contains a specific previous job, or any job if set to yes	0x348150
0x23af628	418	0x120580	0x32611c8	18066	can_work_specific_job	0x269df08	0x34c090	0x26b5130	Checks if the pop group can work a specific job if a vacancy becomes available 	0x348150
0x23af628	419	0x1205e0	0x32611c8	18636	num_assigned_jobs	0x269de98	0x34c090	0x26b4f00	Checks the number of pops the colony or country has that work a specific job.	0x348150
0x23af628	420	0x120640	0x32611c8	18315	has_base_skill	0x269dea8	0x34c090	0x26b4e80	Checks if the leader has a specific base experience level	0x348150
0x23af628	421	0x1206a0	0x32611c8	18316	has_total_skill	0x269deb8	0x34c090	0x26b6b60	Checks if the leader has a specific total (base + effective) experience level	0x348150
0x23af628	422	0x120700	0x32611c8	18317	has_experience	0x269dec8	0x34c090	0x26b6ca0	Checks if the leader has a specific amount of experience	0x348150
0x23af628	423	0x120760	0x32611c8	13866	check_pop_faction_parameter	0x269df58	0x34c090	0x26b6940	Checks if one of the faction's parameters is the same as target scope	0x348150
0x23af628	424	0x1207c0	0x32611c8	18339	host_has_dlc	0x269df68	0x34c090	0x26b6ab8	Checks if the host has a specific DLC enabled	0x348150
0x23af628	425	0x120820	0x32611c8	18340	local_has_dlc	0x269df78	0x34c090	0x26b6838	Checks if the local player has a specific DLC enabled	0x348150
0x23af628	426	0x120880	0x32611c8	18362	has_war_goal	0x269df88	0x34c090	0x26b67e0	Checks if a war goal is set. Only works in diplomatic phrases.	0x348150
0x23af628	427	0x1208e0	0x32611c8	18363	max_naval_capacity	0x269df18	0x34c090	0x26b68a0	Checks the country's max naval capacity in absolute numbers	0x348150
0x23af628	428	0x120940	0x32611c8	18365	used_naval_capacity_percent	0x269df28	0x34c090	0x26b6650	Checks the country's used naval capacity in relative terms (0.00-1.00)	0x348150
0x23af628	429	0x1209a0	0x32611c8	18364	used_naval_capacity_integer	0x269df38	0x34c090	0x26b6780	Checks the country's used naval capacity in absolute numbers	0x348150
0x23af628	430	0x120a00	0x32611c8	18366	max_starbase_capacity	0x269df48	0x34c090	0x26b66f0	Checks the country's max starbase capacity	0x348150
0x23af628	431	0x120a60	0x32611c8	18800	used_starbase_capacity	0x269dfd8	0x34c090	0x26b6460	Checks the country's used starbase capacity in absolute numbers	0x348150
0x23af628	432	0x120ac0	0x32611c8	18368	used_starbase_capacity_percent	0x269dfe8	0x34c090	0x26b6530	Checks the country's used starbase capacity in relative terms (0.00-1.00)	0x348150
0x23af628	433	0x120b20	0x32611c8	18518	command_limit	0x269dff8	0x34c090	0x26b62a0	Checks the country's command limit	0x348150
0x23af628	434	0x120b80	0x32611c8	18370	war_begun_num_fleets_gone_mia	0x269e008	0x34c090	0x26b6330	Checks amount of target country's fleets that went MIA when the war began	0x348150
0x23af628	435	0x120be0	0x32611c8	18377	has_defensive_pact	0x269df98	0x34c090	0x26b5ff0	Checks if the country has a defensive pact with target country	0x348150
0x23af628	436	0x120c40	0x32611c8	18378	calc_true_if	0x269dfa8	0x34c090	0x26b6160	Returns true if the specified number of sub-triggers return true	0x348150
0x23af628	437	0x120ca0	0x32611c8	18380	is_researching_technology	0x269dfb8	0x34c090	0x26b6090	Checks if the country is currently researching a specific technology	0x348150
0x23af628	438	0x120d00	0x32611c8	15461	is_researching_special_project	0x269dfc8	0x34c090	0x26b5ec0	Checks if the country is currently researching a specific special project	0x348150
0x23af628	439	0x120d60	0x32611c8	14171	is_preferred_weapons	0x269e058	0x34c090	0x26b5e00	Checks if the country's AI prefers weapons using this component tag	0x348150
0x23af628	440	0x120dc0	0x32611c8	18381	is_subject	0x269e068	0x34c090	0x26b5f60	Checks if the country is a subject of any other country	0x348150
0x23af628	441	0x120e20	0x32611c8	18074	is_overlord	0x269e078	0x34c090	0x26b7960	Checks if the country is the overlord of any subject countries	0x348150
0x23af628	442	0x120e80	0x32611c8	18397	can_control_access_for	0x269e088	0x34c090	0x26b7a50	Checks if the country is allowed to control target country's border access to the country	0x348150
0x23af628	443	0x120ee0	0x32611c8	17999	has_branch_office	0x269e018	0x34c090	0x26b7870	Check if the colony has a branch office owned by target country/any country/no country	0x348150
0x23af628	444	0x120f40	0x32611c8	18403	has_non_aggression_pact	0x269e028	0x34c090	0x26b7610	Check if the country has a non-aggression pact with target country	0x348150
0x23af628	445	0x120fa0	0x32611c8	17980	has_commercial_pact	0x269e038	0x34c090	0x26b7700	Check if the country has a commercial pact with target country	0x348150
0x23af628	446	0x121000	0x32611c8	16565	has_waystation_pact	0x269e048	0x34c090	0x26b7440	Check if the country has a Waystation Pact with target country	0x348150
0x23af628	447	0x121060	0x32611c8	18667	has_embassy	0x269d8e8	0x34c090	0x26b7530	Check if the country has an embassy with the target country	0x348150
0x23af628	448	0x1210c0	0x32611c8	18332	has_association_status	0x269d8f8	0x34c090	0x26b7280	Check if the country has federation association status with target country	0x348150
0x23af628	449	0x121120	0x32611c8	18394	has_closed_borders	0x269d908	0x34c090	0x26b7370	Check if the country has closed its borders to target country	0x348150
0x23af628	450	0x121180	0x32611c8	18382	log	0x269d918	0x34c090	0x26b7310	Prints a message to game.log for debugging purposes	0x348150
0x23af628	451	0x1211e0	0x32611c8	18409	can_join_factions	0x269d8a8	0x34c090	0x26b7080	Checks if scoped pop group can join a faction	0x348150
0x23af628	452	0x121240	0x32611c8	18422	is_custom_capital_location	0x269d8b8	0x34c090	0x26b7170	Checks if the spatial object is its owner's custom capital location	0x348150
0x23af628	453	0x1212a0	0x32611c8	18258	has_point_of_interest	0x269d8c8	0x34c090	0x26b70d0	Checks if the scoped country has a specific point of interest in its situation log	0x348150
0x23af628	454	0x121300	0x32611c8	18434	num_species	0x269d8d8	0x34c090	0x26b6f80	Checks if the number of species on a planet, in an empire or in a pop faction is according to the argument. Does not count genetically modified species as unique.	0x348150
0x23af628	455	0x121360	0x32611c8	18435	num_unique_species	0x269d968	0x34c090	0x26b6ec0	Checks if the number of species on a planet, in an empire or in a pop faction is according to the argument. Counts genetically modified species as unique.	0x348150
0x23af628	456	0x1213c0	0x32611c8	18436	has_diplo_migration_treaty	0x269d978	0x34c090	0x26b6d20	Checks if two countries have a migration treaty.	0x348150
0x23af628	457	0x121420	0x32611c8	14316	has_research_agreement	0x269d988	0x34c090	0x26b6e00	Checks if two countries have a research agreement.	0x348150
0x23af628	458	0x121480	0x32611c8	18016	won_the_game	0x269d998	0x34c090	0x26b6dc0	Checks if scoped country won the game	0x348150
0x23af628	459	0x1214e0	0x32611c8	18437	has_presence	0x269d928	0x34c090	0x26b8820	Checks if a system contains any fleets, stations, mega structures or colonized planets.	0x348150
0x23af628	460	0x121540	0x32611c8	14252	has_megastructure	0x269d938	0x34c090	0x26b88e0	Checks if a country or star has a mega structure.	0x348150
0x23af628	461	0x1215a0	0x32611c8	18438	is_megastructure_type	0x269d948	0x34c090	0x26b8640	Compares the type of scope's mega structure to a type from the database.	0x348150
0x23af628	462	0x121600	0x32611c8	18440	can_be_upgraded	0x269d958	0x34c090	0x26b8770	Checks if the scope's fleet, ship, starbase or megastructure can be upgraded.	0x348150
0x23af628	463	0x121660	0x32611c8	18439	is_upgrading	0x269d9e8	0x34c090	0x26b86d0	Checks if the scope's fleet or mega structure is currently upgrading.	0x348150
0x23af628	464	0x1216c0	0x32611c8	14334	upgrade_days_left	0x269d9f8	0x34c090	0x26b8500	Checks how many days an upgrading megastructure will take to complete its upgrade.	0x348150
0x23af628	465	0x121720	0x32611c8	18441	relative_power	0x269da08	0x34c090	0x26b8270	Compares relative power between two countries. relative_power = { who = <target country> category = <fleet/economy/technology/all> value ><= <pathetic/inferior/equivalent/superior/overwhelming>	0x348150
0x23af628	466	0x121780	0x32611c8	18442	has_tradition	0x269da18	0x34c090	0x26b83b0	Checks if a country has the given tradition.	0x348150
0x23af628	467	0x1217e0	0x32611c8	18455	has_ascension_perk	0x269d9a8	0x34c090	0x26b8100	Checks if a country has the given ascension perk.	0x348150
0x23af628	468	0x121840	0x32611c8	18415	has_active_tradition	0x269d9b8	0x34c090	0x26b7fe0	Checks if a country has the given tradition or tradition swap. Tradition specified must be the one giving effects, i.e. tradition swaps with 'inherit_effects = yes' are ignored and the base tradition 	0x348150
0x23af628	469	0x1218a0	0x32611c8	14372	has_any_megastructure	0x269d9c8	0x34c090	0x26b8200	Checks if the scope has a megastructure	0x348150
0x23af628	470	0x121900	0x32611c8	18534	built_on_planet	0x269d9d8	0x34c090	0x26b8160	Checks if the scoped megastructure is built on a planet	0x348150
0x23af628	471	0x121960	0x32611c8	18456	num_ascension_perks	0x269da68	0x34c090	0x26b7e50	Compares the number of AP points the country has spent with the given value	0x348150
0x23af628	472	0x1219c0	0x32611c8	18464	num_ascension_perk_slots	0x269da68	0x34c090	0x26b7f30	Compares the number of unlocked ascension perk slots of the scope with the given value	0x348150
0x23af628	473	0x121a20	0x32611c8	18017	planet_stability	0x269da78	0x34c090	0x26b7d50	Compares the stability present on the planet with the given value	0x348150
0x23af628	474	0x121a80	0x32611c8	18019	planet_crime	0x269da88	0x34c090	0x26b7ce0	Compares the crime present on the planet with the given value	0x348150
0x23af628	475	0x121ae0	0x32611c8	18468	has_authority	0x269da98	0x34c090	0x26b7dc0	Checks if the current country has the specified government authority	0x348150
0x23af628	476	0x121b40	0x32611c8	18467	has_civic	0x269da28	0x34c090	0x26b7b70	Checks if the current country has the specified civic	0x348150
0x23af628	477	0x121ba0	0x32611c8	18412	num_pops_assigned_to_job	0x269da38	0x34c090	0x26b7c00	Checks the number of pops assigned to the job (in total or from a specific pop group)	0x348150
0x23af628	478	0x121c00	0x32611c8	18413	has_valid_civic	0x269da48	0x34c090	0x26b98f0	Checks if the current country has a certain civic and if its validated	0x348150
0x23af628	479	0x121c60	0x32611c8	17987	has_civic_in_slot	0x269da58	0x34c090	0x26b9a10	Checks if the country has a civic in a slot 	0x348150
0x23af628	480	0x121cc0	0x32611c8	18469	has_invalid_civic	0x269dae8	0x34c090	0x26b9960	Checks if the current country has a certain civic and if its invalidated	0x348150
0x23af628	481	0x121d20	0x32611c8	18466	debug_break	0x269daf8	0x34c090	0x26b9690	Trigger an assertion to stop the debugger when encountering this trigger; returns the value it is assigned	0x348150
0x23b0540	0	0x121da0	0x32611c8	18473	count_species	0x269db08	0x34c090	0x26b97c0	Counts the number of species in the scope that fulfill the specified criteria, not counting sub-species as unique.	0x348150
0x23b0540	1	0x121e00	0x32611c8	18474	count_exact_species	0x269daa8	0x34c090	0x26b9710	Counts the number of species in the scope that fulfill the specified criteria, counting sub-species as unique.	0x348150
0x23b0540	2	0x121e60	0x32611c8	18475	is_constructing	0x269dab8	0x34c090	0x26b94e0	Checks if the scoped construction ship is building the specified thing	0x348150
0x23b0540	3	0x121ec0	0x32611c8	18479	has_component	0x269dac8	0x34c090	0x26b9400	Checks if a ship has a certain component	0x348150
0x23b0540	4	0x121f20	0x32611c8	18480	has_notification_modifier	0x269dad8	0x34c090	0x26b93a0	Checks if a country has a certain notification modifier	0x348150
0x23b0540	5	0x121f80	0x32611c8	18481	pop_maintenance_cost	0x269db58	0x34c090	0x26b92f0	Checks the maintenance costs of a pop group	0x348150
0x23b0540	6	0x121fe0	0x32611c8	18485	conditional_tooltip	0x269db68	0x34c090	0x26b9250	The enclosed trigger will be completely ignored if the condition in "trigger" isn't true. Useful to hide part of tooltips that are not relevant.	0x348150
0x23b0540	7	0x122040	0x32611c8	18489	has_claim	0x269db78	0x34c090	0x26b8f90	Checks if the country has claims on the given country or system.	0x348150
0x23b0540	8	0x1220a0	0x32611c8	15674	has_potential_claims	0x269db88	0x34c090	0x26b8f30	Checks if the country has any potential claims they can make.	0x348150
0x23b0540	9	0x122100	0x32611c8	18325	has_auto_move_target	0x269db18	0x34c090	0x26b8ed0	Checks if the fleet/ship has an active auto-move target set	0x348150
0x23b0540	10	0x122160	0x32611c8	18520	has_hyperlane_to	0x269db28	0x34c090	0x26b8cc0	Checks if the system has a hyperlane connection to target system	0x348150
0x23b0540	11	0x1221c0	0x32611c8	18529	is_scope_set	0x269db38	0x34c090	0x26b8c70	Checks if the scope is set for appropriate target	0x348150
0x23b0540	12	0x122220	0x32611c8	18425	resource_stockpile_compare	0x269db48	0x34c090	0x26b8d80	Checks specific resource stockpile for the country/ship scope:	0x348150
0x23b0540	13	0x122280	0x32611c8	18426	resource_stockpile_percent	0x269dbd8	0x34c090	0x26b8960	Checks what fraction of the country's storage cap for a resource is currently filled (0.00-1.00).	0x348150
0x23b0540	14	0x1222e0	0x32611c8	18427	used_stockpile_capacity_percentage	0x269dbe8	0x34c090	0x26b8b10	Checks the used percentage (0.00-1.00) of the ship's or starbase's local stockpile capacity. If over capacity, returns 1.	0x348150
0x23b0540	15	0x122340	0x32611c8	18429	resource_income_compare	0x269dbf8	0x34c090	0x26ba8d0	Checks specific resource income value for the country scope (note: checks profit minus loss, not revenue):	0x348150
0x23b0540	16	0x1223a0	0x32611c8	18430	resource_expenses_compare	0x269dc08	0x34c090	0x26ba6d0	Checks specific resource expenses value for the country scope:	0x348150
0x23b0540	17	0x122400	0x32611c8	18431	resource_revenue_compare	0x269db98	0x34c090	0x26ba5e0	Checks specific resource revenue value for the country scope:	0x348150
0x23b0540	18	0x122460	0x32611c8	18424	resource_income_to_expenditure_balance_ratio	0x269dba8	0x34c090	0x26ba490	Checks ratio between the country's income and expenditures for a specific resource. E.g. if it makes 80 energy and spends 100, its ratio is 0.8.	0x348150
0x23b0540	19	0x1224c0	0x32611c8	18428	planet_resource_compare	0x269dbb8	0x34c090	0x26ba280	Checks specific resource value for scoped colony. Warning: performance-intensive trigger!	0x348150
0x23b0540	20	0x122520	0x32611c8	18536	controlled_systems	0x269dbc8	0x34c090	0x26ba1f0	Checks the country's or sector's number of owned systems	0x348150
0x23b0540	21	0x122580	0x32611c8	18537	exploitable_planets	0x269dc58	0x34c090	0x26ba390	Checks the country has planets that are unexploited (i.e. orbital stations can be built on them)	0x348150
0x23b0540	22	0x1225e0	0x32611c8	18538	controlled_colonizable	0x269dc68	0x34c090	0x26ba090	Returns the number of planets within the current country's borders that are habitable but have not been colonized	0x348150
0x23b0540	23	0x122640	0x32611c8	18539	ai_colonize_plans	0x269dc78	0x34c090	0x26ba010	Checks how many plans the AI have for colonization (lighter than controlled_colonizable for AI)	0x348150
0x23b0540	24	0x1226a0	0x32611c8	18540	ai_terraform_plans	0x269dc88	0x34c090	0x26ba180	Checks how many plans the AI have for terraforming	0x348150
0x23b0540	25	0x122700	0x32611c8	18541	scientist_count	0x269dc18	0x34c090	0x26b9ef0	Checks the country's number of scientists	0x348150
0x23b0540	26	0x122760	0x32611c8	15759	civics_count	0x269dc28	0x34c090	0x26b9e80	Checks the country's number of civics	0x348150
0x23b0540	27	0x1227c0	0x32611c8	18542	has_ai_expansion_plan	0x269dc38	0x34c090	0x26b9f70	Checks if the country AI has any plans to expand	0x348150
0x23b0540	28	0x122820	0x32611c8	18547	has_rival	0x269dc48	0x34c090	0x26b9d50	Checks if the target country is the country's rival	0x348150
0x23b0540	29	0x122880	0x32611c8	18548	has_subject	0x269d4e8	0x34c090	0x26b9e00	Checks if the target country is a subject of the current country.	0x348150
0x23b0540	30	0x1228e0	0x32611c8	18549	has_overlord	0x269d4f8	0x34c090	0x26b9bd0	Checks if the target country is the country's overlord	0x348150
0x23b0540	31	0x122940	0x32611c8	18550	has_any_overlord	0x269d508	0x34c090	0x26b9cd0	Checks if the country has an overlord	0x348150
0x23b0540	32	0x1229a0	0x32611c8	18546	highest_threat	0x269d518	0x34c090	0x26b9c50	Checks the country's highest threat against it	0x348150
0x23b0540	33	0x122a00	0x32611c8	18372	has_active_event	0x269d4a8	0x34c090	0x26b9ab0	Checks if country has active events:	0x348150
0x23b0540	34	0x122a60	0x32611c8	18068	is_archetype	0x269d4b8	0x34c090	0x26b9b60	Checks if species has specified archetype:	0x348150
0x23b0540	35	0x122ac0	0x32611c8	15582	is_scope_type	0x269d4c8	0x34c090	0x26bb570	Checks currently in the specified scope:	0x348150
0x23b0540	36	0x122b20	0x32611c8	18554	has_relic	0x269d4d8	0x34c090	0x26bb7c0	Checks if the scoped country has the specified relic	0x348150
0x23b0540	37	0x122b80	0x32611c8	15703	last_received_relic	0x269d568	0x34c090	0x26bb720	Checks if the specified relic was the last received one 	0x348150
0x23b0540	38	0x122be0	0x32611c8	15556	last_activated_relic	0x269d578	0x34c090	0x26bb420	Checks if the specified relic was the last activated one 	0x348150
0x23b0540	39	0x122c40	0x32611c8	15702	last_lost_relic	0x269d588	0x34c090	0x26bb390	Checks if the specified relic was the last lost one 	0x348150
0x23b0540	40	0x122ca0	0x32611c8	18555	caravaneers_enabled	0x269d598	0x34c090	0x26bb360	Checks if Caravaneers are enabled in game setup	0x348150
0x23b0540	41	0x122d00	0x32611c8	18632	has_current_purge	0x269d528	0x34c090	0x26bb4a0	Checks if any pops are being purged on the current planet.	0x348150
0x23b0540	42	0x122d60	0x32611c8	18629	pop_has_happiness	0x269d538	0x34c090	0x26bb1c0	Checks if the current pop has happiness or not.	0x348150
0x23b0540	43	0x122dc0	0x32611c8	18630	pop_group_has_happiness	0x269d548	0x34c090	0x26bb160	Checks if the current pop group has happiness or not.	0x348150
0x23b0540	44	0x122e20	0x32611c8	18631	pop_group_size	0x269d558	0x34c090	0x26bb2f0	Checks if the size of the pop group is according to the argument.	0x348150
0x23b0540	45	0x122e80	0x32611c8	18633	species_has_happiness_with_owner	0x269d5e8	0x34c090	0x26bb260	Checks if the current species has happiness or not when owned by a specified country.	0x348150
0x23b0540	46	0x122ee0	0x32611c8	17986	num_owned_relics	0x269d5f8	0x34c090	0x26bafd0	Checks the number of relics owned by the scoped country	0x348150
0x23b0540	47	0x122f40	0x32611c8	18603	has_origin	0x269d608	0x34c090	0x26bb0f0	Checks if scoped country has specified origin	0x348150
0x23b0540	48	0x122fa0	0x32611c8	18146	num_envoys_to_federation	0x269d618	0x34c090	0x26bb050	Checks the country's number of envoys sent to its federation	0x348150
0x23b0540	49	0x123000	0x32611c8	18147	num_envoys_to_galcom	0x269d5a8	0x34c090	0x26bae30	Checks the country's number of envoys sent to the galactic community	0x348150
0x23b0540	50	0x123060	0x32611c8	11099	num_favors	0x269d5b8	0x34c090	0x26baef0	Check amount of favors that scoped country can collect from target country:	0x348150
0x23b0540	51	0x1230c0	0x32611c8	18186	num_fallen_empires_setting	0x269d5c8	0x34c090	0x26bacb0	Checks the number of fallen empires defined in setup	0x348150
0x23b0540	52	0x123120	0x32611c8	17919	fallen_empire_strength_scale	0x269d5d8	0x34c090	0x26badb8	Checks Fallen / Awakened Empire strength scaling in game setup	0x348150
0x23b0540	53	0x123180	0x32611c8	18615	num_ai_empires_setting	0x269d668	0x34c090	0x26bad30	Checks the number of AI empires defined in setup	0x348150
0x23b0540	54	0x1231e0	0x32611c8	18627	galaxy_size	0x269d678	0x34c090	0x26bab50	Checks whether the galaxy size if of a certain type	0x348150
0x23b0540	55	0x123240	0x32611c8	18628	galaxy_shape	0x269d688	0x34c090	0x26babe0	Checks whether the galaxy shape if of a certain shape	0x348150
0x23b0540	56	0x1232a0	0x32611c8	18634	num_planets_in_system	0x269d698	0x34c090	0x26baa20	Checks the solar system's total number of planets	0x348150
0x23b0540	57	0x123300	0x32611c8	18635	num_galaxy_systems	0x269d628	0x34c090	0x26bab00	Checks number of star systems in the galaxy	0x348150
0x23b0540	58	0x123360	0x32611c8	16644	name_list_category	0x269d638	0x34c090	0x26bccc0	Checks if a specific name list is used for the a species during empire creation	0x348150
0x23b0540	59	0x1233c0	0x32611c8	18675	is_offer_terms_actual	0x269d648	0x34c090	0x26bc8c0	Checks if terms of the special offer between scoped and target countries is not obsolete	0x348150
0x23b0540	60	0x123420	0x32611c8	18676	can_afford_special_offer	0x269d658	0x34c090	0x26bcb00	Checks if the scoped country can afford the offer given by the target country. Only works in certain parts of the script marked with ai_trade_facility.	0x348150
0x23b0540	61	0x123480	0x32611c8	18255	count_species_traits	0x269d6e8	0x34c090	0x26bca40	Checks the number of unique traits within the set parameters on a species or pop group	0x348150
0x23b0540	62	0x1234e0	0x32611c8	18692	is_on_galaxy_map	0x269d6f8	0x34c090	0x26bc9f0	Checks if the current player is currently viewing the galaxy map.	0x348150
0x23b0540	63	0x123540	0x32611c8	18693	is_paused	0x269d708	0x34c090	0x26bc9b8	Checks if the current player is currently paused.	0x348150
0x23b0540	64	0x1235a0	0x32611c8	10656	is_orbiting_star	0x269d718	0x34c090	0x26bc778	Checks if a ship is orbiting a star	0x348150
0x23b0540	65	0x123600	0x32611c8	17289	must_scavenge	0x269d6a8	0x34c090	0x26bc730	Checks if the debris is set as "must scavenge"	0x348150
0x23b0540	66	0x123660	0x32611c8	17291	must_research	0x269d6b8	0x34c090	0x26bc6e0	Checks if the debris is set as "must research"	0x348150
0x23b0540	67	0x1236c0	0x32611c8	18744	uses_ship_category	0x269d6c8	0x34c090	0x26bc650	Checks if the graphical culture used by the scoped country allows for usage of a given ship category	0x348150
0x23b0540	68	0x123720	0x32611c8	18758	is_default_species	0x269d6d8	0x34c090	0x26bc7c0	checks if the scoped country has the target species set a default for its species group.	0x348150
0x23b0540	69	0x123780	0x32611c8	18798	ai_armor_ratio	0x269d768	0x34c090	0x26bc500	Checks the armor_ratio of the ai personality of the scoped country.	0x348150
0x23b0540	70	0x1237e0	0x32611c8	18799	ai_shields_ratio	0x269d778	0x34c090	0x26bc5e0	Checks the shields_ratio of the ai personality of the scoped country.	0x348150
0x23b0540	71	0x123840	0x32611c8	17848	is_nomadic	0x269d788	0x34c090	0x26bc590	Checks if the country is nomadic	0x348150
0x23b0540	72	0x1238a0	0x32611c8	14017	galaxy_radius	0x269d798	0x34c090	0x26bc270	Checks the radius of the galaxy as it was calculated when generating the map.	0x348150
0x23b0540	73	0x123900	0x32611c8	18673	has_term_value	0x269d728	0x34c090	0x26bc200	Checks if the agreement has a specific term	0x348150
0x23b0540	74	0x123960	0x32611c8	18674	is_action_active	0x269d738	0x34c090	0x26bc130	Check if a trade action is already active in a trade deal with the specified empire (or with any empire if so specified)	0x348150
0x23b0540	75	0x1239c0	0x32611c8	18506	has_specialist_perk	0x269d748	0x34c090	0x26bc460	Checks if the agreement has a specific specialist perk active	0x348150
0x23b0540	76	0x123a20	0x32611c8	18507	has_active_specialization	0x269d758	0x34c090	0x26bc3b0	Checks if the agreement has an active specialization of the specified type, or of any type if 'any' is specified	0x348150
0x23b0540	77	0x123a80	0x32611c8	18508	specialist_tier	0x269d7e8	0x34c090	0x26bc350	Checks the specialization tier of the subject of the agreement.	0x348150
0x23b0540	78	0x123ae0	0x32611c8	10933	agreement_preset	0x269d7f8	0x34c090	0x26bc2f0	Checks if the agreement has the specified preset	0x348150
0x23b0540	79	0x123b40	0x32611c8	16787	has_loyalty	0x269d808	0x34c090	0x26bbf70	Checks the subject's current loyalty to its overlord.	0x348150
0x23b0540	80	0x123ba0	0x32611c8	16788	has_monthly_loyalty	0x269d818	0x34c090	0x26bbf10	Checks the subject's current monthly loyalty gain/loss.	0x348150
0x23b0540	81	0x123c00	0x32611c8	18543	ai_wants_to_negotiate_agreement	0x269d7a8	0x34c090	0x26bbec0	Checks if the country AI wants to renegotiate any existing agreements	0x348150
0x23b0540	82	0x123c60	0x32611c8	18563	is_site_last_die_result	0x269d7b8	0x34c090	0x26bbe78	Compares the last dice roll.	0x348150
0x23b0540	83	0x123cc0	0x32611c8	18573	is_site_current_stage_score	0x269d7c8	0x34c090	0x26bc0d0	Compares the current stage discovery score.	0x348150
0x23b0540	84	0x123d20	0x32611c8	18574	is_site_current_stage_score_no_die	0x269d7d8	0x34c090	0x26bc050	Compares the current stage discovery score excluding the current die roll.	0x348150
0x23b0540	85	0x123d80	0x32611c8	18564	is_current_stage_difficulty	0x269d868	0x34c090	0x26bc000	Compares the current stage difficulty.	0x348150
0x23b0540	86	0x123de0	0x32611c8	18565	is_site_at_stage	0x269d878	0x34c090	0x26bbfc0	Compares the current stage index.	0x348150
0x23b0540	87	0x123e40	0x32611c8	18566	is_current_stage_clues	0x269d888	0x34c090	0x26bbcd0	Compares the current stage clues.	0x348150
0x23b0540	88	0x123ea0	0x32611c8	18567	is_site_days_to_next_die_roll	0x269d898	0x34c090	0x26bbc80	Compares days to next die roll.	0x348150
0x23b0540	89	0x123f00	0x32611c8	18568	is_site_last_excavator	0x269d828	0x34c090	0x26bbc30	Checks last excavating country.	0x348150
0x23b0540	90	0x123f60	0x32611c8	18569	is_site_type	0x269d838	0x34c090	0x26bbbe0	Checks the type of the site.	0x348150
0x23b0540	91	0x123fc0	0x32611c8	18570	is_site_completed	0x269d848	0x34c090	0x26bbe30	Checks if the site has been completed.	0x348150
0x23b0540	92	0x124020	0x32611c8	18571	is_site_under_excavation	0x269d858	0x34c090	0x26bbdd0	Checks if the site is currently being excavated.	0x348150
0x23b0540	93	0x124080	0x32611c8	18572	is_site_locked	0x269d0e8	0x34c090	0x26bbd70	Checks if an archaeological site has progression locked or not.	0x348150
0x23b0540	94	0x1240e0	0x32611c8	18575	is_current_excavator_fleet	0x269d0f8	0x34c090	0x26bbd20	Checks current excavator fleet.	0x348150
0x23b0540	95	0x124140	0x32611c8	18604	is_last_lost_relic	0x269d108	0x34c090	0x26bb970	Checks whether the relic passed in parameter is the last relic lost by the country int the current scope.	0x348150
0x23b0540	96	0x1241a0	0x32611c8	18605	is_last_received_relic	0x269d118	0x34c090	0x26bb8d0	Checks whether the relic passed in parameter is the last relic received by the country int the current scope.	0x348150
0x23b0540	97	0x124200	0x32611c8	18277	is_in_frontline	0x269d0a8	0x34c090	0x26bb870	Checks if the army is currently in the frontline of a combat	0x348150
0x23b0540	98	0x124260	0x32611c8	18704	has_asteroid_belt	0x269d0b8	0x34c090	0x26bb810	Returns true if the scoped galactic object has an asteroid belt.	0x348150
0x23b0540	99	0x1242c0	0x32611c8	18488	has_astral_rift	0x269d0c8	0x34c090	0x26bbb80	Returns true if the scopes system contains at least one astral rift	0x348150
0x23b0540	100	0x124320	0x32611c8	18487	is_astral_rift_pool_empty	0x269d0d8	0x34c090	0x26bbb20	Returns true if the astral rift starting event pool is empty	0x348150
0x23b0540	101	0x124380	0x32611c8	18695	is_astral_rift_explored	0x269d168	0x34c090	0x26bbaa0	Returns true if the astral rift with the given id is or was explored by the scoped country	0x348150
0x23b0540	102	0x1243e0	0x32611c8	18051	has_astral_rift_flag	0x269d178	0x34c090	0x26bba00	Checks if the astral rift has a specific flag	0x348150
0x23b0540	103	0x124440	0x32611c8	18686	triumph_days_left	0x269d188	0x34c090	0x26bdbf0	Checks the number of days left for the Relics Triumph	0x348150
0x23b0540	104	0x1244a0	0x32611c8	18687	astral_rift_relative_difficulty	0x269d198	0x34c090	0x26bdb60	Checks the difference between an explorer's level and an Astral Rift current difficulty	0x348150
0x23b0540	105	0x124500	0x32611c8	18694	astral_rifts_completed	0x269d128	0x34c090	0x26bdb00	Return how many Astral Rifts were completed by the country	0x348150
0x23b0540	106	0x124560	0x32611c8	18500	owns_any_bypass	0x269d138	0x34c090	0x26bdc40	Checks if the scoped country controls any system containing a bypass of a specific type	0x348150
0x23b0540	107	0x1245c0	0x32611c8	18498	has_seen_any_bypass	0x269d148	0x34c090	0x26bd930	Checks the scoped country has ever encountered a bypass of a given type before	0x348150
0x23b0540	108	0x124620	0x32611c8	18499	has_seen_specific_bypass	0x269d158	0x34c090	0x26bda10	Checks the scoped country has encountered a specific bypass before	0x348150
0x23b0540	109	0x124680	0x32611c8	18490	num_active_gateways	0x269d1e8	0x34c090	0x26bd7c0	Checks the number of active gateways in the galaxy	0x348150
0x23b0540	110	0x1246e0	0x32611c8	18504	num_owned_active_gateways	0x269d1f8	0x34c090	0x26bd8b0	Checks the number of active gateways owned by the scoped country	0x348150
0x23b0540	111	0x124740	0x32611c8	18486	has_natural_wormhole	0x269d208	0x34c090	0x26bd810	Returns true if the scopes system contains at least one natural wormhole	0x348150
0x23b0540	112	0x1247a0	0x32611c8	16921	can_lock_be_renewed	0x269d218	0x34c090	0x26bd5b0	Returns true if the Bypass Lock can be renewed	0x348150
0x23b0540	113	0x124800	0x32611c8	18696	is_bypass_type	0x269d1a8	0x34c090	0x26bd560	Returns true if the scope bypass is of type <type>	0x348150
0x23b0540	114	0x124860	0x32611c8	18698	has_lock	0x269d1b8	0x34c090	0x26bd6b0	Returns true if the bypass is locked by a dimensional lock	0x348150
0x23b0540	115	0x1248c0	0x32611c8	18502	has_casus_belli	0x269d1c8	0x34c090	0x26bd470	Checks if the country has a valid casus belli (any casus belli or a specific one) on the given country.	0x348150
0x23b0540	116	0x124920	0x32611c8	18811	carrier_is_type	0x269d1d8	0x34c090	0x26bd1d0	Checks if the carrier is of a specific type	0x348150
0x23b0540	117	0x124980	0x32611c8	18797	is_system_locked	0x269d268	0x34c090	0x26bd320	Checks if the scoped fleet/carrier is locked in its current system.	0x348150
0x23b0540	118	0x1249e0	0x32611c8	18709	has_storm_flag	0x269d278	0x34c090	0x26bd280	Checks if the cosmic storm has a specific flag	0x348150
0x23b0540	119	0x124a40	0x32611c8	18705	cosmic_storm_system_influence	0x269d288	0x34c090	0x26bd248	Checks the systems total cosmic storm influence	0x348150
0x23b0540	120	0x124aa0	0x32611c8	18708	is_influence_center	0x269d298	0x34c090	0x26bcf10	Checks if the planet is colonized (in planet scope) or the system has an owner (in system scope)	0x348150
0x23b0540	121	0x124b00	0x32611c8	17208	is_inside_storm	0x269d228	0x34c090	0x26bd120	Checks if the system is inside any storm or a specific storm type.	0x348150
0x23b0540	122	0x124b60	0x32611c8	18711	has_environmental_effects	0x269d238	0x34c090	0x26bd0e0	Checks if a star system has any environmental effects	0x348150
0x23b0540	123	0x124bc0	0x32611c8	18714	num_cosmic_storms_encountered	0x269d248	0x34c090	0x26bd040	Returns the amount of all storms the country was affected by. Storms that leave stop affecting the country to return to it later are counted as multiple	0x348150
0x23b0540	124	0x124c20	0x32611c8	18715	num_unique_cosmic_storms_encountered	0x269d258	0x34c090	0x26bcfa0	Returns the amount of all unique storms the country was affected by. Storms that leave stop affecting the country to return to it later are counted as one	0x348150
0x23b0540	125	0x124c80	0x32611c8	18716	num_storm_exploitation_buildings	0x269d2e8	0x34c090	0x26bce50	Checks the number of cosmic storm exploitation buildings with positive effects on a country	0x348150
0x23b0540	126	0x124ce0	0x32611c8	17221	is_on_border	0x269d2f8	0x34c090	0x26bce20	Checks if the system is on a countries border	0x348150
0x23b0540	127	0x124d40	0x32611c8	10670	cosmic_storm_influence_value	0x269d308	0x34c090	0x26beb68	Returns the amount of influence on a system	0x348150
0x23b0540	128	0x124da0	0x32611c8	18718	is_storm_active_in_storm_sector	0x269d318	0x34c090	0x26bea90	Checks if there is currently a storm active within the storm sector that this system belongs to. The galaxy is split up in multiple storm sectors, which we use to avoid spawning storms too close to ea	0x348150
0x23b0540	129	0x124e00	0x32611c8	18701	num_cosmic_storms	0x269d2a8	0x34c090	0x26bea50	Checks the amount of currently active cosmic storms.	0x348150
0x23b0540	130	0x124e60	0x32611c8	18719	num_cosmic_storm_early_game_spawn_chance_scale_setting	0x269d2b8	0x34c090	0x26bec10	Checks the spawn storm chance scale in early game for cosmic storms	0x348150
0x23b0540	131	0x124ec0	0x32611c8	18720	num_cosmic_storm_mid_game_spawn_chance_scale_setting	0x269d2c8	0x34c090	0x26be8e0	Checks the spawn storm chance scale in mid game for cosmic storms	0x348150
0x23b0540	132	0x124f20	0x32611c8	18721	num_cosmic_storm_late_game_spawn_chance_scale_setting	0x269d2d8	0x34c090	0x26be820	Checks the spawn storm chance scale in late game for cosmic storms	0x348150
0x23b0540	133	0x124f80	0x32611c8	18722	num_cosmic_storm_early_game_spawn_max_cap_setting	0x269d368	0x34c090	0x26be960	Checks the spawn storm max cap in early game for cosmic storms	0x348150
0x23b0540	134	0x124fe0	0x32611c8	18723	num_cosmic_storm_mid_game_spawn_max_cap_setting	0x269d378	0x34c090	0x26be6d0	Checks the spawn storm max cap in mid game for cosmic storms	0x348150
0x23b0540	135	0x125040	0x32611c8	18724	num_cosmic_storm_late_game_spawn_max_cap_setting	0x269d388	0x34c090	0x26be7e0	Checks the spawn storm max cap in late game for cosmic storms	0x348150
0x23b0540	136	0x1250a0	0x32611c8	18725	num_cosmic_storm_spawn_cooldown_scale_setting	0x269d398	0x34c090	0x26be748	Checks the spawn storm cooldown scale for cosmic storms	0x348150
0x23b0540	137	0x125100	0x32611c8	18726	is_storm_type	0x269d328	0x34c090	0x26be550	Checks if the scoped Cosmic Storm's type is equal to <type>	0x348150
0x23b0540	138	0x125160	0x32611c8	18626	num_truces	0x269d338	0x34c090	0x26be610	Checks the number of truces country has	0x348150
0x23b0540	139	0x1251c0	0x32611c8	18616	num_defensive_pacts	0x269d348	0x34c090	0x26be420	Checks the number of defensive pacts the current country has.	0x348150
0x23b0540	140	0x125220	0x32611c8	18617	num_support_independence	0x269d358	0x34c090	0x26be350	Checks the number of empires the current country is supporting the independence of.	0x348150
0x23b0540	141	0x125280	0x32611c8	18618	num_guarantees	0x269d3e8	0x34c090	0x26be4a0	Checks the number of empires the current country is guaranteeing.	0x348150
0x23b0540	142	0x1252e0	0x32611c8	18619	num_non_aggression_pacts	0x269d3f8	0x34c090	0x26be1c0	Checks the number of non-aggression pacts the current country has.	0x348150
0x23b0540	143	0x125340	0x32611c8	18620	num_commercial_pacts	0x269d408	0x34c090	0x26be2f0	Checks the number of commercial pacts the current country has.	0x348150
0x23b0540	144	0x1253a0	0x32611c8	18621	num_waystation_pacts	0x269d418	0x34c090	0x26be250	Checks the number of waystation pacts the current country has.	0x348150
0x23b0540	145	0x125400	0x32611c8	18622	num_research_agreements	0x269d3a8	0x34c090	0x26be030	Checks the number of research agreements a country has	0x348150
0x23b0540	146	0x125460	0x32611c8	18623	num_migration_pacts	0x269d3b8	0x34c090	0x26be100	Checks the number of migration pacts a country has	0x348150
0x23b0540	147	0x1254c0	0x32611c8	18624	num_rivals	0x269d3c8	0x34c090	0x26bddd8	Checks the number of rivalries a country has	0x348150
0x23b0540	148	0x125520	0x32611c8	18625	num_closed_borders	0x269d3d8	0x34c090	0x26bdd40	Checks the number of countries the country has closed borders to	0x348150
0x23b0540	149	0x125580	0x32611c8	18476	has_secret_fealty_from_subject_of	0x269d468	0x34c090	0x26bdf80	Checks if the country has a secret fealty from any of the target country's subjects	0x348150
0x23b0540	150	0x1255e0	0x32611c8	18513	has_secret_fealty_with	0x269d478	0x34c090	0x26bdf00	Checks if the country has a secret fealty with the other country (in either direction)	0x348150
0x23b0540	151	0x125640	0x32611c8	16712	is_under_societal_enlightenment	0x269d488	0x34c090	0x26bdea0	Checks if country is under societal enlightenment	0x348150
0x23b0540	152	0x1256a0	0x32611c8	16713	is_under_open_technological_enlightenment	0x269d498	0x34c090	0x26bde20	Checks if country is under open technological enlightenment	0x348150
0x23b0540	153	0x125700	0x32611c8	16714	is_under_stratified_technological_enlightenment	0x269d428	0x34c090	0x26bfe40	Checks if country is under stratified technological enlightenment	0x348150
0x23b0540	154	0x125760	0x32611c8	16715	has_pre_ftl_trade	0x269d438	0x34c090	0x26bfdf0	Checks if country has pre-ftl trade	0x348150
0x23b0540	155	0x1257c0	0x32611c8	18124	has_sensor_link_from	0x269d448	0x34c090	0x26bfd90	Checks if country has an active sensor link from another empire	0x348150
0x23b0540	156	0x125820	0x32611c8	18814	num_claims_on_system	0x269d458	0x34c090	0x26bfd10	Counts the number of claims the scoped empire has on the target system	0x348150
0x23b0540	157	0x125880	0x32611c8	18678	enclave_capacity_left	0x269cce8	0x34c090	0x26bffc0	Checks the country's free enclave number capacity in absolute numbers	0x348150
0x23b0540	158	0x1258e0	0x32611c8	18641	has_spynetwork	0x269ccf8	0x34c090	0x26bff60	Checks if scoped country has any spynetworks with a value > 0	0x348150
0x23b0540	159	0x125940	0x32611c8	18664	has_spynetwork_value	0x269cd08	0x34c090	0x26bff10	Compares spy network value of the scoped object	0x348150
0x23b0540	160	0x1259a0	0x32611c8	18665	is_spynetwork_level	0x269cd18	0x34c090	0x26bfec0	Compares spy network level of the scoped object	0x348150
0x23b0540	161	0x125a00	0x32611c8	18668	is_spynetwork_max_level	0x269cca8	0x34c090	0x26bfb40	Compares spy network max level of the scoped object	0x348150
0x23b0540	162	0x125a60	0x32611c8	18666	is_counter_espionage	0x269ccb8	0x34c090	0x26bfaf0	Compares counter espionage of the scoped object	0x348150
0x23b0540	163	0x125ac0	0x32611c8	18642	has_espionage_asset	0x269ccc8	0x34c090	0x26bfa90	Checks if the scope hold an asset of specified type	0x348150
0x23b0540	164	0x125b20	0x32611c8	18661	num_espionage_assets	0x269ccd8	0x34c090	0x26bfa30	Compares the number of assets associated with the scope object.	0x348150
0x23b0540	165	0x125b80	0x32611c8	18648	has_spy_power	0x269cd68	0x34c090	0x26bfcc0	Compares the infiltration level of the network	0x348150
0x23b0540	166	0x125be0	0x32611c8	18649	has_available_spy_power	0x269cd78	0x34c090	0x26bfc60	Compares the available infiltration level of the network	0x348150
0x23b0540	167	0x125c40	0x32611c8	18650	has_espionage_category	0x269cd88	0x34c090	0x26bfc00	Checks if the scope is of a specific category	0x348150
0x23b0540	168	0x125ca0	0x32611c8	18652	has_espionage_type	0x269cd98	0x34c090	0x26bfba0	Checks if the scope is of a specific type	0x348150
0x23b0540	169	0x125d00	0x32611c8	18651	is_running_espionage_operation	0x269cd28	0x34c090	0x26bf820	Checks if the scope is currently running an espionage operation	0x348150
0x23b0540	170	0x125d60	0x32611c8	18653	relative_encryption_decryption	0x269cd38	0x34c090	0x26bf730	Divides the encryption value of the scope object with the decryption value of the target and compares with value. Target is only used for country scope.	0x348150
0x23b0540	171	0x125dc0	0x32611c8	18659	is_espionage_operation_last_die_result	0x269cd48	0x34c090	0x26bf6e0	Compares the last dice roll.	0x348150
0x23b0540	172	0x125e20	0x32611c8	18658	is_espionage_operation_score	0x269cd58	0x34c090	0x26bf690	Compares the current espionage score.	0x348150
0x23b0540	173	0x125e80	0x32611c8	18657	is_espionage_operation_score_no_die	0x269cde8	0x34c090	0x26bf9b0	Compares the current espionage score excluding the current die roll.	0x348150
0x23b0540	174	0x125ee0	0x32611c8	18656	is_espionage_operation_difficulty	0x269cdf8	0x34c090	0x26bf950	Compares the espionage operation difficulty.	0x348150
0x23b0540	175	0x125f40	0x32611c8	18655	is_espionage_operation_chapter	0x269ce08	0x34c090	0x26bf8f0	Compares the current espionage operation chapter index.	0x348150
0x23b0540	176	0x125fa0	0x32611c8	18654	is_espionage_operation_days_to_next_die_roll	0x269ce18	0x34c090	0x26bf890	Compares days to next die roll.	0x348150
0x23b0540	177	0x126000	0x32611c8	18660	is_espionage_operation_auto_accept_events	0x269cda8	0x34c090	0x26bf460	Checks if scoped espionage operation accepts events automatically when they are ready	0x348150
0x23b0540	178	0x126060	0x32611c8	18578	federation_experience	0x269cdb8	0x34c090	0x26bf410	Checks experience of the federation.	0x348150
0x23b0540	179	0x1260c0	0x32611c8	18580	federation_cohesion_growth	0x269cdc8	0x34c090	0x26bf3c0	Checks cohesion growth of the federation.	0x348150
0x23b0540	180	0x126120	0x32611c8	18579	federation_cohesion	0x269cdd8	0x34c090	0x26bf370	Checks cohesion of the federation.	0x348150
0x23b0540	181	0x126180	0x32611c8	18584	has_federation_type	0x269ce68	0x34c090	0x26bf630	Checks if federation has specific federation type	0x348150
0x23b0540	182	0x1261e0	0x32611c8	18583	has_federation_perk	0x269ce78	0x34c090	0x26bf5c0	Checks if given perk has been unlocked in scoped federation	0x348150
0x23b0540	183	0x126240	0x32611c8	18585	federation_level	0x269ce88	0x34c090	0x26bf540	Checks federation level in comparison to given value in scoped federation	0x348150
0x23b0540	184	0x1262a0	0x32611c8	18601	num_members	0x269ce98	0x34c090	0x26bf4f0	Checks number of members in scoped federation	0x348150
0x23b0540	185	0x126300	0x32611c8	18602	num_associates	0x269ce28	0x34c090	0x26bf210	Checks number of associates in scoped federation	0x348150
0x23b0540	186	0x126360	0x32611c8	18582	has_federation_law	0x269ce38	0x34c090	0x26bf1b0	Checks if given law has been enacted in scoped federation	0x348150
0x23b0540	187	0x1263c0	0x32611c8	18581	has_any_federation_law_in_category	0x269ce48	0x34c090	0x26bf140	Checks if given law category has any active law	0x348150
0x23b0540	188	0x126420	0x32611c8	18614	has_federation_setting	0x269ce58	0x34c090	0x26bf0e0	Checks if given setting is on for scoped federation	0x348150
0x23b0540	189	0x126480	0x32611c8	18512	valid_planet_killer_target	0x269cee8	0x34c090	0x26bf290	Checks if the scoped fleet can target the given planet with its planet killer weapon	0x348150
0x23b0540	190	0x1264e0	0x32611c8	15351	is_alliance_fleet	0x269cef8	0x34c090	0x26befa0	Checks if the scoped fleet is an alliance fleet.	0x348150
0x23b0540	191	0x126540	0x32611c8	18121	is_mobile	0x269cf08	0x34c090	0x26bf0a0	Checks if the scoped fleet can move.	0x348150
0x23b0540	192	0x1265a0	0x32611c8	16764	is_leased	0x269cf18	0x34c090	0x26bee48	Checks if the scoped fleet is leased.	0x348150
0x23b0540	193	0x126600	0x32611c8	16765	lease_days	0x269cea8	0x34c090	0x26becf0	Checks the number of days left before fleet lease contract is finished	0x348150
0x23b0540	194	0x126660	0x32611c8	18688	is_garrison	0x269ceb8	0x34c090	0x26beda0	Checks if the scoped fleet is a garrison.	0x348150
0x23b0540	195	0x1266c0	0x32611c8	18699	can_go_mia	0x269cec8	0x34c090	0x26c1460	Checks if the scoped fleet can go MIA.	0x348150
0x23b0540	196	0x126720	0x32611c8	18737	count_used_naval_cap	0x269ced8	0x34c090	0x26c13b0	Checks used naval cap by the scoped country or fleet's controlled ships which fulfill the specified criteria.	0x348150
0x23b0540	197	0x126780	0x32611c8	18738	fleet_integrity	0x269cf68	0x34c090	0x26c15f0	Checks the fleet integrity (shield + hull points) of a fleet.	0x348150
0x23b0540	198	0x1267e0	0x32611c8	18763	has_active_focus	0x269cf78	0x34c090	0x26c1580	Checks if a country has a particular focus card active active	0x348150
0x23b0540	199	0x126840	0x32611c8	18764	has_completed_focus	0x269cf88	0x34c090	0x26c1510	Checks if a country has a particular focus card completed	0x348150
0x23b0540	200	0x1268a0	0x32611c8	18597	is_galactic_community_member	0x269cf98	0x34c090	0x26c14a0	Checks if scoped country is part of the Galactic Community	0x348150
0x23b0540	201	0x126900	0x32611c8	18600	is_part_of_galactic_council	0x269cf28	0x34c090	0x26c1030	Checks if scoped country is part of the Galactic Council	0x348150
0x23b0540	202	0x126960	0x32611c8	18587	is_voting_on_resolution	0x269cf38	0x34c090	0x26c0fa0	Checks if the Galactic Community is currently voting on any, or a specific, resolution	0x348150
0x23b0540	203	0x1269c0	0x32611c8	18588	is_proposing_resolution	0x269cf48	0x34c090	0x26c0f20	Checks if the scoped country is currently proposing any, or a specific, resolution	0x348150
0x23b0540	204	0x126a20	0x32611c8	18589	last_resolution_changed	0x269cf58	0x34c090	0x26c0e80	Checks if the last resolution the Galactic Community voted on or otherwise passed or failed is as specified.	0x348150
0x23b0540	205	0x126a80	0x32611c8	18590	last_resolution_category_changed	0x269cfe8	0x34c090	0x26c12b0	Checks if the last resolution the Galactic Community voted on or otherwise passed or failed is part of the specified category.	0x348150
0x23b0540	206	0x126ae0	0x32611c8	18591	position_on_current_resolution	0x269cff8	0x34c090	0x26c1200	Checks if the current country is supporting, opposing or abstaining from the currently proposed galcom resolution.	0x348150
0x23b0540	207	0x126b40	0x32611c8	18592	position_on_last_resolution	0x269d008	0x34c090	0x26c1150	Checks if the current country was supporting, opposing or abstaining from the last proposed galcom resolution.	0x348150
0x23b0540	208	0x126ba0	0x32611c8	18593	is_years_since_community_formation	0x269d018	0x34c090	0x26c1090	Compare with number of years since the formation of the Galactic Community. NOTE: A negative value means it hasn't been formed yet!	0x348150
0x23b0540	209	0x126c00	0x32611c8	18594	is_years_since_council_establishment	0x269cfa8	0x34c090	0x26c0bc0	Compares with number of years since the establishment of the Galactic Council. NOTE: A negative value means it hasn't been established yet!	0x348150
0x23b0540	210	0x126c60	0x32611c8	18595	is_galactic_community_formed	0x269cfb8	0x34c090	0x26c0b60	Checks if the Galactic Community has been formed	0x348150
0x23b0540	211	0x126cc0	0x32611c8	18596	is_galactic_council_established	0x269cfc8	0x34c090	0x26c0b00	Checks if the Galactic Council has been established	0x348150
0x23b0540	212	0x126d20	0x32611c8	18606	is_active_resolution	0x269cfd8	0x34c090	0x26c0a90	Checks if the provided Resolution is active in the Community	0x348150
0x23b0540	213	0x126d80	0x32611c8	18607	is_in_breach_of_any	0x269d068	0x34c090	0x26c0e20	Checks if an empire is in breach of any galactic resolution.	0x348150
0x23b0540	214	0x126de0	0x32611c8	18609	num_council_positions	0x269d078	0x34c090	0x26c0db0	Compares the number of council positions in the Galactic Community.	0x348150
0x23b0540	215	0x126e40	0x32611c8	18610	galactic_community_rank	0x269d088	0x34c090	0x26c0cf0	Compares empire rank ( sorted by diplomatic weight ) in the Galactic Community. NOTE: If the scoped country isn't part of the community this returns -1.	0x348150
0x23b0540	216	0x126ea0	0x32611c8	18611	is_permanent_councillor	0x269d098	0x34c090	0x26c0c80	Checks if an empire has a permanent seat on the Galactic Council	0x348150
0x23b0540	217	0x126f00	0x32611c8	18608	in_breach_of	0x269d028	0x34c090	0x26c0890	Checks if the scoped country is in breach of the specified resolution (or would be, were it to be enacted)	0x348150
0x23b0540	218	0x126f60	0x32611c8	15910	is_galactic_custodian	0x269d038	0x34c090	0x26c0830	Checks if an empire is Custodian of the Galactic Council	0x348150
0x23b0540	219	0x126fc0	0x32611c8	15913	is_galactic_emperor	0x269d048	0x34c090	0x26c07e0	Checks if an empire is the Galactic Emperor	0x348150
0x23b0540	220	0x127020	0x32611c8	15911	has_galactic_custodian	0x269d058	0x34c090	0x26c0780	Checks if the Galactic Community has named a Custodian	0x348150
0x23b0540	221	0x127080	0x32611c8	15914	has_galactic_emperor	0x269c8e8	0x34c090	0x26c0a40	Checks if the Galactic Emperor has taken over	0x348150
0x23b0540	222	0x1270e0	0x32611c8	15920	imperial_authority	0x269c8f8	0x34c090	0x26c0a08	Checks imperial authority.	0x348150
0x23b0540	223	0x127140	0x32611c8	16000	galactic_defense_force_exists	0x269c908	0x34c090	0x26c09a0	Checks if the Galactic Defense Force or Imperial Armada exists	0x348150
0x23b0540	224	0x1271a0	0x32611c8	18598	has_galactic_community_emissary	0x269c918	0x34c090	0x26c0920	Checks if scoped country has an Emissary assigned to the Galactic Community	0x348150
0x23b0540	225	0x127200	0x32611c8	18599	has_passed_resolution	0x269c8a8	0x34c090	0x26c0620	Checks if country has passed a Galactic Community resolution in last x days/months/years	0x348150
0x23b0540	226	0x127260	0x32611c8	18746	used_favors_on_last_resolution	0x269c8b8	0x34c090	0x26c05a0	Checks scoped country's called in favors used to pass the last resolution	0x348150
0x23b0540	227	0x1272c0	0x32611c8	10838	is_ruler	0x269c8c8	0x34c090	0x26c0730	Checks if scoped leader is the Ruler of the Empire 	0x348150
0x23b0540	228	0x127320	0x32611c8	10839	is_heir	0x269c8d8	0x34c090	0x26c06c0	Checks if scoped leader is the Heir of the Empire 	0x348150
0x23b0540	229	0x127380	0x32611c8	18612	is_councilor	0x269c968	0x34c090	0x26c0420	Checks if scoped leader is a member of the Empire Council or the Ruler	0x348150
0x23b0540	230	0x1273e0	0x32611c8	15694	is_councilor_type	0x269c978	0x34c090	0x26c04e0	Checks if the leader holds a specific Councilor type	0x348150
0x23b0540	231	0x127440	0x32611c8	15695	is_ethic_represented_on_council	0x269c988	0x34c090	0x26c0290	Checks if any Councilor has a given ethic.	0x348150
0x23b0540	232	0x1274a0	0x32611c8	17988	has_total_civic_points	0x269c998	0x34c090	0x26c0350	Compares the amount of total civic points.	0x348150
0x23b0540	233	0x127500	0x32611c8	17989	has_unused_civic_points	0x269c928	0x34c090	0x26c0070	Compares the amount of unused civic points.	0x348150
0x23b0540	234	0x127560	0x32611c8	17990	num_candidate_supported	0x269c938	0x34c090	0x26c0150	Compares the number of times an election candidate was supported.	0x348150
0x23b0540	235	0x1275c0	0x32611c8	17995	council_legitimacy	0x269c948	0x34c090	0x26c2a00	Checks current value for council legitimacy for the scoped country.	0x348150
0x23b0540	236	0x127620	0x32611c8	17994	council_agenda_progress_percent	0x269c958	0x34c090	0x26c2900	Compares the progress (0-1) of the current Agenda.	0x348150
0x23b0540	237	0x127680	0x32611c8	14619	council_agenda_progress	0x269c9e8	0x34c090	0x26c2990	Checks the progress of the current Agenda.	0x348150
0x23b0540	238	0x1276e0	0x32611c8	17996	has_agenda_selected	0x269c9f8	0x34c090	0x26c2620	Checks if the country has a specific Council Agenda selected, or any at all	0x348150
0x23b0540	239	0x127740	0x32611c8	17997	has_unlocked_council_positions	0x269ca08	0x34c090	0x26c2760	Compares the amount of unlocked council positions, typically from 'unlock_council_slots'	0x348150
0x23b0540	240	0x1277a0	0x32611c8	18637	has_active_first_contact_with	0x269ca18	0x34c090	0x26c26e0	Checks if the scoped country has an active First Contact site with the target country	0x348150
0x23b0540	241	0x127800	0x32611c8	18638	can_have_first_contact_site_with	0x269c9a8	0x34c090	0x26c22d0	Checks if the scoped country is allowed to have a First Contact site with the target country	0x348150
0x23b0540	242	0x127860	0x32611c8	13331	intel	0x269c9b8	0x34c090	0x26c2270	Checks the country's Intel on the target country	0x348150
0x23b0540	243	0x1278c0	0x32611c8	16026	has_intel_level	0x269c9c8	0x34c090	0x26c21d0	Checks the country's intel level on a category for the target country	0x348150
0x23b0540	244	0x127920	0x32611c8	16027	has_intel_report	0x269c9d8	0x34c090	0x26c2110	Checks if the country has intel report of at least the specified level on a category for the target country	0x348150
0x23b0540	245	0x127980	0x32611c8	16028	has_intel	0x269ca68	0x34c090	0x26c2530	Checks if the specified intel is available for the target country (stale intel will not return true)	0x348150
0x23b0540	246	0x1279e0	0x32611c8	16029	has_stale_intel	0x269ca78	0x34c090	0x26c2480	Checks if the specified intel is stale for the target country (available intel will not return true)	0x348150
0x23b0540	247	0x127a40	0x32611c8	18122	is_in_sensor_range	0x269ca88	0x34c090	0x26c23f0	Checks if the specified ship, fleet, planet or system can be seen by the scoped country.	0x348150
0x23b0540	248	0x127aa0	0x32611c8	18123	is_in_sensor_range_of_country	0x269ca98	0x34c090	0x26c2360	Checks if the scoped ship, fleet, planet or system can be seen by the specified country.	0x348150
0x23b0540	249	0x127b00	0x32611c8	18639	is_current_first_contact_stage	0x269ca28	0x34c090	0x26c1f50	Checks if the scoped first contact is at the specified stage.	0x348150
0x23b0540	250	0x127b60	0x32611c8	17215	is_leader_tier	0x269ca38	0x34c090	0x26c1ef0	Checks if the tier of the leader is what is provided.	0x348150
0x23b0540	251	0x127bc0	0x32611c8	18544	is_on_market	0x269ca48	0x34c090	0x26c1e90	Checks if resource is enabled on the Galactic Market	0x348150
0x23b0540	252	0x127c20	0x32611c8	18545	can_buy_on_market	0x269ca58	0x34c090	0x26c2060	Checks if the current country can buy the specified resource on the market or galactic market	0x348150
0x23b0540	253	0x127c80	0x32611c8	18432	market_resource_price	0x269cae8	0x34c090	0x26c1d30	Checks market price of a specific resource for the current country:	0x348150
0x23b0540	254	0x127ce0	0x32611c8	18700	is_on_slave_market	0x269caf8	0x34c090	0x26c1a70	Checks if any pops from the scoped pop group are being sold on the slave market:	0x348150
0x23b0540	255	0x127d40	0x32611c8	18745	is_market_leader	0x269cb08	0x34c090	0x26c19e0	Checks if country owns the galactic market:	0x348150
0x23b0540	256	0x127da0	0x32611c8	18663	has_crisis_level	0x269cb18	0x34c090	0x26c1c00	Checks if a country has a specific Crisis Level unlocked.	0x348150
0x23b0540	257	0x127e00	0x32611c8	18644	has_crisis_perk	0x269caa8	0x34c090	0x26c1ba0	Checks if a country has a specific Crisis Perk unlocked.	0x348150
0x23b0540	258	0x127e60	0x32611c8	18645	has_menace_perk	0x269caa8	0x34c090	0x26c1b40	Checks if a country has a specific Menace Perk unlocked.	0x348150
0x23b0540	259	0x127ec0	0x32611c8	18801	count_available_contracts	0x269cab8	0x34c090	0x26c1ae0	Count all currently available contracts to the scoped country	0x348150
0x23b0540	260	0x127f20	0x32611c8	18802	count_visible_contracts	0x269cac8	0x34c090	0x26c17c0	Count all contracts visible to the scoped country (ie available and in progress)	0x348150
0x23b0540	261	0x127f80	0x32611c8	18804	count_issued_contracts	0x269cad8	0x34c090	0x26c1730	Count all contracts issued by the scoped country (either available to be picked up or in progress by someone)	0x348150
0x23b0540	262	0x127fe0	0x32611c8	18803	count_contracts_in_progress	0x269cb68	0x34c090	0x26c16b0	Count all contracts currently in progress by the scoped country	0x348150
0x23b0540	263	0x128040	0x32611c8	18812	has_contract	0x269cb78	0x34c090	0x26c1650	Checks if the scoped country is working on a specific contract	0x348150
0x23b0540	264	0x1280a0	0x32611c8	18813	has_contract_of_category	0x269cb88	0x34c090	0x26c1960	Checks if the scoped country is working on a contract of a certain category	0x348150
0x23b0540	265	0x128100	0x32611c8	18697	is_mission_type	0x269cb98	0x34c090	0x26c1910	Returns true if the scoped mission is of type <type>	0x348150
0x23b0540	266	0x128160	0x32611c8	18145	num_uncleared_blockers	0x269cb28	0x34c090	0x26c18b0	Checks the colony carrier's total amount of uncleared blockers	0x348150
0x23b0540	267	0x1281c0	0x32611c8	18646	organic_pops_last_month_growth	0x269cb38	0x34c090	0x26c1830	Checks how many organic pops the planet gained last month (through growth and assembly).	0x348150
0x23b0540	268	0x128220	0x32611c8	18647	artificial_pops_last_month_growth	0x269cb48	0x34c090	0x26c4920	Checks how many artificial pops the planet assembled last month.	0x348150
0x23b0540	269	0x128280	0x32611c8	18531	uses_district_set	0x269cb58	0x34c090	0x26c48c0	Checks if the colony has the specified tag for district usage:	0x348150
0x23b0540	270	0x1282e0	0x32611c8	18533	has_climate	0x269cbe8	0x34c090	0x26c4850	Checks if the planet's climate is set to a specified string in planet_classes:	0x348150
0x23b0540	271	0x128340	0x32611c8	18020	has_planetary_ascension_tier	0x269cbf8	0x34c090	0x26c47f0	Checks if the colony's ascension tier is as specified:	0x348150
0x23b0540	272	0x1283a0	0x32611c8	18021	num_planetary_ascension_tiers	0x269cc08	0x34c090	0x26c4aa0	Checks if the empire has activated as many ascension tiers as specified:	0x348150
0x23b0540	273	0x128400	0x32611c8	18115	is_terraformed	0x269cc18	0x34c090	0x26c4a50	Checks if the planet has ever been terraformed	0x348150
0x23b0540	274	0x128460	0x32611c8	18116	is_terraforming	0x269cba8	0x34c090	0x26c4a00	Checks if the planet is currently being terraformed	0x348150
0x23b0540	275	0x1284c0	0x32611c8	18117	is_scripted_terraforming	0x269cbb8	0x34c090	0x26c4990	Checks if the planet is currently being terraformed manually by script	0x348150
0x23b0540	276	0x128520	0x32611c8	14221	terraformed_by	0x269cbc8	0x34c090	0x26c44e0	Checks if planet is terraformed by country.	0x348150
0x23b0540	277	0x128580	0x32611c8	18111	has_holding	0x269cbd8	0x34c090	0x26c4460	Checks if the planet has any, or a specific, holding	0x348150
0x23b0540	278	0x1285e0	0x32611c8	18471	planet_garrison_strength	0x269cc68	0x34c090	0x26c4390	Checks the colony's army strength (as calculated by all armies including offensive or defensive owned by its current controller). Warning: moderately intensive trigger:	0x348150
0x23b0540	279	0x128640	0x32611c8	16455	is_astral_scar	0x269cc78	0x34c090	0x26c4348	Checks if the planet is an astral scar	0x348150
0x23b0540	280	0x1286a0	0x32611c8	18771	total_workforce_with_job_tag	0x269cc88	0x34c090	0x26c4750	Checks how much workforce that has jobs with all given tags in a planet	0x348150
0x23b0540	281	0x128700	0x32611c8	18772	total_system_workforce_with_job_tag	0x269cc98	0x34c090	0x26c4650	Checks how much workforce that has jobs with all given tags in a system. An optional limit (colony scope) filters which colonies contribute.	0x348150
0x23b0540	282	0x128760	0x32611c8	18773	total_country_workforce_with_job_tag	0x269cc28	0x34c090	0x26c45b0	Checks how much workforce that has jobs with all given tags in a country	0x348150
0x23b0540	283	0x1287c0	0x32611c8	17457	has_picked_auto_mod_habitability	0x269cc38	0x34c090	0x26c4530	Checks if a pop has already picked an auto modded habitability trait.	0x348150
0x23b0540	284	0x128820	0x32611c8	18433	pop_amount_percentage	0x269cc48	0x34c090	0x26c4080	Checks the percentage of pops in the scope that fulfill the specified criteria	0x348150
0x23b0540	285	0x128880	0x32611c8	18794	pop_group_crime	0x269cc58	0x34c090	0x26c3fe0	Checks the raw crime value of a pop group. When scope is a colony, checks the sum of every pop group's raw crime in the planet.	0x348150
0x23b0540	286	0x1288e0	0x32611c8	18672	has_job_category	0x269c4e8	0x34c090	0x26c3f90	Checks if the job has a specific category set.	0x348150
0x23b0540	287	0x128940	0x32611c8	18022	has_job_type	0x269c4f8	0x34c090	0x26c3f50	Checks if the job has a specific type set.	0x348150
0x23b0540	288	0x1289a0	0x32611c8	18526	is_capitals_connected_through_relay_network	0x269c508	0x34c090	0x26c42b0	Checks if current country's capital is connected to target's capital through hyper relay network	0x348150
0x23b0540	289	0x128a00	0x32611c8	18527	is_system_connected_to_relay_network	0x269c518	0x34c090	0x26c4220	Checks if target system is connected to own capitals through hyper relay network	0x348150
0x23b0540	290	0x128a60	0x32611c8	18551	has_sector_type	0x269c4a8	0x34c090	0x26c41d0	Checks if the sector has a specific type	0x348150
0x23b0540	291	0x128ac0	0x32611c8	18552	num_sectors	0x269c4b8	0x34c090	0x26c4180	Counts the number of sectors owned by the scoped country	0x348150
0x23b0540	292	0x128b20	0x32611c8	12794	is_designable	0x269c4c8	0x34c090	0x26c3d80	Checks if the scoped ship design, ship or fleet (all ships) has a designable ship size.	0x348150
0x23b0540	293	0x128b80	0x32611c8	18510	has_status	0x269c4d8	0x34c090	0x26c3d10	Checks the current status of the scoped ship or fleet.	0x348150
0x23b0540	294	0x128be0	0x32611c8	12582	is_civilian	0x269c568	0x34c090	0x26c3cb0	Checks if the scoped fleet or ship is civilian (as set in ship sizes).	0x348150
0x23b0540	295	0x128c40	0x32611c8	18680	has_cloaking_strength	0x269c578	0x34c090	0x26c3c50	Compares cloaking strength value of the scoped fleet or ship.	0x348150
0x23b0540	296	0x128ca0	0x32611c8	18681	has_cloaking_detection	0x269c588	0x34c090	0x26c3ee0	Compares cloaking detection value of the scoped fleet or ship.	0x348150
0x23b0540	297	0x128d00	0x32611c8	18679	is_cloaked	0x269c598	0x34c090	0x26c3e98	Checks if a fleet or ship is cloaked.	0x348150
0x23b0540	298	0x128d60	0x32611c8	17981	has_role	0x269c528	0x34c090	0x26c3e58	Checks ship design has a certain role.	0x348150
0x23b0540	299	0x128dc0	0x32611c8	18732	is_space_fauna	0x269c538	0x34c090	0x26c3df0	Checks if the scoped fleet or ship is space fauna (as set in ship sizes).	0x348150
0x23b0540	300	0x128e20	0x32611c8	16530	is_reanimated	0x269c548	0x34c090	0x26c3a80	Checks if the scoped fleet or ship is reanimated (as set in ship sizes).	0x348150
0x23b0540	301	0x128e80	0x32611c8	18728	ship_size_multiplier	0x269c558	0x34c090	0x26c3a20	Compares ship size multiplier of the scoped design or ship.	0x348150
0x23b0540	302	0x128ee0	0x32611c8	18734	is_ship_category	0x269c5e8	0x34c090	0x26c39c0	Checks if the ship/fleet/design is a specific ship category	0x348150
0x23b0540	303	0x128f40	0x32611c8	18739	ship_size_cost_resource_percent	0x269c5f8	0x34c090	0x26c38e0	Retrieves the percentage of usage of a given resource in the ship size. If the ship size cost is 100 food and 300 minerals, the value when checking for food is 0.25	0x348150
0x23b0540	304	0x128fa0	0x32611c8	18733	can_be_reanimated	0x269c608	0x34c090	0x26c3c00	Checks if the ship/design can be reanimated.	0x348150
0x23b0540	305	0x129000	0x32611c8	18769	bioship_can_grow	0x269c618	0x34c090	0x26c3bb0	Checks if the bioship can get growth progress.	0x348150
0x23b0540	306	0x129060	0x32611c8	17625	is_growth_complete	0x269c5a8	0x34c090	0x26c3b60	Checks if the ship growth progress has maxed out.	0x348150
0x23b0540	307	0x1290c0	0x32611c8	18750	has_psionic_aura	0x269c5b8	0x34c090	0x26c3af0	Check if the scoped system is affected by any, or a specific type, Psionic Aura.	0x348150
0x23b0540	308	0x129120	0x32611c8	18751	has_patron_aura	0x269c5c8	0x34c090	0x26c35f0	Check if the scoped country has a psionic aura from given patron.	0x348150
0x23b0540	309	0x129180	0x32611c8	18752	has_patron_relation	0x269c5d8	0x34c090	0x26c34f0	Check if the scoped country has established a relation with given patron. The contact state can be specified (completed by default).	0x348150
0x23b0540	310	0x1291e0	0x32611c8	18753	is_aura_intensity_level	0x269c668	0x34c090	0x26c3490	Checks the Psionic Aura's intensity level inside the scoped system.	0x348150
0x23b0540	311	0x129240	0x32611c8	18754	planet_happiness_above_threshold	0x269c678	0x34c090	0x26c3330	Checks if a planet's happiness is past a given threshold. Can be used in a scoped system, then it returns the sum of every planets' happiness past the given threshold. In system scope an optional limi	0x348150
0x23b0540	312	0x1292a0	0x32611c8	18755	governors_skill_in_system	0x269c688	0x34c090	0x26c3870	Checks if valid colony governors in the scoped has a specific base experience level	0x348150
0x23b0540	313	0x129300	0x32611c8	18776	is_last_building_changed_capital	0x269c698	0x34c090	0x26c37b0	Checks if the last building queued/dequeued/built/demolished/upgraded is a capital building. If there is no last building set, returns false.	0x348150
0x23b0540	314	0x129360	0x32611c8	18777	category_last_picked_tradition	0x269c628	0x34c090	0x26c36f0	Checks if the last picked tradition has the given tradition category. If there is no last picked tradition set, returns false.	0x348150
0x23b0540	315	0x1293c0	0x32611c8	18778	nb_pop_exact_species	0x269c638	0x34c090	0x26c3660	Checks the amount of pops in the planet that have the exact species.	0x348150
0x23b0540	316	0x129420	0x32611c8	17437	attunement	0x269c648	0x34c090	0x26c30e8	Checks the attunement level with the Shroud	0x348150
0x23b0540	317	0x129480	0x32611c8	18779	has_covenant	0x269c658	0x34c090	0x26c3080	Checks if the current country has a covenant with the given patron.	0x348150
0x23b0540	318	0x1294e0	0x32611c8	18780	last_completed_special_project_has_research_cost	0x269c6e8	0x34c090	0x26c2ff0	Checks if the last completed special project by the scoped country has a research cost.	0x348150
0x23b0540	319	0x129540	0x32611c8	18781	is_researching_any_technology	0x269c6f8	0x34c090	0x26c2f80	Checks if the country is currently researching any technology.	0x348150
0x23b0540	320	0x1295a0	0x32611c8	18782	is_last_increased_tech_repeatable	0x269c708	0x34c090	0x26c32d0	Checks if the last increased tech is repeatable	0x348150
0x23b0540	321	0x129600	0x32611c8	18783	is_last_increased_tech_rare	0x269c718	0x34c090	0x26c3280	Checks if the last increased tech is rare	0x348150
0x23b0540	322	0x129660	0x32611c8	18784	is_last_increased_tech_category	0x269c6a8	0x34c090	0x26c3210	Checks if the last increased tech is of the specified category:	0x348150
0x23b0540	323	0x1296c0	0x32611c8	18785	get_attunement_points_for	0x269c6b8	0x34c090	0x26c3130	Checks the amount of attunement points earned for a specified patron.	0x348150
0x23b0540	324	0x129720	0x32611c8	17643	is_in_domain	0x269c6c8	0x34c090	0x26c2d70	Checks if the current country in the the domain of the given patron.	0x348150
0x23b0540	325	0x129780	0x32611c8	18069	uplift_is_archetype	0x269c6d8	0x34c090	0x26c2d00	Checks if the uplifted version of the species has the specified archetype:	0x348150
0x23b0540	326	0x1297e0	0x32611c8	18786	is_cardinal_patron	0x269c768	0x34c090	0x26c2c70	Checks if the given patron is cardinal (if it has its own quadrant in the shroud wheel).	0x348150
0x23b0540	327	0x129840	0x32611c8	18787	count_end_cycle_systems	0x269c778	0x34c090	0x26c2bd0	Checks the amount of needed systems with the End Cycle psionic aura	0x348150
0x23b0540	328	0x1298a0	0x32611c8	18788	count_systems_with_aura	0x269c788	0x34c090	0x26c2f20	Checks the amount of systems covered by the country's aura	0x348150
0x23b0540	329	0x129900	0x32611c8	18789	monthly_intensity_increase	0x269c798	0x34c090	0x26c2ea0	Checks the Psionic Aura's monthly intensity increase inside the scoped system.	0x348150
0x23b0540	330	0x129960	0x32611c8	18790	count_unlocked_active_accords	0x269c728	0x34c090	0x26c2e40	Checks the number of active accords unlocked by the country	0x348150
0x23b0540	331	0x1299c0	0x32611c8	18791	is_preferred_patron	0x269c738	0x34c090	0x26c2de0	Check scoped country AI's preferred patron.	0x348150
0x23b0540	332	0x129a20	0x32611c8	18792	has_most_attunement	0x269c748	0x34c090	0x26c6380	Check if specified patron is scoped country's most attuned patron.	0x348150
0x23b0540	333	0x129a80	0x32611c8	18793	patron_has_all_accords_unlocked	0x269c758	0x34c090	0x26c62f0	Check if specified patron has unlocked every accord and every covenant power.	0x348150
0x23b0540	334	0x129ae0	0x32611c8	18795	has_patron_counter	0x269c7e8	0x34c090	0x26c6280	Checks if the scoped country can increment towards given counter	0x348150
0x23b0540	335	0x129b40	0x32611c8	18796	count_ship_size_in_system	0x269c7f8	0x34c090	0x26c6180	Checks the sum of the ship_size's size_multiplier of every ship present in the scoped system.	0x348150
0x23b0540	336	0x129ba0	0x32611c8	18222	situation_progress	0x269c808	0x34c090	0x26c6420	Checks if the scoped situation's progress is a certain value.	0x348150
0x23b0540	337	0x129c00	0x32611c8	18223	situation_monthly_progress	0x269c818	0x34c090	0x26c5f30	Checks if the scoped situation's monthly progress is a certain value. Returns the cached value from the last monthly tick.	0x348150
0x23b0540	338	0x129c60	0x32611c8	18224	is_situation_type	0x269c7a8	0x34c090	0x26c6120	Checks if the scoped situation is a certain type.	0x348150
0x23b0540	339	0x129cc0	0x32611c8	16748	current_stage	0x269c7b8	0x34c090	0x26c5d30	Checks if the specified stage is currently active in the scoped situation.	0x348150
0x23b0540	340	0x129d20	0x32611c8	18225	current_situation_approach	0x269c7c8	0x34c090	0x26c5e20	Checks if the specified approach has been picked on the scoped situation.	0x348150
0x23b0540	341	0x129d80	0x32611c8	18226	can_set_situation_approach	0x269c7d8	0x34c090	0x26c5a40	Checks if the specified approach is allowed to be picked (according to potential and allow triggers) on the scoped situation.	0x348150
0x23b0540	342	0x129de0	0x32611c8	15616	is_robotic	0x269c868	0x34c090	0x26c5c30	Check if the species in the scope is a robot species or not	0x348150
0x23b0540	343	0x129e40	0x32611c8	18175	is_species_class	0x269c878	0x34c090	0x26c5bc0	Checks if the pop group/country's founder species is a specific species class	0x348150
0x23b0540	344	0x129ea0	0x32611c8	18447	has_citizenship_type	0x269c888	0x34c090	0x26c5780	Checks if a species/pop group/leader has a particular citizenship type in their country	0x348150
0x23b0540	345	0x129f00	0x32611c8	18461	has_living_standard	0x269c898	0x34c090	0x26c56f0	Checks if a species/pop group/leader has a particular living standard in their country	0x348150
0x23b0540	346	0x129f60	0x32611c8	18458	has_military_service_type	0x269c828	0x34c090	0x26c5650	Checks if a species/pop group/leader has a particular military service type in their country	0x348150
0x23b0540	347	0x129fc0	0x32611c8	18459	has_purge_type	0x269c838	0x34c090	0x26c59b0	Checks if a species/pop group/leader has a particular purge type in their country	0x348150
0x23b0540	348	0x12a020	0x32611c8	18460	has_slavery_type	0x269c848	0x34c090	0x26c5920	Checks if a species/pop group/leader has a particular slavery type in their country	0x348150
0x23b0540	349	0x12a080	0x32611c8	18470	has_colonization_control	0x269c858	0x34c090	0x26c58a0	Checks if the pop group is prevented from colonizing	0x348150
0x23b0540	350	0x12a0e0	0x32611c8	18452	has_population_control	0x269c178	0x34c090	0x26c5820	Checks if the pop group is prevented from reproducing	0x348150
0x23b0540	351	0x12a140	0x32611c8	18453	has_migration_control	0x269c188	0x34c090	0x26c53f0	Checks if the pop group is prevented from migrating	0x348150
0x23b0540	352	0x12a1a0	0x32611c8	14507	former_citizenship_type	0x269c198	0x34c090	0x26c5380	Compares the former citizenship type with the given one.	0x348150
0x23b0540	353	0x12a200	0x32611c8	14506	former_living_standard_type	0x269c1a8	0x34c090	0x26c5300	Compares the former living standard type with the given one.	0x348150
0x23b0540	354	0x12a260	0x32611c8	14508	former_military_service_type	0x269c138	0x34c090	0x26c5280	Compares the former military service type with the given one.	0x348150
0x23b0540	355	0x12a2c0	0x32611c8	14511	former_population_control_type	0x269c148	0x34c090	0x26c55d0	Compares the former population control type with the given one.	0x348150
0x23b0540	356	0x12a320	0x32611c8	14513	former_migration_control_type	0x269c158	0x34c090	0x26c5550	Compares the former migration control type with the given one.	0x348150
0x23b0540	357	0x12a380	0x32611c8	18451	former_colonization_control_type	0x269c168	0x34c090	0x26c54d0	Compares the former migration control type with the given one.	0x348150
0x23b0540	358	0x12a3e0	0x32611c8	14509	former_slavery_type	0x269c1f8	0x34c090	0x26c5470	Compares the former slavery type with the given one.	0x348150
0x23b0540	359	0x12a440	0x32611c8	14510	former_purge_type	0x269c208	0x34c090	0x26c5070	Compares the former purge type with the given one.	0x348150
0x23b0540	360	0x12a4a0	0x32611c8	18462	has_citizenship_rights	0x269c218	0x34c090	0x26c5010	Checks if the pop group/species/leader has rights	0x348150
0x23b0540	361	0x12a500	0x32611c8	18535	last_changed_species_rights_type	0x269c228	0x34c090	0x26c4f10	Check if the last species rights type changed for the pop group or leader is of type type	0x348150
0x23b0540	362	0x12a560	0x32611c8	18742	trait_has_all_tags	0x269c1b8	0x34c090	0x26c4eb0	Checks if a trait has all tags in the list 	0x348150
0x23b0540	363	0x12a5c0	0x32611c8	18743	trait_has_any_tag	0x269c1c8	0x34c090	0x26c5210	Checks if a trait has at least one tag from the list 	0x348150
0x23b0540	364	0x12a620	0x32611c8	17261	is_infertile	0x269c1d8	0x34c090	0x26c51b0	Checks if the pop group/species has any trait with infertile	0x348150
0x23b0540	365	0x12a680	0x32611c8	18759	is_being_integrated_by	0x269c1e8	0x34c090	0x26c5130	Checks if a species has a particular species right that enabled sub-species integration	0x348150
0x23b0540	366	0x12a6e0	0x32611c8	18706	is_last_acquired_specimen	0x269c278	0x34c090	0x26c50d0	Checks if the specified specimen was the last acquired one 	0x348150
0x23b0540	367	0x12a740	0x32611c8	18707	can_give_specimen	0x269c288	0x34c090	0x26c4c10	Checks if can give a specific specimen. Checks if specimen is already given and if there is an available exhibit slot	0x348150
0x23b0540	368	0x12a7a0	0x32611c8	17143	acquired_specimen_count	0x269c298	0x34c090	0x26c4bc0	Returns the country's acquired specimens count	0x348150
0x23b0540	369	0x12a800	0x32611c8	18729	is_exhibit_active	0x269c2a8	0x34c090	0x26c4b70	Check if the scoped exhibit is active	0x348150
0x23b0540	370	0x12a860	0x32611c8	18731	has_specimen	0x269c238	0x34c090	0x26c4b10	Checks if the scoped country has the specified specimen	0x348150
0x23b0540	371	0x12a8c0	0x32611c8	18736	is_specimen_category	0x269c248	0x34c090	0x26c4e20	Checks if the specified specimen contained by the scoped exhibit is of indicated collection category	0x348150
0x23b0540	372	0x12a920	0x32611c8	18735	is_specimen_rarity	0x269c258	0x34c090	0x26c4da0	Checks if the specified specimen contained by the scoped exhibit is of indicated rarity	0x348150
0x23b0540	373	0x12a980	0x32611c8	18741	is_last_acquired_specimen_rarity	0x269c268	0x34c090	0x26c4d30	Checks if the last acquired specimen is of the given rarity	0x348150
0x23b0540	374	0x12a9e0	0x32611c8	18757	is_last_acquired_specimen_from_trade	0x269c2f8	0x34c090	0x26c4cb0	Checks if the last acquired specimen was acquired through a trade deal	0x348150
0x23b0540	375	0x12aa40	0x32611c8	18497	has_starbase_size	0x269c308	0x34c090	0x26c7320	Compares the starbase ship size	0x348150
0x23b0540	376	0x12aaa0	0x32611c8	18495	has_starbase_module	0x269c318	0x34c090	0x26c7280	Checks if the starbase has a specific module	0x348150
0x23b0540	377	0x12ab00	0x32611c8	18496	has_starbase_building	0x269c328	0x34c090	0x26c7430	Checks if the starbase has a specific building	0x348150
0x23b0540	378	0x12ab60	0x32611c8	18327	count_starbase_modules	0x269c2b8	0x34c090	0x26c7370	Checks the number of starbase modules that are of the specified type or not	0x348150
0x23b0540	379	0x12abc0	0x32611c8	18328	count_starbase_buildings	0x269c2c8	0x34c090	0x26c70e0	Checks the number of starbase buildings that are of the specified type or not	0x348150
0x23b0540	380	0x12ac20	0x32611c8	18503	num_starbases	0x269c2d8	0x34c090	0x26c71e0	Counts the number of starbases owned by the scoped country	0x348150
0x23b0540	381	0x12ac80	0x32611c8	18516	count_starbase_sizes	0x269c2e8	0x34c090	0x26c6e50	Checks if the scoped country has a specified quantity of a starbase size	0x348150
0x23b0540	382	0x12ace0	0x32611c8	18517	is_starbase_type	0x269c378	0x34c090	0x26c7020	Checks if scoped starbase would evaluate to be a certain starbase_type for its current owner. 	0x348150
0x23b0540	383	0x12ad40	0x32611c8	18669	is_starbase_building_module	0x269c388	0x34c090	0x26c6f70	Checks if the starbase is currently building a specific module	0x348150
0x23b0540	384	0x12ada0	0x32611c8	18670	is_starbase_building_building	0x269c398	0x34c090	0x26c6c00	Checks if the starbase is currently building a specific building	0x348150
0x23b0540	385	0x12ae00	0x32611c8	18671	starbase_buildable_is_in_queue_before	0x269c3a8	0x34c090	0x26c6ab0	Check if the first buildable is in the starbase building queue before the second buildable (for prerequisites, mostly)	0x348150
0x23b0540	386	0x12ae60	0x32611c8	18369	used_defense_platform_capacity_percent	0x269c338	0x34c090	0x26c6a20	Checks the starbases's used defense platform capacity in relative terms (0.00-1.00)	0x348150
0x23b0540	387	0x12aec0	0x32611c8	17824	waystation_network_stockpile_used	0x269c348	0x34c090	0x26c69a0	Checks max stockpile usage across all waystations in the network (0.0 to 1.0)	0x348150
0x23b0540	388	0x12af20	0x32611c8	17825	waystation_has_remote_collection	0x269c358	0x34c090	0x26c6de0	Checks if the waystation has remote stockpile collection capability	0x348150
0x23b0540	389	0x12af80	0x32611c8	17826	waystation_network_has_remote_collection	0x269c368	0x34c090	0x26c6d50	Checks if any waystation in the network has remote stockpile collection capability	0x348150
0x23b0540	390	0x12afe0	0x32611c8	17827	starbase_network_size	0x269c3f8	0x34c090	0x26c6cd0	Checks the number of starbases in the same waystation network as the scoped starbase	0x348150
0x23b0540	391	0x12b040	0x32611c8	18525	is_bridge	0x269c408	0x34c090	0x26c6c80	Checks if a system has the bridge flag or not.	0x348150
0x23b0540	392	0x12b0a0	0x32611c8	18402	distance_to_capital	0x269c418	0x34c090	0x26c67d0	Checks the distance of a controlled system to its owner's capital	0x348150
0x23b0540	393	0x12b100	0x32611c8	18710	num_asteroid_belts	0x269c428	0x34c090	0x26c6780	Checks the system's number of asteroid belts	0x348150
0x23b0540	394	0x12b160	0x32611c8	14554	inner_radius	0x269c3b8	0x34c090	0x26c6738	Checks the inner radius of a solar system	0x348150
0x23b0540	395	0x12b1c0	0x32611c8	18756	num_neighbor_systems	0x269c3c8	0x34c090	0x26c66b0	Checks the number of neighbor systems within a specific distance	0x348150
0x23b0540	396	0x12b220	0x32611c8	17729	can_be_crisis_terraformed	0x269c3d8	0x34c090	0x26c6930	Checks if a system has the can_be_crisis_terraformed flag or not.	0x348150
0x23b0540	397	0x12b280	0x32611c8	18730	num_vivarium_slots	0x269c3e8	0x34c090	0x26c68e0	Returns the country's used Vivarium slots	0x348150
0x23b0540	398	0x12b2e0	0x32611c8	18740	has_dna	0x269c468	0x34c090	0x26c6860	Check if dna has been acquired for the given category	0x348150
0x23b0540	399	0x12b340	0x32611c8	17369	voidworms_scaling	0x269c478	0x34c090	0x26c6830	Checks Voidworms presence scaling in game setup	0x348150
0x23b0540	400	0x12b3a0	0x32611c8	17370	cutholoids_scaling	0x269c488	0x34c090	0x26c6570	Checks Cutholoids presence scaling in game setup	0x348150
0x23b0540	401	0x12b400	0x32611c8	18505	using_war_goal	0x269c498	0x34c090	0x26c65b0	Checks if a war has a specific war goal	0x348150
0x23b0540	402	0x12b460	0x32611c8	18509	is_total_war	0x269c438	0x34c090	0x26c7998	Checks if a war is a total war	0x348150
0x23b0540	403	0x12b4c0	0x32611c8	18747	is_from_proxy_war	0x269c448	0x34c090	0x26c7a40	Checks if a war was started by a proxy war	0x348150
0x23b0540	404	0x12b520	0x32611c8	18748	num_proxy_war	0x269c458	0x34c090	0x26c7900	Checks the number of started proxy wars by the scoped country	0x348150
0x24b04d0	3	0x1d7e40	0x325f5b0	4294967295	?	None	?	None		0x8a0450
0x24b04d0	5	0x1d7ce0	0x325f5c8	4294967295	?	None	?	None		0x89f960
0x24b04d0	7	0x1d7b80	0x325f5f0	4294967295	?	None	?	None		0x89d4b0
0x24b04d0	9	0x1d7a20	0x325f600	4294967295	?	None	?	None		0x53b7e0
0x24b04d0	13	0x1d7890	0x325f608	4294967295	?	None	?	None		0x1cc4450
0x24b04d0	15	0x1dcbe0	0x325f308	4294967295	?	None	?	None		0x1cc4450
0x24b04d0	31	0x1d6b80	0x325f6c8	24	filelist	0x24b3050	0x1b3ea0	None		0x2185924
0x24b04d0	37	0x1d68e0	0x325f700	4294967295	?	None	?	None		0x899750
0x24b04d0	51	0x1d63a0	0x325f760	4294967295	?	None	?	None		0x4c2410
0x24b04d0	53	0x1d6240	0x325f768	4294967295	?	None	?	None		0x4c3540
0x24b04d0	55	0x1d60e0	0x325f780	4294967295	?	None	?	None		0x897970
0x24b04d0	57	0x1dffe0	0x325f090	4294967295	?	None	?	None		0x3a4520
0x24b04d0	59	0x1dfd20	0x325f0a0	4294967295	?	None	?	None		0x3a4850
0x24b04d0	61	0x1dfa60	0x325f0e8	4294967295	?	None	?	None		0x3a4a70
0x24b04d0	63	0x1df900	0x325f0e0	4294967295	?	None	?	None		0x3a4b40
0x24b04d0	65	0x1dfbc0	0x325f0d0	4294967295	?	None	?	None		0x3a4950
0x24b04d0	67	0x1dfe80	0x325f088	4294967295	?	None	?	None		0x3a46f0
0x24b04d0	69	0x1df640	0x325f128	4294967295	?	None	?	None		0x3a4f70
0x24b04d0	71	0x1df7a0	0x325f0f8	4294967295	?	None	?	None		0x3a4c60
0x24b04d0	73	0x1df4e0	0x325f140	4294967295	?	None	?	None		0x3a5220
0x24b04d0	75	0x1d5f80	0x325f7a8	4294967295	?	None	?	None		0x896ad0
0x24b04d0	83	0x1d5b50	0x325f7f0	4294967295	?	None	?	None		0x1cc4450
0x24b04d0	85	0x1d59c0	0x325f800	4294967295	?	None	?	None		0x1cc4450
0x24b04d0	89	0x1d5830	0x325f808	4294967295	?	None	?	None		0x1cc4450
0x24b04d0	95	0x1dc070	0x325f3a8	4294967295	?	None	?	None		0x462ed0
0x24b04d0	97	0x1d5550	0x325f840	4294967295	?	None	?	None		0x1cc4450
0x24b04d0	99	0x1d53c0	0x325f848	4294967295	?	None	?	None		0x1cc4450
0x24b04d0	111	0x1e0db0	0x325efc0	4294967295	?	None	?	None		0x1cc4450
0x24b04d0	119	0x1d4a50	0x325f8f8	4294967295	?	None	?	None		0x1cc4450
0x24b04d0	127	0x1d4630	0x325f940	4294967295	?	None	?	None		0x1cc4450
0x24b04d0	129	0x1e0570	0x325f038	4294967295	?	None	?	None		0x1cc4450
0x24b04d0	131	0x1e1340	0x325ef68	4294967295	?	None	?	None		0x1cc4450
0x24b04d0	133	0x1d44a0	0x325f948	4294967295	?	None	?	None		0x1cc4450
0x24b04d0	135	0x1d4310	0x325f960	4294967295	?	None	?	None		0x1cc4450
0x24b04d0	163	0x1de630	0x325f1c0	4294967295	?	None	?	None		0x46a460
0x24b04d0	165	0x1d2fa0	0x325fa88	4294967295	?	None	?	None		0x1cc4450
0x24b04d0	179	0x1d24c0	0x325fb38	4294967295	?	None	?	None		0x1cc4450
0x24b04d0	203	0x1d1850	0x325fbe0	4294967295	?	None	?	None		0x1cc4450
0x24b04d0	205	0x1d16b0	0x325fc00	4294967295	?	None	?	None		0x1cc4450
0x24b04d0	207	0x1da090	0x325f458	4294967295	?	None	?	None		0x1cc4450
0x24b04d0	209	0x1d1510	0x325fc10	4294967295	?	None	?	None		0x1cc4450
0x24b04d0	225	0x1d09b0	0x325fcb8	4294967295	?	None	?	None		0x1cc4450
0x24b04d0	227	0x1d0820	0x325fcc0	4294967295	?	None	?	None		0x1cc4450
0x24b04d0	239	0x1de0d0	0x325f208	4294967295	?	None	?	None		0x474260
0x24b04d0	253	0x1cf780	0x325fdb8	4294967295	?	None	?	None		0x1cc4450
0x24b04d0	273	0x1ce970	0x325fea8	4294967295	?	None	?	None		0x1cc4450
0x24b04d0	283	0x1ce0a0	0x325ff28	4294967295	?	None	?	None		0x1cc4450
0x24b04d0	287	0x1cdcf0	0x325ff40	4294967295	?	None	?	None		0x1cc4450
0x24b04d0	289	0x1cdb60	0x325ff58	4294967295	?	None	?	None		0x1cc4450
0x24b04d0	303	0x1cd110	0x3260008	4294967295	?	None	?	None		0x1cc4450
0x24b04d0	327	0x1cbd90	0x3260110	4294967295	?	None	?	None		0x1cc4450
0x24b04d0	333	0x1cb910	0x3260150	4294967295	?	None	?	None		0x1cc4450
0x24b04d0	335	0x1cb780	0x3260158	4294967295	?	None	?	None		0x1cc4450
0x24b04d0	341	0x1dd4a0	0x325f2a0	4294967295	?	None	?	None		0x1cc4450
0x24b04d0	343	0x1dbbc0	0x325f3e8	4294967295	?	None	?	None		0x1cc4450
0x24b04d0	345	0x1cb370	0x32601a0	4294967295	?	None	?	None		0x1cc4450
0x24b04d0	351	0x1caf10	0x32601e0	4294967295	?	None	?	None		0x1cc4450
0x24b04d0	353	0x1cad70	0x3260210	4294967295	?	None	?	None		0x1cc4450
0x24b04d0	355	0x1d9a80	0x325f498	4294967295	?	None	?	None		0x1cc4450
0x24b04d0	359	0x1ca9a0	0x3260228	4294967295	?	None	?	None		0x1cc4450
0x24b04d0	361	0x1e0140	0x325f068	4294967295	?	None	?	None		0x1cc4450
0x24b04d0	365	0x1ca640	0x3260260	4294967295	?	None	?	None		0x1cc4450
0x24b04d0	367	0x1de8a0	0x325f1b0	4294967295	?	None	?	None		0x1cc4450
0x24b04d0	377	0x1c9e30	0x32602d8	4294967295	?	None	?	None		0xf8dcf0
0x24b04d0	379	0x1c9ca0	0x32602e8	4294967295	?	None	?	None		0x1cc4450
0x24b04d0	381	0x1da220	0x325f440	4294967295	?	None	?	None		0x1b50e0
0x24b04d0	383	0x1c9b10	0x32602f0	4294967295	?	None	?	None		0x1cc4450
0x24b04d0	385	0x1c9980	0x3260308	4294967295	?	None	?	None		0x1cc4450
0x24b04d0	393	0x1c93f0	0x3260360	4294967295	?	None	?	None		0x1cc4450
0x24b04d0	399	0x1c8e50	0x32603b0	4294967295	?	None	?	None		0x572220
0x24b04d0	405	0x1dc3b0	0x325f378	4294967295	?	None	?	None		0x574fb0
0x24b04d0	407	0x1c89f0	0x32603e8	4294967295	?	None	?	None		0x1cc4450
0x24b04d0	409	0x1c8860	0x3260400	4294967295	?	None	?	None		0x1cc4450
0x24b04d0	411	0x1c86c0	0x3260428	4294967295	?	None	?	None		0x1cc4450
0x24b04d0	423	0x1daab0	0x325f418	4294967295	?	None	?	None		0x34ba00
0x24b04d0	425	0x1c83b0	0x3260440	4294967295	?	None	?	None		0x1cc4450
0x24b04d0	431	0x1d9c50	0x325f480	4294967295	?	None	?	None		0x175fc50
0x24b04d0	439	0x1c7a20	0x32604d8	4294967295	?	None	?	None		0x7fd1f0
0x24b04d0	445	0x1c7590	0x3260510	4294967295	?	None	?	None		0x1cc4450
0x24b04d0	457	0x1c6d10	0x32605a8	4294967295	?	None	?	None		0x5967e0
0x24b04d0	461	0x1e0880	0x325eff0	4294967295	?	None	?	None		0xdc6c20
0x24b04d0	473	0x1c6110	0x3260650	4294967295	?	None	?	None		0x59b8f0
0x24b04d0	483	0x1c5a00	0x32606a8	4294967295	?	None	?	None		0x597e60
0x24b04d0	487	0x1ddaf0	0x325f270	4294967295	?	None	?	None		0x598e40
0x24b04d0	495	0x1d8e00	0x325f530	4294967295	?	None	?	None		0x504e00
0x24b04d0	503	0x1c5130	0x3260730	4294967295	?	None	?	None		0xbd2c40
0x24b04d0	505	0x1c4f80	0x3260748	4294967295	?	None	?	None		0xbd2de0
0x24b04d0	507	0x1c4df0	0x3260778	4294967295	?	None	?	None		0xbd3380
0x24b04d0	513	0x1de230	0x325f1f8	4294967295	?	None	?	None		0x34ba00
0x24b04d0	517	0x1c4710	0x32607b8	4294967295	?	None	?	None		0x34ba00
0x24b04d0	519	0x1de400	0x325f1e0	4294967295	?	None	?	None		0x3afb40
0x24b04d0	521	0x1dcdb0	0x325f2f0	4294967295	?	None	?	None		0x8a4750
0x24b04d0	523	0x1c4430	0x32607e0	4294967295	?	None	?	None		0x3afb40
0x24b04d0	525	0x1c41b0	0x32607f0	4294967295	?	None	?	None		0x3ae850
0x24b04d0	529	0x1c4020	0x32607f8	4294967295	?	None	?	None		0x1cc4450
0x24b04d0	531	0x1c3ec0	0x3260810	4294967295	?	None	?	None		0x464710
0x24b04d0	535	0x1e02d0	0x325f048	4294967295	?	None	?	None		0x8f7660
0x24b04d0	537	0x1c3b40	0x3260848	4294967295	?	None	?	None		0x1cc4450
0x24b04d0	541	0x1c39e0	0x3260850	4294967295	?	None	?	None		0x7e46a0
0x24b04d0	553	0x1c3180	0x32608c0	4294967295	?	None	?	None		0x1cc4450
0x24b04d0	555	0x1c2ff0	0x32608d8	4294967295	?	None	?	None		0x1cc4450
0x24b04d0	561	0x1d9f30	0x325f468	4294967295	?	None	?	None		0x4f0fc0
0x24b04d0	569	0x1e0f50	0x325efa8	4294967295	?	None	?	None		0xd93f90
0x24b04d0	575	0x1c2450	0x3260990	4294967295	?	None	?	None		0x1cc4450
0x24b04d0	579	0x1d9680	0x325f4d0	4294967295	?	None	?	None		0x5b0ab0
0x24b04d0	581	0x1ddee0	0x325f218	4294967295	?	None	?	None		0x1b3170
0x24b04d0	583	0x1c22f0	0x3260998	4294967295	?	None	?	None		0x5b46f0
0x24b04d0	587	0x1ddc50	0x325f248	4294967295	?	None	?	None		0x5b94d0
0x24b04d0	597	0x1e0710	0x325f008	4294967295	?	None	?	None		0x493030
0x24b04d0	599	0x1c1c50	0x3260a10	4294967295	?	None	?	None		0x49f7e0
0x24b04d0	601	0x1c1b00	0x3260a30	4294967295	?	None	?	None		0x1b52c0
0x24b04d0	603	0x1c19b0	0x3260a40	4294967295	?	None	?	None		0x1b52c0
0x24b04d0	605	0x1c1850	0x3260a48	4294967295	?	None	?	None		0xda3de0
0x24b04d0	607	0x1c16c0	0x3260a60	4294967295	?	None	?	None		0x1cc4450
0x24b04d0	609	0x1c1530	0x3260a80	4294967295	?	None	?	None		0x1cc4450
0x24b04d0	613	0x1d9360	0x325f500	4294967295	?	None	?	None		0x1cc4450
0x24b04d0	615	0x1e17c0	0x325ef28	4294967295	?	None	?	None		0x8fd550
0x24b04d0	619	0x1c1250	0x3260aa0	4294967295	?	None	?	None		0x1cc4450
0x24b04d0	623	0x1c0f40	0x3260ae0	4294967295	?	None	?	None		0x7cf630
0x24b04d0	625	0x1c0de0	0x3260af0	4294967295	?	None	?	None		0x5c49a0
0x24b04d0	629	0x1c0ae0	0x3260b10	4294967295	?	None	?	None		0x7c8a00
0x24b04d0	637	0x1dd820	0x325f288	4294967295	?	None	?	None		0x1cc4450
0x24b04d0	641	0x1d81d0	0x325f598	4294967295	?	None	?	None		0x1cc4450
0x24b04d0	642	0x1b5ad0	None	112	shadow_effect	None	?	None		0x2185254
0x24b04d0	643	0x1d08520	None	16	?	None	?	None		0x16fdc0
0x24b04d0	644	0x40b2c0	None	16	?	None	?	None		0x16fdc0
0x25350f0	0	0x1fea00	None	8	?	None	?	None		0x2185254
0x25350f0	2	0x63f630	None	167	verticalBorder	None	?	None		0x21879e8
0x25350f0	3	0x63f5a0	None	173	buttonText	None	?	None		0x21879e8
0x25350f0	4	0x63f510	None	179	layout	None	?	None		0x21879e8
0x25350f0	7	0xae3d50	None	197	truncate	None	?	None		0x21879e8
0x25350f0	8	0x1fea00	None	8	?	None	?	None		0x2185254
0x25350f0	10	0x63f630	None	167	verticalBorder	None	?	None		0x21879e8
0x25350f0	11	0x63f5a0	None	173	buttonText	None	?	None		0x21879e8
0x25350f0	12	0x63f510	None	179	layout	None	?	None		0x21879e8
0x25350f0	13	0x63f480	None	185	dropDownMenuType	None	?	None		0x21879e8
0x25350f0	14	0x63f3f0	None	191	l_swedish	None	?	None		0x21879e8
0x25350f0	16	0x1fea00	None	8	?	None	?	None		0x2185254
0x25350f0	18	0x63f630	None	167	verticalBorder	None	?	None		0x21879e8
0x25350f0	19	0x63f5a0	None	173	buttonText	None	?	None		0x21879e8
0x25350f0	20	0x63f510	None	179	layout	None	?	None		0x21879e8
0x25350f0	21	0x63f480	None	185	dropDownMenuType	None	?	None		0x21879e8
0x25350f0	22	0x63f3f0	None	191	l_swedish	None	?	None		0x21879e8
0x25350f0	23	0xae0f90	0x337abe8	380	click_to_front	None	?	None		0x21879e8
0x25350f0	24	0x15ccc0	None	16	?	None	?	None		0x2185254
0x25350f0	26	0x63f630	None	167	verticalBorder	None	?	None		0x21879e8
0x25350f0	27	0x63f5a0	None	173	buttonText	None	?	None		0x21879e8
0x25350f0	28	0x63f510	None	179	layout	None	?	None		0x21879e8
0x25350f0	29	0x63f480	None	185	dropDownMenuType	None	?	None		0x21879e8
0x25350f0	31	0xae3d50	None	197	truncate	None	?	None		0x21879e8
0x25350f0	32	0x1fea00	None	8	?	None	?	None		0x2185254
0x25350f0	34	0x63f630	None	167	verticalBorder	None	?	None		0x21879e8
0x25350f0	35	0x63f5a0	None	173	buttonText	None	?	None		0x21879e8
0x25350f0	36	0x63f510	None	179	layout	None	?	None		0x21879e8
0x25350f0	37	0x63f480	None	185	dropDownMenuType	None	?	None		0x21879e8
0x25350f0	38	0x63f3f0	None	191	l_swedish	None	?	None		0x21879e8
0x25350f0	40	0x1fea00	None	8	?	None	?	None		0x2185254
0x25350f0	42	0x63f630	None	167	verticalBorder	None	?	None		0x21879e8
0x25350f0	43	0x63f5a0	None	173	buttonText	None	?	None		0x21879e8
0x25350f0	44	0x63f510	None	179	layout	None	?	None		0x21879e8
0x25350f0	45	0x63f480	None	185	dropDownMenuType	None	?	None		0x21879e8
0x25350f0	46	0x63f3f0	None	191	l_swedish	None	?	None		0x21879e8
0x25350f0	48	0x1fea00	None	8	?	None	?	None		0x2185254
0x25350f0	50	0x63f630	None	167	verticalBorder	None	?	None		0x21879e8
0x25350f0	51	0x63f5a0	None	173	buttonText	None	?	None		0x21879e8
0x25350f0	52	0x63f510	None	179	layout	None	?	None		0x21879e8
0x25350f0	53	0x63f480	None	185	dropDownMenuType	None	?	None		0x21879e8
0x25350f0	54	0x63f3f0	None	191	l_swedish	None	?	None		0x21879e8
0x25350f0	56	0x15ccc0	None	16	?	None	?	None		0x2185254
0x25350f0	58	0x63f630	None	167	verticalBorder	None	?	None		0x21879e8
0x25350f0	59	0x63f5a0	None	173	buttonText	None	?	None		0x21879e8
0x25350f0	60	0x63f510	None	179	layout	None	?	None		0x21879e8
0x25350f0	61	0x63f480	None	185	dropDownMenuType	None	?	None		0x21879e8
0x25350f0	63	0xae3d50	None	197	truncate	None	?	None		0x21879e8
0x25350f0	64	0x1fea00	None	8	?	None	?	None		0x2185254
0x25350f0	66	0x63f630	None	167	verticalBorder	None	?	None		0x21879e8
0x25350f0	67	0x63f5a0	None	173	buttonText	None	?	None		0x21879e8
0x25350f0	68	0x63f510	None	179	layout	None	?	None		0x21879e8
0x25350f0	70	0x63f3f0	None	191	l_swedish	None	?	None		0x21879e8
0x25350f0	71	0xae3d50	None	197	truncate	None	?	None		0x21879e8
0x25350f0	72	0x15ccc0	None	16	?	None	?	None		0x2185254
0x25350f0	74	0x63f630	None	167	verticalBorder	None	?	None		0x21879e8
0x25350f0	75	0x63f5a0	None	173	buttonText	None	?	None		0x21879e8
0x25350f0	76	0x63f510	None	179	layout	None	?	None		0x21879e8
0x25350f0	79	0xae3d50	None	197	truncate	None	?	None		0x21879e8
0x25350f0	80	0x15ccc0	None	16	?	None	?	None		0x2185254
0x25350f0	82	0x63f630	None	167	verticalBorder	None	?	None		0x21879e8
0x25350f0	83	0x63f5a0	None	173	buttonText	None	?	None		0x21879e8
0x25350f0	84	0x63f510	None	179	layout	None	?	None		0x21879e8
0x25350f0	85	0x63f480	None	185	dropDownMenuType	None	?	None		0x21879e8
0x25350f0	87	0xae3d50	None	197	truncate	None	?	None		0x21879e8
0x25350f0	88	0x1fea00	None	8	?	None	?	None		0x2185254
0x25350f0	90	0x63f630	None	167	verticalBorder	None	?	None		0x21879e8
0x25350f0	91	0x63f5a0	None	173	buttonText	None	?	None		0x21879e8
0x25350f0	92	0x63f510	None	179	layout	None	?	None		0x21879e8
0x25350f0	95	0xae3d50	None	197	truncate	None	?	None		0x21879e8
0x25350f0	96	0x15ccc0	None	16	?	None	?	None		0x2185254
0x25350f0	98	0x63f630	None	167	verticalBorder	None	?	None		0x21879e8
0x25350f0	99	0x63f5a0	None	173	buttonText	None	?	None		0x21879e8
0x25350f0	100	0x63f510	None	179	layout	None	?	None		0x21879e8
0x25350f0	101	0x63f480	None	185	dropDownMenuType	None	?	None		0x21879e8
0x25350f0	103	0xae3d50	None	197	truncate	None	?	None		0x21879e8
0x25350f0	104	0x1fea00	None	8	?	None	?	None		0x2185254
0x25350f0	106	0x63f630	None	167	verticalBorder	None	?	None		0x21879e8
0x25350f0	107	0x63f5a0	None	173	buttonText	None	?	None		0x21879e8
0x25350f0	108	0x63f510	None	179	layout	None	?	None		0x21879e8
0x25350f0	110	0x63f3f0	None	191	l_swedish	None	?	None		0x21879e8
0x25350f0	111	0xae3d50	None	197	truncate	None	?	None		0x21879e8
0x25350f0	112	0x1fea00	None	8	?	None	?	None		0x2185254
0x25350f0	114	0x63f630	None	167	verticalBorder	None	?	None		0x21879e8
0x25350f0	115	0x63f5a0	None	173	buttonText	None	?	None		0x21879e8
0x25350f0	116	0x63f510	None	179	layout	None	?	None		0x21879e8
0x25350f0	117	0x63f480	None	185	dropDownMenuType	None	?	None		0x21879e8
0x25350f0	118	0x63f3f0	None	191	l_swedish	None	?	None		0x21879e8
0x25350f0	119	0xae0470	None	380	click_to_front	None	?	None		0x21879e8
0x25350f0	120	0x15ccc0	None	16	?	None	?	None		0x2185254
0x25350f0	122	0x63f630	None	167	verticalBorder	None	?	None		0x21879e8
0x25350f0	123	0x63f5a0	None	173	buttonText	None	?	None		0x21879e8
0x25350f0	124	0x63f510	None	179	layout	None	?	None		0x21879e8
0x25350f0	125	0x63f480	None	185	dropDownMenuType	None	?	None		0x21879e8
0x25350f0	127	0xae3d50	None	197	truncate	None	?	None		0x21879e8
0x25350f0	128	0x1fea00	None	8	?	None	?	None		0x2185254
0x2535558	0	0x63f480	None	185	dropDownMenuType	None	?	None		0x21879e8
0x2535558	1	0x63f3f0	None	191	l_swedish	None	?	None		0x21879e8
0x2535558	2	0xae3d50	None	197	truncate	None	?	None		0x21879e8
0x2535558	3	0x1fea00	None	8	?	None	?	None		0x2185254
0x2535558	5	0x63f630	None	167	verticalBorder	None	?	None		0x21879e8
0x2535558	6	0x63f5a0	None	173	buttonText	None	?	None		0x21879e8
0x2535558	7	0x63f510	None	179	layout	None	?	None		0x21879e8
0x2535558	8	0x63f480	None	185	dropDownMenuType	None	?	None		0x21879e8
0x2535558	9	0x63f3f0	None	191	l_swedish	None	?	None		0x21879e8
0x2535558	11	0x1fea00	None	8	?	None	?	None		0x2185254
0x2535558	13	0x63f630	None	167	verticalBorder	None	?	None		0x21879e8
0x2535558	14	0x63f5a0	None	173	buttonText	None	?	None		0x21879e8
0x2535558	15	0x63f510	None	179	layout	None	?	None		0x21879e8
0x2535558	16	0x63f480	None	185	dropDownMenuType	None	?	None		0x21879e8
0x2535558	17	0x63f3f0	None	191	l_swedish	None	?	None		0x21879e8
0x2535558	19	0x15ccc0	None	16	?	None	?	None		0x2185254
0x2535558	21	0x63f630	None	167	verticalBorder	None	?	None		0x21879e8
0x2535558	22	0x63f5a0	None	173	buttonText	None	?	None		0x21879e8
0x2535558	23	0x63f510	None	179	layout	None	?	None		0x21879e8
0x2535558	24	0x63f480	None	185	dropDownMenuType	None	?	None		0x21879e8
0x2535558	26	0xae3d50	None	197	truncate	None	?	None		0x21879e8
0x2535558	27	0x15ccc0	None	16	?	None	?	None		0x2185254
0x2535558	29	0x63f630	None	167	verticalBorder	None	?	None		0x21879e8
0x2535558	30	0x63f5a0	None	173	buttonText	None	?	None		0x21879e8
0x2535558	31	0x63f510	None	179	layout	None	?	None		0x21879e8
0x2535558	32	0x63f480	None	185	dropDownMenuType	None	?	None		0x21879e8
0x2535558	34	0xae3d50	None	197	truncate	None	?	None		0x21879e8
0x2535558	35	0x1fea00	None	8	?	None	?	None		0x2185254
0x2535558	37	0x63f630	None	167	verticalBorder	None	?	None		0x21879e8
0x2535558	38	0x63f5a0	None	173	buttonText	None	?	None		0x21879e8
0x2535558	39	0x63f510	None	179	layout	None	?	None		0x21879e8
0x2535558	40	0x63f480	None	185	dropDownMenuType	None	?	None		0x21879e8
0x2535558	41	0x63f3f0	None	191	l_swedish	None	?	None		0x21879e8
0x2535558	43	0x15ccc0	None	16	?	None	?	None		0x2185254
0x2535558	45	0x63f630	None	167	verticalBorder	None	?	None		0x21879e8
0x2535558	46	0x63f5a0	None	173	buttonText	None	?	None		0x21879e8
0x2535558	47	0x63f510	None	179	layout	None	?	None		0x21879e8
0x2535558	48	0x63f480	None	185	dropDownMenuType	None	?	None		0x21879e8
0x2535558	50	0xae3d50	None	197	truncate	None	?	None		0x21879e8
0x2535558	51	0x1fea00	None	8	?	None	?	None		0x2185254
0x2535558	53	0x63f630	None	167	verticalBorder	None	?	None		0x21879e8
0x2535558	54	0x63f5a0	None	173	buttonText	None	?	None		0x21879e8
0x2535558	55	0x63f510	None	179	layout	None	?	None		0x21879e8
0x2535558	56	0x63f480	None	185	dropDownMenuType	None	?	None		0x21879e8
0x2535558	57	0x63f3f0	None	191	l_swedish	None	?	None		0x21879e8
0x2535558	59	0x1fea00	None	8	?	None	?	None		0x2185254
0x2535558	61	0x63f630	None	167	verticalBorder	None	?	None		0x21879e8
0x2535558	62	0x63f5a0	None	173	buttonText	None	?	None		0x21879e8
0x2535558	63	0x63f510	None	179	layout	None	?	None		0x21879e8
0x2535558	64	0x63f480	None	185	dropDownMenuType	None	?	None		0x21879e8
0x2535558	65	0x63f3f0	None	191	l_swedish	None	?	None		0x21879e8
0x2535558	67	0x1fea00	None	8	?	None	?	None		0x2185254
0x2535558	69	0x63f630	None	167	verticalBorder	None	?	None		0x21879e8
0x2535558	70	0x63f5a0	None	173	buttonText	None	?	None		0x21879e8
0x2535558	71	0x63f510	None	179	layout	None	?	None		0x21879e8
0x2535558	73	0x63f3f0	None	191	l_swedish	None	?	None		0x21879e8
0x2535558	74	0xae3d50	None	197	truncate	None	?	None		0x21879e8
0x2608c38	0	0x34c090	None	16	?	0x24c7c68	0x34c090	None		0x2185254
0x2608c38	2	0x34c090	None	16	?	0x24c7c68	0x34c090	None		0x2185254
0x2608c38	4	0x34c090	None	16	?	0x24c7c68	0x34c090	None		0x2185254
0x2608c38	6	0x34c090	None	16	?	0x24c7c68	0x34c090	None		0x2185254
0x2608c38	8	0x34c090	None	16	?	0x24c7c68	0x34c090	None		0x2185254
0x2608c38	10	0x34c090	None	16	?	0x24c7c68	0x34c090	None		0x2185254
0x2608c38	12	0x34c090	None	16	?	0x24c7c68	0x34c090	None		0x2185254
0x2608c38	14	0x34c090	None	16	?	0x24c7c68	0x34c090	None		0x2185254
0x2608c38	16	0x34c090	None	16	?	0x24c7c68	0x34c090	None		0x2185254
0x2608c38	18	0x34c090	None	16	?	0x24c7c68	0x34c090	None		0x2185254
0x2608c38	20	0x34c090	None	16	?	0x24c7c68	0x34c090	None		0x2185254
0x2608c38	22	0x34c090	None	16	?	0x24c7c68	0x34c090	None		0x2185254
0x2608c38	24	0x34c090	None	16	?	0x24c7c68	0x34c090	None		0x2185254
0x2608c38	26	0x34c090	None	16	?	0x24c7c68	0x34c090	None		0x2185254
0x2608c38	28	0x34c090	None	16	?	0x24c7c68	0x34c090	None		0x2185254
0x2608c38	30	0x34c090	None	16	?	0x24c7c68	0x34c090	None		0x2185254
0x2608c38	32	0x34c090	None	16	?	0x24c7c68	0x34c090	None		0x2185254
0x2608c38	34	0x34c090	None	16	?	0x24c7c68	0x34c090	None		0x2185254
0x2608c38	36	0x34c090	None	16	?	0x24c7c68	0x34c090	None		0x2185254
0x2608c38	38	0x34c090	None	16	?	0x24c7c68	0x34c090	None		0x2185254
0x2608c38	40	0x34c090	None	16	?	0x24c7c68	0x34c090	None		0x2185254
0x2608c38	42	0x34c090	None	16	?	0x24c7c68	0x34c090	None		0x2185254
0x2608c38	44	0x34c090	None	16	?	0x24c7c68	0x34c090	None		0x2185254
0x2608c38	46	0x34c090	None	16	?	0x24c7c68	0x34c090	None		0x2185254
0x2608c38	48	0x34c090	None	16	?	0x24c7c68	0x34c090	None		0x2185254
0x2609d58	0	0x34c090	None	16	?	0x24c7c68	0x34c090	None		0x2185254
0x2609d58	2	0x34c090	None	16	?	0x24c7c68	0x34c090	None		0x2185254
0x2609d58	4	0x34c090	None	16	?	0x24c7c68	0x34c090	None		0x2185254
0x2609d58	6	0x34c090	None	16	?	0x24c7c68	0x34c090	None		0x2185254
0x2609d58	8	0x34c090	None	16	?	0x24c7c68	0x34c090	None		0x2185254
0x2609d58	10	0x34c090	None	16	?	0x24c7c68	0x34c090	None		0x2185254
0x2609d58	12	0x34c090	None	16	?	0x24c7c68	0x34c090	None		0x2185254
0x2609d58	14	0x34c090	None	16	?	0x24c7c68	0x34c090	None		0x2185254
0x2609d58	16	0x34c090	None	16	?	0x24c7c68	0x34c090	None		0x2185254
0x2609d58	18	0x34c090	None	16	?	0x24c7c68	0x34c090	None		0x2185254
0x2609d58	20	0x34c090	None	16	?	0x24c7c68	0x34c090	None		0x2185254
0x2609d58	22	0x34c090	None	16	?	0x24c7c68	0x34c090	None		0x2185254
0x2609d58	24	0x34c090	None	16	?	0x24c7c68	0x34c090	None		0x2185254
0x2609d58	26	0x34c090	None	16	?	0x24c7c68	0x34c090	None		0x2185254
0x2609d58	28	0x34c090	None	16	?	0x24c7c68	0x34c090	None		0x2185254
0x2609d58	30	0x34c090	None	16	?	0x24c7c68	0x34c090	None		0x2185254
0x2609d58	32	0x34c090	None	16	?	0x24c7c68	0x34c090	None		0x2185254
0x2609d58	34	0x34c090	None	16	?	0x24c7c68	0x34c090	None		0x2185254
0x2609d58	36	0x34c090	None	16	?	0x24c7c68	0x34c090	None		0x2185254
0x2609d58	38	0x34c090	None	16	?	0x24c7c68	0x34c090	None		0x2185254
0x2609d58	40	0x34c090	None	16	?	0x24c7c68	0x34c090	None		0x2185254
0x2609d58	42	0x34c090	None	16	?	0x24c7c68	0x34c090	None		0x2185254
0x2609d58	44	0x34c090	None	16	?	0x24c7c68	0x34c090	None		0x2185254
0x2609d58	46	0x34c090	None	16	?	0x24c7c68	0x34c090	None		0x2185254
0x2609d58	48	0x34c090	None	16	?	0x24c7c68	0x34c090	None		0x2185254
0x2609d58	50	0x34c090	None	16	?	0x24c7c68	0x34c090	None		0x2185254
0x2609d58	52	0x1829930	None	200	ordertype	None	?	None		0x2185254
0x260b358	0	0x34c090	None	16	?	0x24c7c68	0x34c090	None		0x2185254
0x260b358	2	0x34c090	None	16	?	0x24c7c68	0x34c090	None		0x2185254
0x260b358	4	0x34c090	None	16	?	0x24c7c68	0x34c090	None		0x2185254
0x260b358	6	0x34c090	None	16	?	0x24c7c68	0x34c090	None		0x2185254
0x260b358	8	0x34c090	None	16	?	0x24c7c68	0x34c090	None		0x2185254
0x260b358	10	0x34c090	None	16	?	0x24c7c68	0x34c090	None		0x2185254
0x260b358	12	0x34c090	None	16	?	0x24c7c68	0x34c090	None		0x2185254
0x260b358	14	0x34c090	None	16	?	0x24c7c68	0x34c090	None		0x2185254
0x260b358	16	0x34c090	None	16	?	0x24c7c68	0x34c090	None		0x2185254
0x260b358	18	0x34c090	None	16	?	0x24c7c68	0x34c090	None		0x2185254
0x260b358	20	0x34c090	None	16	?	0x24c7c68	0x34c090	None		0x2185254
0x260b358	22	0x34c090	None	16	?	0x24c7c68	0x34c090	None		0x2185254
0x260b358	24	0x34c090	None	16	?	0x24c7c68	0x34c090	None		0x2185254
0x260b358	26	0x34c090	None	16	?	0x24c7c68	0x34c090	None		0x2185254
0x260b358	28	0x34c090	None	16	?	0x24c7c68	0x34c090	None		0x2185254
0x260b358	30	0x34c090	None	16	?	0x24c7c68	0x34c090	None		0x2185254
0x260b358	32	0x34c090	None	16	?	0x24c7c68	0x34c090	None		0x2185254
0x260b358	34	0x34c090	None	16	?	0x24c7c68	0x34c090	None		0x2185254
0x260b358	36	0x34c090	None	16	?	0x24c7c68	0x34c090	None		0x2185254
0x260b358	38	0x34c090	None	16	?	0x24c7c68	0x34c090	None		0x2185254
0x260b358	40	0x34c090	None	16	?	0x24c7c68	0x34c090	None		0x2185254
0x260b358	42	0x34c090	None	16	?	0x24c7c68	0x34c090	None		0x2185254
0x260b358	44	0x34c090	None	16	?	0x24c7c68	0x34c090	None		0x2185254
0x260b358	46	0x34c090	None	16	?	0x24c7c68	0x34c090	None		0x2185254
0x260b358	48	0x34c090	None	16	?	0x24c7c68	0x34c090	None		0x2185254
0x260b358	50	0x34c090	None	16	?	0x24c7c68	0x34c090	None		0x2185254
0x260b358	52	0x34c090	None	16	?	0x24c7c68	0x34c090	None		0x2185254
0x260b358	54	0x34c090	None	16	?	0x24c7c68	0x34c090	None		0x2185254
0x260b358	56	0x34c090	None	16	?	0x24c7c68	0x34c090	None		0x2185254
0x260b358	58	0x34c090	None	16	?	0x24c7c68	0x34c090	None		0x2185254
0x260b358	60	0x1828f40	None	616	max_slots_vertical	None	?	None		0x2185254
0x260b358	61	0x3afd30	None	1	?	None	?	None		0x1cc4450
0x260dde0	0	0x34c090	None	16	?	0x24c7c68	0x34c090	None		0x2185254
0x260dde0	2	0x34c090	None	16	?	0x24c7c68	0x34c090	None		0x2185254
0x260dde0	4	0x34c090	None	16	?	0x24c7c68	0x34c090	None		0x2185254
0x260dde0	6	0x34c090	None	16	?	0x24c7c68	0x34c090	None		0x2185254
0x260dde0	7	0x189bdd0	None	11403	this	None	?	None		0x3549d0
0x260dde0	8	0x34c090	None	16	?	0x24c7c68	0x34c090	None		0x2185254
0x260dde0	10	0x34c090	None	16	?	0x24c7c68	0x34c090	None		0x2185254
0x260dde0	12	0x34c090	None	16	?	0x24c7c68	0x34c090	None		0x2185254
0x260dde0	14	0x34c090	None	16	?	0x24c7c68	0x34c090	None		0x2185254
0x260dde0	15	0x189bbe0	None	11403	this	None	?	None		0x3549d0
0x260dde0	16	0x34c090	None	16	?	0x24c7c68	0x34c090	None		0x2185254
0x260dde0	18	0x34c090	None	16	?	0x24c7c68	0x34c090	None		0x2185254
0x260dde0	20	0x34c090	None	16	?	0x24c7c68	0x34c090	None		0x2185254
0x260dde0	22	0x34c090	None	16	?	0x24c7c68	0x34c090	None		0x2185254
0x260dde0	24	0x34c090	None	16	?	0x24c7c68	0x34c090	None		0x2185254
0x260dde0	26	0x34c090	None	16	?	0x24c7c68	0x34c090	None		0x2185254
0x260dde0	28	0x34c090	None	16	?	0x24c7c68	0x34c090	None		0x2185254
0x260dde0	30	0x34c090	None	16	?	0x24c7c68	0x34c090	None		0x2185254
0x260dde0	32	0x34c090	None	16	?	0x24c7c68	0x34c090	None		0x2185254
0x260dde0	34	0x34c090	None	16	?	0x24c7c68	0x34c090	None		0x2185254
0x260dde0	36	0x34c090	None	16	?	0x24c7c68	0x34c090	None		0x2185254
0x260dde0	38	0x34c090	None	16	?	0x24c7c68	0x34c090	None		0x2185254
0x260dde0	39	0x189c480	None	11403	this	None	?	None		0x3549d0
0x260dde0	40	0x34c090	None	16	?	0x24c7c68	0x34c090	None		0x2185254
0x260dde0	42	0x34c090	None	16	?	0x24c7c68	0x34c090	None		0x2185254
0x260dde0	44	0x1829930	None	200	ordertype	None	?	None		0x2185254
0x260ee00	0	0x34c090	None	16	?	0x24c7c68	0x34c090	None		0x2185254
0x260ee00	2	0x34c090	None	16	?	0x24c7c68	0x34c090	None		0x2185254
0x260ee00	4	0x34c090	None	16	?	0x24c7c68	0x34c090	None		0x2185254
0x260ee00	6	0x34c090	None	16	?	0x24c7c68	0x34c090	None		0x2185254
0x260ee00	8	0x34c090	None	16	?	0x24c7c68	0x34c090	None		0x2185254
0x260ee00	10	0x34c090	None	16	?	0x24c7c68	0x34c090	None		0x2185254
0x260ee00	11	0x189b9c0	None	11403	this	None	?	None		0x3549d0
0x260ee00	12	0x34c090	None	16	?	0x24c7c68	0x34c090	None		0x2185254
0x260ee00	14	0x34c090	None	16	?	0x24c7c68	0x34c090	None		0x2185254
0x260ee00	16	0x34c090	None	16	?	0x24c7c68	0x34c090	None		0x2185254
0x260ee00	17	0x189b8a0	None	11404	root	None	?	None		0x3549d0
0x260ee00	18	0x34c090	None	16	?	0x24c7c68	0x34c090	None		0x2185254
0x260ee00	20	0x34c090	None	16	?	0x24c7c68	0x34c090	None		0x2185254
0x260ee00	22	0x34c090	None	16	?	0x24c7c68	0x34c090	None		0x2185254
0x260ee00	24	0x34c090	None	16	?	0x24c7c68	0x34c090	None		0x2185254
0x260ee00	26	0x34c090	None	16	?	0x24c7c68	0x34c090	None		0x2185254
0x260ee00	28	0x34c090	None	16	?	0x24c7c68	0x34c090	None		0x2185254
0x260ee00	30	0x34c090	None	16	?	0x24c7c68	0x34c090	None		0x2185254
0x260ee00	32	0x34c090	None	16	?	0x24c7c68	0x34c090	None		0x2185254
0x260ee00	34	0x34c090	None	16	?	0x24c7c68	0x34c090	None		0x2185254
0x260ee00	36	0x34c090	None	16	?	0x24c7c68	0x34c090	None		0x2185254
0x260ee00	38	0x34c090	None	16	?	0x24c7c68	0x34c090	None		0x2185254
0x260ee00	40	0x34c090	None	16	?	0x24c7c68	0x34c090	None		0x2185254
0x260ee00	42	0x34c090	None	16	?	0x24c7c68	0x34c090	None		0x2185254
0x260ee00	44	0x34c090	None	16	?	0x24c7c68	0x34c090	None		0x2185254
0x260ee00	46	0x34c090	None	16	?	0x24c7c68	0x34c090	None		0x2185254
0x260ee00	48	0x34c090	None	16	?	0x24c7c68	0x34c090	None		0x2185254
0x260ee00	50	0x34c090	None	16	?	0x24c7c68	0x34c090	None		0x2185254
0x260ee00	52	0x34c090	None	16	?	0x24c7c68	0x34c090	None		0x2185254
0x260ee00	54	0x34c090	None	16	?	0x24c7c68	0x34c090	None		0x2185254
0x260ee00	56	0x1829930	None	200	ordertype	None	?	None		0x2185254
0x260fb60	0	0x34c090	None	16	?	0x24c7c68	0x34c090	None		0x2185254
0x260fb60	1	0x18991e0	None	11403	this	None	?	None		0x3549d0
0x260fb60	2	0x34c090	None	16	?	0x24c7c68	0x34c090	None		0x2185254
0x260fb60	4	0x34c090	None	16	?	0x24c7c68	0x34c090	None		0x2185254
0x260fb60	6	0x34c090	None	16	?	0x24c7c68	0x34c090	None		0x2185254
0x260fb60	8	0x34c090	None	16	?	0x24c7c68	0x34c090	None		0x2185254
0x260fb60	10	0x34c090	None	16	?	0x24c7c68	0x34c090	None		0x2185254
0x260fb60	12	0x34c090	None	16	?	0x24c7c68	0x34c090	None		0x2185254
0x260fb60	14	0x34c090	None	16	?	0x24c7c68	0x34c090	None		0x2185254
0x260fb60	16	0x34c090	None	16	?	0x24c7c68	0x34c090	None		0x2185254
0x260fb60	18	0x34c090	None	16	?	0x24c7c68	0x34c090	None		0x2185254
0x260fb60	20	0x34c090	None	16	?	0x24c7c68	0x34c090	None		0x2185254
0x260fb60	22	0x34c090	None	16	?	0x24c7c68	0x34c090	None		0x2185254
0x260fb60	24	0x34c090	None	16	?	0x24c7c68	0x34c090	None		0x2185254
0x260fb60	26	0x34c090	None	16	?	0x24c7c68	0x34c090	None		0x2185254
0x260fb60	28	0x34c090	None	16	?	0x24c7c68	0x34c090	None		0x2185254
0x260fb60	30	0x34c090	None	16	?	0x24c7c68	0x34c090	None		0x2185254
0x260fb60	32	0x34c090	None	16	?	0x24c7c68	0x34c090	None		0x2185254
0x260fb60	34	0x34c090	None	16	?	0x24c7c68	0x34c090	None		0x2185254
0x260fb60	36	0x34c090	None	16	?	0x24c7c68	0x34c090	None		0x2185254
0x260fb60	38	0x34c090	None	16	?	0x24c7c68	0x34c090	None		0x2185254
0x260fb60	40	0x34c090	None	16	?	0x24c7c68	0x34c090	None		0x2185254
0x260fb60	42	0x34c090	None	16	?	0x24c7c68	0x34c090	None		0x2185254
0x260fb60	43	0x1896f00	None	11403	this	None	?	None		0x3549d0
0x260fb60	44	0x34c090	None	16	?	0x24c7c68	0x34c090	None		0x2185254
0x260fb60	45	0x1896ea0	None	11404	root	None	?	None		0x3549d0
0x260fb60	46	0x34c090	None	16	?	0x24c7c68	0x34c090	None		0x2185254
0x260fb60	48	0x34c090	None	16	?	0x24c7c68	0x34c090	None		0x2185254
0x260fb60	50	0x34c090	None	16	?	0x24c7c68	0x34c090	None		0x2185254
0x260fb60	52	0x34c090	None	16	?	0x24c7c68	0x34c090	None		0x2185254
0x260fb60	54	0x34c090	None	16	?	0x24c7c68	0x34c090	None		0x2185254
0x260fb60	56	0x34c090	None	16	?	0x24c7c68	0x34c090	None		0x2185254
0x260fb60	57	0x18970f0	None	11403	this	None	?	None		0x3549d0
0x260fb60	58	0x34c090	None	16	?	0x24c7c68	0x34c090	None		0x2185254
0x260fb60	60	0x1829930	None	200	ordertype	None	?	None		0x2185254
0x2610210	0	0x34c090	None	16	?	0x24c7c68	0x34c090	None		0x2185254
0x2610210	2	0x34c090	None	16	?	0x24c7c68	0x34c090	None		0x2185254
0x2610210	4	0x34c090	None	16	?	0x24c7c68	0x34c090	None		0x2185254
0x2610210	6	0x34c090	None	16	?	0x24c7c68	0x34c090	None		0x2185254
0x2610210	7	0x1897e80	None	11403	this	None	?	None		0x3549d0
0x2610210	8	0x34c090	None	16	?	0x24c7c68	0x34c090	None		0x2185254
0x2610210	9	0x1897e10	None	11403	this	None	?	None		0x3549d0
0x2610210	10	0x34c090	None	16	?	0x24c7c68	0x34c090	None		0x2185254
0x2610210	11	0x1897db0	None	11403	this	None	?	None		0x3549d0
0x2610210	12	0x34c090	None	16	?	0x24c7c68	0x34c090	None		0x2185254
0x2610210	13	0x1897d50	None	11403	this	None	?	None		0x3549d0
0x2610210	14	0x34c090	None	16	?	0x24c7c68	0x34c090	None		0x2185254
0x2610210	15	0x1897cd0	None	11403	this	None	?	None		0x3549d0
0x2610210	16	0x34c090	None	16	?	0x24c7c68	0x34c090	None		0x2185254
0x2610210	18	0x34c090	None	16	?	0x24c7c68	0x34c090	None		0x2185254
0x2610210	20	0x34c090	None	16	?	0x24c7c68	0x34c090	None		0x2185254
0x2610210	22	0x34c090	None	16	?	0x24c7c68	0x34c090	None		0x2185254
0x2610210	23	0x1898320	None	674	auto	None	?	None		0x3afb40
0x2610210	24	0x34c090	None	16	?	0x24c7c68	0x34c090	None		0x2185254
0x2610210	25	0x18982c0	None	11403	this	None	?	None		0x3549d0
0x2610210	26	0x34c090	None	16	?	0x24c7c68	0x34c090	None		0x2185254
0x2610210	27	0x1898170	None	11403	this	None	?	None		0x34ecd0
0x2610210	28	0x34c090	None	16	?	0x24c7c68	0x34c090	None		0x2185254
0x2610210	29	0x18980f0	None	11403	this	None	?	None		0x3549d0
0x2610210	30	0x34c090	None	16	?	0x24c7c68	0x34c090	None		0x2185254
0x2610210	31	0x1898070	None	11403	this	None	?	None		0x3549d0
0x2610210	32	0x34c090	None	16	?	0x24c7c68	0x34c090	None		0x2185254
0x2610210	33	0x1897ff0	None	11403	this	None	?	None		0x3549d0
0x2610210	34	0x34c090	None	16	?	0x24c7c68	0x34c090	None		0x2185254
0x2610210	35	0x1897f70	None	11403	this	None	?	None		0x3549d0
0x2610210	36	0x34c090	None	16	?	0x24c7c68	0x34c090	None		0x2185254
0x2610210	37	0x1897ef0	None	11403	this	None	?	None		0x3549d0
0x2610210	38	0x34c090	None	16	?	0x24c7c68	0x34c090	None		0x2185254
0x2610210	40	0x34c090	None	16	?	0x24c7c68	0x34c090	None		0x2185254
0x2610210	42	0x34c090	None	16	?	0x24c7c68	0x34c090	None		0x2185254
0x2610210	44	0x34c090	None	16	?	0x24c7c68	0x34c090	None		0x2185254
0x2610210	45	0x1895d40	None	11404	root	0x24bcf70	0x1edc70	0x247a488	pW@	0x375ca0
0x2610210	46	0x34c090	None	16	?	0x24c7c68	0x34c090	None		0x2185254
0x2610210	47	0x1895c70	None	11404	root	0x24bcf70	0x1edc70	0x247a488	pW@	0x375ca0
0x2610210	48	0x34c090	None	16	?	0x24c7c68	0x34c090	None		0x2185254
0x2610210	49	0x1895b50	None	11404	root	0x24b3050	0x1b3ea0	None		0x3afb40
0x2610210	50	0x34c090	None	16	?	0x24c7c68	0x34c090	None		0x2185254
0x2610210	52	0x1829930	None	200	ordertype	None	?	None		0x2185254
0x2610210	54	0x3b01a0	0x33746e8	1	?	None	?	None		0x3b0d90
0x2610ac0	0	0x34c090	None	16	?	0x24c7c68	0x34c090	None		0x2185254
0x2610ac0	2	0x34c090	None	16	?	0x24c7c68	0x34c090	None		0x2185254
0x2610ac0	4	0x34c090	None	16	?	0x24c7c68	0x34c090	None		0x2185254
0x2610ac0	6	0x34c090	None	16	?	0x24c7c68	0x34c090	None		0x2185254
0x2610ac0	8	0x34c090	None	16	?	0x24c7c68	0x34c090	None		0x2185254
0x2610ac0	10	0x34c090	None	16	?	0x24c7c68	0x34c090	None		0x2185254
0x2610ac0	12	0x34c090	None	16	?	0x24c7c68	0x34c090	None		0x2185254
0x2610ac0	14	0x34c090	None	16	?	0x24c7c68	0x34c090	None		0x2185254
0x2610ac0	15	0x1896820	None	11404	root	None	?	None		0x3afb40
0x2610ac0	16	0x34c090	None	16	?	0x24c7c68	0x34c090	None		0x2185254
0x2610ac0	17	0x18967b0	None	11404	root	None	?	None		0x3afb40
0x2610ac0	18	0x34c090	None	16	?	0x24c7c68	0x34c090	None		0x2185254
0x2610ac0	20	0x34c090	None	16	?	0x24c7c68	0x34c090	None		0x2185254
0x2610ac0	22	0x34c090	None	16	?	0x24c7c68	0x34c090	None		0x2185254
0x2610ac0	24	0x34c090	None	16	?	0x24c7c68	0x34c090	None		0x2185254
0x2610ac0	26	0x34c090	None	16	?	0x24c7c68	0x34c090	None		0x2185254
0x2610ac0	28	0x34c090	None	16	?	0x24c7c68	0x34c090	None		0x2185254
0x2610ac0	30	0x34c090	None	16	?	0x24c7c68	0x34c090	None		0x2185254
0x2610ac0	32	0x34c090	None	16	?	0x24c7c68	0x34c090	None		0x2185254
0x2610ac0	34	0x34c090	None	16	?	0x24c7c68	0x34c090	None		0x2185254
0x2610ac0	36	0x34c090	None	16	?	0x24c7c68	0x34c090	None		0x2185254
0x2610ac0	37	0x1896a90	None	11403	this	None	?	None		0x3549d0
0x2610ac0	38	0x34c090	None	16	?	0x24c7c68	0x34c090	None		0x2185254
0x2610ac0	39	0x1896a10	None	11403	this	None	?	None		0x3549d0
0x2610ac0	40	0x34c090	None	16	?	0x24c7c68	0x34c090	None		0x2185254
0x2610ac0	42	0x34c090	None	16	?	0x24c7c68	0x34c090	None		0x2185254
0x2610ac0	44	0x34c090	None	16	?	0x24c7c68	0x34c090	None		0x2185254
0x2610ac0	46	0x34c090	None	16	?	0x24c7c68	0x34c090	None		0x2185254
0x2610ac0	48	0x34c090	None	16	?	0x24c7c68	0x34c090	None		0x2185254
0x2610ac0	50	0x34c090	None	16	?	0x24c7c68	0x34c090	None		0x2185254
0x2610ac0	52	0x34c090	None	16	?	0x24c7c68	0x34c090	None		0x2185254
0x2610ac0	54	0x34c090	None	16	?	0x24c7c68	0x34c090	None		0x2185254
0x2610ac0	56	0x34c090	None	16	?	0x24c7c68	0x34c090	None		0x2185254
0x2610ac0	58	0x34c090	None	16	?	0x24c7c68	0x34c090	None		0x2185254
0x2610ac0	60	0x34c090	None	16	?	0x24c7c68	0x34c090	None		0x2185254
0x2610ac0	62	0x34c090	None	16	?	0x24c7c68	0x34c090	None		0x2185254
0x2610ac0	64	0x34c090	None	16	?	0x24c7c68	0x34c090	None		0x2185254
0x2610ac0	66	0x34c090	None	16	?	0x24c7c68	0x34c090	None		0x2185254
0x2610ac0	68	0x34c090	None	16	?	0x24c7c68	0x34c090	None		0x2185254
0x2610ac0	70	0x34c090	None	16	?	0x24c7c68	0x34c090	None		0x2185254
0x2610ac0	72	0x34c090	None	16	?	0x24c7c68	0x34c090	None		0x2185254
0x2610ac0	74	0x34c090	None	16	?	0x24c7c68	0x34c090	None		0x2185254
0x2610ac0	76	0x34c090	None	16	?	0x24c7c68	0x34c090	None		0x2185254
0x2610ac0	78	0x34c090	None	16	?	0x24c7c68	0x34c090	None		0x2185254
0x2610ac0	80	0x34c090	None	16	?	0x24c7c68	0x34c090	None		0x2185254
0x2610ac0	82	0x34c090	None	16	?	0x24c7c68	0x34c090	None		0x2185254
0x2610ac0	84	0x34c090	None	16	?	0x24c7c68	0x34c090	None		0x2185254
0x2610ac0	86	0x34c090	None	16	?	0x24c7c68	0x34c090	None		0x2185254
0x2610ac0	88	0x34c090	None	16	?	0x24c7c68	0x34c090	None		0x2185254
0x2610ac0	90	0x34c090	None	16	?	0x24c7c68	0x34c090	None		0x2185254
0x2610ac0	92	0x34c090	None	16	?	0x24c7c68	0x34c090	None		0x2185254
0x2610ac0	94	0x34c090	None	16	?	0x24c7c68	0x34c090	None		0x2185254
0x2610ac0	96	0x34c090	None	16	?	0x24c7c68	0x34c090	None		0x2185254
0x2610ac0	98	0x34c090	None	16	?	0x24c7c68	0x34c090	None		0x2185254
0x2610ac0	100	0x34c090	None	16	?	0x24c7c68	0x34c090	None		0x2185254
0x2610ac0	102	0x34c090	None	16	?	0x24c7c68	0x34c090	None		0x2185254
0x2610ac0	104	0x34c090	None	16	?	0x24c7c68	0x34c090	None		0x2185254
0x2610ac0	106	0x34c090	None	16	?	0x24c7c68	0x34c090	None		0x2185254
0x2610ac0	108	0x34c090	None	16	?	0x24c7c68	0x34c090	None		0x2185254
0x2610ac0	110	0x34c090	None	16	?	0x24c7c68	0x34c090	None		0x2185254
0x2610ac0	112	0x34c090	None	16	?	0x24c7c68	0x34c090	None		0x2185254
0x2610ac0	114	0x34c090	None	16	?	0x24c7c68	0x34c090	None		0x2185254
0x2610ac0	116	0x34c090	None	16	?	0x24c7c68	0x34c090	None		0x2185254
0x2610ac0	118	0x34c090	None	16	?	0x24c7c68	0x34c090	None		0x2185254
0x2610ac0	120	0x34c090	None	16	?	0x24c7c68	0x34c090	None		0x2185254
0x2610ac0	122	0x34c090	None	16	?	0x24c7c68	0x34c090	None		0x2185254
0x2610ac0	124	0x34c090	None	16	?	0x24c7c68	0x34c090	None		0x2185254
0x2610ac0	126	0x34c090	None	16	?	0x24c7c68	0x34c090	None		0x2185254
0x2610ac0	128	0x34c090	None	16	?	0x24c7c68	0x34c090	None		0x2185254
0x2610ac0	130	0x34c090	None	16	?	0x24c7c68	0x34c090	None		0x2185254
0x2610ac0	132	0x34c090	None	16	?	0x24c7c68	0x34c090	None		0x2185254
0x2610ac0	134	0x34c090	None	16	?	0x24c7c68	0x34c090	None		0x2185254
0x2610ac0	136	0x34c090	None	16	?	0x24c7c68	0x34c090	None		0x2185254
0x2610ac0	138	0x34c090	None	16	?	0x24c7c68	0x34c090	None		0x2185254
0x2610ac0	140	0x34c090	None	16	?	0x24c7c68	0x34c090	None		0x2185254
0x2610ac0	142	0x34c090	None	16	?	0x24c7c68	0x34c090	None		0x2185254
0x2610ac0	144	0x34c090	None	16	?	0x24c7c68	0x34c090	None		0x2185254
0x2610ac0	146	0x34c090	None	16	?	0x24c7c68	0x34c090	None		0x2185254
0x2610ac0	148	0x34c090	None	16	?	0x24c7c68	0x34c090	None		0x2185254
0x2610ac0	150	0x34c090	None	16	?	0x24c7c68	0x34c090	None		0x2185254
0x2610ac0	152	0x34c090	None	16	?	0x24c7c68	0x34c090	None		0x2185254
0x2610ac0	154	0x34c090	None	16	?	0x24c7c68	0x34c090	None		0x2185254
0x2610ac0	156	0x34c090	None	16	?	0x24c7c68	0x34c090	None		0x2185254
0x2610ac0	158	0x34c090	None	16	?	0x24c7c68	0x34c090	None		0x2185254
0x2610ac0	160	0x34c090	None	16	?	0x24c7c68	0x34c090	None		0x2185254
0x2610ac0	162	0x34c090	None	16	?	0x24c7c68	0x34c090	None		0x2185254
0x2610ac0	164	0x34c090	None	16	?	0x24c7c68	0x34c090	None		0x2185254
0x2610ac0	166	0x34c090	None	16	?	0x24c7c68	0x34c090	None		0x2185254
0x2610ac0	168	0x34c090	None	16	?	0x24c7c68	0x34c090	None		0x2185254
0x2610ac0	170	0x34c090	None	16	?	0x24c7c68	0x34c090	None		0x2185254
0x2610ac0	172	0x34c090	None	16	?	0x24c7c68	0x34c090	None		0x2185254
0x2610ac0	174	0x34c090	None	16	?	0x24c7c68	0x34c090	None		0x2185254
0x2610ac0	176	0x34c090	None	16	?	0x24c7c68	0x34c090	None		0x2185254
0x2610ac0	178	0x34c090	None	16	?	0x24c7c68	0x34c090	None		0x2185254
0x2610ac0	180	0x34c090	None	16	?	0x24c7c68	0x34c090	None		0x2185254
0x2610ac0	182	0x34c090	None	16	?	0x24c7c68	0x34c090	None		0x2185254
0x2610ac0	184	0x34c090	None	16	?	0x24c7c68	0x34c090	None		0x2185254
0x2610ac0	186	0x34c090	None	16	?	0x24c7c68	0x34c090	None		0x2185254
0x2610ac0	188	0x34c090	None	16	?	0x24c7c68	0x34c090	None		0x2185254
0x2610ac0	190	0x34c090	None	16	?	0x24c7c68	0x34c090	None		0x2185254
0x2610ac0	192	0x34c090	None	16	?	0x24c7c68	0x34c090	None		0x2185254
0x2610ac0	194	0x34c090	None	16	?	0x24c7c68	0x34c090	None		0x2185254
0x2610ac0	196	0x34c090	None	16	?	0x24c7c68	0x34c090	None		0x2185254
0x2610ac0	198	0x34c090	None	16	?	0x24c7c68	0x34c090	None		0x2185254
0x2610ac0	200	0x34c090	None	16	?	0x24c7c68	0x34c090	None		0x2185254
0x2610ac0	201	0x1893a30	None	11403	this	None	?	None		0x3549d0
0x2610ac0	202	0x34c090	None	16	?	0x24c7c68	0x34c090	None		0x2185254
0x2610ac0	204	0x34c090	None	16	?	0x24c7c68	0x34c090	None		0x2185254
0x2610ac0	206	0x34c090	None	16	?	0x24c7c68	0x34c090	None		0x2185254
0x2610ac0	208	0x1829930	None	200	ordertype	None	?	None		0x2185254
0x2666068	1	0x34c090	None	16	?	0x24c7c68	0x34c090	None		0x2185254
0x2666068	2	0x1a75410	None	128	upSprite	None	?	None		0x192b260
0x2666068	3	0x34c090	None	16	?	0x24c7c68	0x34c090	None		0x2185254
0x2666068	5	0x34c090	None	16	?	0x24c7c68	0x34c090	None		0x2185254
0x2666068	6	0x1a754b0	None	128	upSprite	None	?	None		0x17f7860
0x2666068	7	0x34c090	None	16	?	0x24c7c68	0x34c090	None		0x2185254
0x2666068	8	0x1a75460	None	128	upSprite	None	?	None		0x192b5d0
0x2666068	9	0x34c090	None	16	?	0x24c7c68	0x34c090	None		0x2185254
0x2666068	10	0x1a75260	None	128	upSprite	None	?	None		0x192b5d0
0x2666068	11	0x34c090	None	16	?	0x24c7c68	0x34c090	None		0x2185254
0x2666068	12	0x1a75210	None	128	upSprite	None	?	None		0x192b260
0x2666068	13	0x34c090	None	16	?	0x24c7c68	0x34c090	None		0x2185254
0x2666068	15	0x34c090	None	16	?	0x24c7c68	0x34c090	None		0x2185254
0x2666068	16	0x1a752b0	None	128	upSprite	None	?	None		0x17f7860
0x2666068	17	0x34c090	None	16	?	0x24c7c68	0x34c090	None		0x2185254
0x2666068	19	0x34c090	None	16	?	0x24c7c68	0x34c090	None		0x2185254
0x2666068	20	0x1a756b0	None	128	upSprite	None	?	None		0x17f7860
0x2666068	21	0x34c090	None	16	?	0x24c7c68	0x34c090	None		0x2185254
0x2666068	22	0x1a75810	None	4	?	None	?	None		0x192b260
0x2666068	23	0x34c090	None	16	?	0x24c7c68	0x34c090	None		0x2185254
0x2666068	25	0x34c090	None	16	?	0x24c7c68	0x34c090	None		0x2185254
0x2666068	27	0x34c090	None	16	?	0x24c7c68	0x34c090	None		0x2185254
0x2666068	29	0x34c090	None	16	?	0x24c7c68	0x34c090	None		0x2185254
0x2666068	30	0x1a75660	None	128	upSprite	None	?	None		0x192b5d0
0x2666068	31	0x34c090	None	16	?	0x24c7c68	0x34c090	None		0x2185254
0x2666068	32	0x1a75610	None	128	upSprite	None	?	None		0x192b260
0x2666068	33	0x34c090	None	16	?	0x24c7c68	0x34c090	None		0x2185254
0x2666068	34	0x1a75a60	None	4	?	None	?	None		0x192b5d0
0x2666068	35	0x34c090	None	16	?	0x24c7c68	0x34c090	None		0x2185254
0x2666068	36	0x1a75a10	None	4	?	None	?	None		0x192b260
0x2666068	37	0x34c090	None	16	?	0x24c7c68	0x34c090	None		0x2185254
0x2666068	39	0x34c090	None	16	?	0x24c7c68	0x34c090	None		0x2185254
0x2666068	40	0x1a75ab0	None	4	?	None	?	None		0x17f7860
0x2666068	41	0x34c090	None	16	?	0x24c7c68	0x34c090	None		0x2185254
0x2666068	42	0x1a758b0	None	4	?	None	?	None		0x17f7860
0x2666068	43	0x34c090	None	16	?	0x24c7c68	0x34c090	None		0x2185254
0x2666068	44	0x1a75860	None	4	?	None	?	None		0x192b5d0
0x2666068	45	0x34c090	None	16	?	0x24c7c68	0x34c090	None		0x2185254
0x2666068	47	0x34c090	None	16	?	0x24c7c68	0x34c090	None		0x2185254
0x2666068	49	0x34c090	None	16	?	0x24c7c68	0x34c090	None		0x2185254
0x2666068	51	0x34c090	None	16	?	0x24c7c68	0x34c090	None		0x2185254
0x2666068	53	0x34c090	None	16	?	0x24c7c68	0x34c090	None		0x2185254
0x2666068	54	0x1a75e60	None	32768	?	None	?	None		0x192b5d0
0x2666068	55	0x34c090	None	16	?	0x24c7c68	0x34c090	None		0x2185254
0x2666068	56	0x1a75e10	None	32768	?	None	?	None		0x192b260
0x2666068	57	0x34c090	None	16	?	0x24c7c68	0x34c090	None		0x2185254
0x2666068	58	0x1a75c10	None	4	?	None	?	None		0x192b260
0x2666068	59	0x34c090	None	16	?	0x24c7c68	0x34c090	None		0x2185254
0x2666068	61	0x34c090	None	16	?	0x24c7c68	0x34c090	None		0x2185254
0x2666068	62	0x1a75cb0	None	4	?	None	?	None		0x17f7860
0x2666068	63	0x34c090	None	16	?	0x24c7c68	0x34c090	None		0x2185254
0x2666068	64	0x1a75c60	None	4	?	None	?	None		0x192b5d0
0x2666068	65	0x34c090	None	16	?	0x24c7c68	0x34c090	None		0x2185254
0x2666068	67	0x34c090	None	16	?	0x24c7c68	0x34c090	None		0x2185254
0x2666068	68	0x1a75eb0	None	32768	?	None	?	None		0x17f7860
0x2666068	69	0x34c090	None	16	?	0x24c7c68	0x34c090	None		0x2185254
0x2666068	71	0x34c090	None	16	?	0x24c7c68	0x34c090	None		0x2185254
0x2666068	72	0x1a73a60	None	2048	?	None	?	None		0x192b5d0
0x2666068	73	0x34c090	None	16	?	0x24c7c68	0x34c090	None		0x2185254
0x2666068	74	0x1a73a10	None	2048	?	None	?	None		0x192b260
0x2666068	75	0x34c090	None	16	?	0x24c7c68	0x34c090	None		0x2185254
0x2666068	77	0x34c090	None	16	?	0x24c7c68	0x34c090	None		0x2185254
0x2666068	78	0x1a73ab0	None	2048	?	None	?	None		0x17f7860
0x2666068	79	0x34c090	None	16	?	0x24c7c68	0x34c090	None		0x2185254
0x2666068	80	0x1a738b0	None	2048	?	None	?	None		0x17f7860
0x2666068	81	0x34c090	None	16	?	0x24c7c68	0x34c090	None		0x2185254
0x2666068	82	0x1a73860	None	2048	?	None	?	None		0x192b5d0
0x2666068	83	0x34c090	None	16	?	0x24c7c68	0x34c090	None		0x2185254
0x2666068	85	0x34c090	None	16	?	0x24c7c68	0x34c090	None		0x2185254
0x2666068	87	0x34c090	None	16	?	0x24c7c68	0x34c090	None		0x2185254
0x2666068	89	0x34c090	None	16	?	0x24c7c68	0x34c090	None		0x2185254
0x2666068	91	0x34c090	None	16	?	0x24c7c68	0x34c090	None		0x2185254
0x2666068	92	0x1a73e60	None	2048	?	None	?	None		0x192b5d0
0x2666068	93	0x34c090	None	16	?	0x24c7c68	0x34c090	None		0x2185254
0x2666068	94	0x1a73e10	None	2048	?	None	?	None		0x192b260
0x2666068	95	0x34c090	None	16	?	0x24c7c68	0x34c090	None		0x2185254
0x2666068	96	0x1a73c10	None	2048	?	None	?	None		0x192b260
0x2666068	97	0x34c090	None	16	?	0x24c7c68	0x34c090	None		0x2185254
0x2666068	99	0x34c090	None	16	?	0x24c7c68	0x34c090	None		0x2185254
0x2666068	100	0x1a73cb0	None	2048	?	None	?	None		0x17f7860
0x2666068	101	0x34c090	None	16	?	0x24c7c68	0x34c090	None		0x2185254
0x2666068	102	0x1a73c60	None	2048	?	None	?	None		0x192b5d0
0x2666068	103	0x34c090	None	16	?	0x24c7c68	0x34c090	None		0x2185254
0x2666068	105	0x34c090	None	16	?	0x24c7c68	0x34c090	None		0x2185254
0x2666068	107	0x34c090	None	16	?	0x24c7c68	0x34c090	None		0x2185254
0x2666068	109	0x34c090	None	16	?	0x24c7c68	0x34c090	None		0x2185254
0x2666068	111	0x34c090	None	16	?	0x24c7c68	0x34c090	None		0x2185254
0x2666068	113	0x34c090	None	16	?	0x24c7c68	0x34c090	None		0x2185254
0x2666068	114	0x1a73eb0	None	2048	?	None	?	None		0x17f7860
0x2666068	115	0x34c090	None	16	?	0x24c7c68	0x34c090	None		0x2185254
0x2666068	117	0x34c090	None	16	?	0x24c7c68	0x34c090	None		0x2185254
0x2666068	119	0x34c090	None	16	?	0x24c7c68	0x34c090	None		0x2185254
0x2666068	121	0x34c090	None	16	?	0x24c7c68	0x34c090	None		0x2185254
0x2666068	123	0x34c090	None	16	?	0x24c7c68	0x34c090	None		0x2185254
0x2666068	125	0x34c090	None	16	?	0x24c7c68	0x34c090	None		0x2185254
0x2666068	127	0x34c090	None	16	?	0x24c7c68	0x34c090	None		0x2185254
0x2666068	129	0x34c090	None	16	?	0x24c7c68	0x34c090	None		0x2185254
0x2666068	131	0x34c090	None	16	?	0x24c7c68	0x34c090	None		0x2185254
0x2666068	133	0x34c090	None	16	?	0x24c7c68	0x34c090	None		0x2185254
0x2666068	135	0x34c090	None	16	?	0x24c7c68	0x34c090	None		0x2185254
0x2666068	137	0x34c090	None	16	?	0x24c7c68	0x34c090	None		0x2185254
0x2666068	138	0x1a746b0	None	131072	?	None	?	None		0x17f7860
0x2666068	139	0x34c090	None	16	?	0x24c7c68	0x34c090	None		0x2185254
0x2666068	140	0x1a74810	None	131072	?	None	?	None		0x192b260
0x2666068	141	0x34c090	None	16	?	0x24c7c68	0x34c090	None		0x2185254
0x2666068	143	0x34c090	None	16	?	0x24c7c68	0x34c090	None		0x2185254
0x2666068	145	0x34c090	None	16	?	0x24c7c68	0x34c090	None		0x2185254
0x2666068	147	0x34c090	None	16	?	0x24c7c68	0x34c090	None		0x2185254
0x2666068	148	0x1a74660	None	131072	?	None	?	None		0x192b5d0
0x2666068	149	0x34c090	None	16	?	0x24c7c68	0x34c090	None		0x2185254
0x2666068	150	0x1a74610	None	131072	?	None	?	None		0x192b260
0x2666068	151	0x34c090	None	16	?	0x24c7c68	0x34c090	None		0x2185254
0x2666068	152	0x1a74a60	None	131072	?	None	?	None		0x192b5d0
0x2666068	153	0x34c090	None	16	?	0x24c7c68	0x34c090	None		0x2185254
0x2666068	154	0x1a74a10	None	131072	?	None	?	None		0x192b260
0x2666068	155	0x34c090	None	16	?	0x24c7c68	0x34c090	None		0x2185254
0x2666068	157	0x34c090	None	16	?	0x24c7c68	0x34c090	None		0x2185254
0x2666068	158	0x1a74ab0	None	131072	?	None	?	None		0x17f7860
0x2666068	159	0x34c090	None	16	?	0x24c7c68	0x34c090	None		0x2185254
0x2666068	160	0x1a748b0	None	131072	?	None	?	None		0x17f7860
0x2666068	161	0x34c090	None	16	?	0x24c7c68	0x34c090	None		0x2185254
0x2666068	162	0x1a74860	None	131072	?	None	?	None		0x192b5d0
0x2666068	163	0x34c090	None	16	?	0x24c7c68	0x34c090	None		0x2185254
0x2666068	165	0x34c090	None	16	?	0x24c7c68	0x34c090	None		0x2185254
0x2666068	167	0x34c090	None	16	?	0x24c7c68	0x34c090	None		0x2185254
0x2666068	169	0x34c090	None	16	?	0x24c7c68	0x34c090	None		0x2185254
0x2666068	171	0x34c090	None	16	?	0x24c7c68	0x34c090	None		0x2185254
0x2666068	172	0x1a74e60	None	128	upSprite	None	?	None		0x192b5d0
0x2666068	173	0x34c090	None	16	?	0x24c7c68	0x34c090	None		0x2185254
0x2666068	174	0x1a74e10	None	128	upSprite	None	?	None		0x192b260
0x2666068	175	0x34c090	None	16	?	0x24c7c68	0x34c090	None		0x2185254
0x2666068	176	0x1a74c10	None	131072	?	None	?	None		0x192b260
0x2666068	177	0x34c090	None	16	?	0x24c7c68	0x34c090	None		0x2185254
0x2666068	179	0x34c090	None	16	?	0x24c7c68	0x34c090	None		0x2185254
0x2666068	180	0x1a74cb0	None	131072	?	None	?	None		0x17f7860
0x2666068	181	0x34c090	None	16	?	0x24c7c68	0x34c090	None		0x2185254
0x2666068	182	0x1a74c60	None	131072	?	None	?	None		0x192b5d0
0x2666068	183	0x34c090	None	16	?	0x24c7c68	0x34c090	None		0x2185254
0x2666068	184	0x1a750b0	None	128	upSprite	None	?	None		0x17f7860
0x2666068	185	0x34c090	None	16	?	0x24c7c68	0x34c090	None		0x2185254
0x2666068	186	0x1a75060	None	128	upSprite	None	?	None		0x192b5d0
0x2666068	187	0x34c090	None	16	?	0x24c7c68	0x34c090	None		0x2185254
0x2666068	189	0x34c090	None	16	?	0x24c7c68	0x34c090	None		0x2185254
0x2666068	191	0x34c090	None	16	?	0x24c7c68	0x34c090	None		0x2185254
0x2666068	193	0x34c090	None	16	?	0x24c7c68	0x34c090	None		0x2185254
0x2666068	194	0x1a74eb0	None	128	upSprite	None	?	None		0x17f7860
0x2666068	195	0x34c090	None	16	?	0x24c7c68	0x34c090	None		0x2185254
0x2666068	196	0x1a75010	None	128	upSprite	None	?	None		0x192b260
0x2666068	197	0x34c090	None	16	?	0x24c7c68	0x34c090	None		0x2185254
0x2666068	199	0x34c090	None	16	?	0x24c7c68	0x34c090	None		0x2185254
0x2666068	200	0x1a720b0	None	32	x	None	?	None		0x17f7860
0x2666068	201	0x34c090	None	16	?	0x24c7c68	0x34c090	None		0x2185254
0x2666068	202	0x1a72060	None	32	x	None	?	None		0x192b5d0
0x2666068	203	0x34c090	None	16	?	0x24c7c68	0x34c090	None		0x2185254
0x2666068	205	0x34c090	None	16	?	0x24c7c68	0x34c090	None		0x2185254
0x2666068	207	0x34c090	None	16	?	0x24c7c68	0x34c090	None		0x2185254
0x2666068	208	0x1a71f00	None	16384	shadow_direction	None	?	None		0x17f7860
0x2666068	209	0x34c090	None	16	?	0x24c7c68	0x34c090	None		0x2185254
0x2666068	210	0x1a71eb0	None	16384	shadow_direction	None	?	None		0x192b5d0
0x2666068	211	0x34c090	None	16	?	0x24c7c68	0x34c090	None		0x2185254
0x2666068	213	0x34c090	None	16	?	0x24c7c68	0x34c090	None		0x2185254
0x2666068	215	0x34c090	None	16	?	0x24c7c68	0x34c090	None		0x2185254
0x2666068	216	0x1a72410	None	32	x	None	?	None		0x192b260
0x2666068	217	0x34c090	None	16	?	0x24c7c68	0x34c090	None		0x2185254
0x2666068	219	0x34c090	None	16	?	0x24c7c68	0x34c090	None		0x2185254
0x2666068	220	0x1a724b0	None	32	x	None	?	None		0x17f7860
0x2666068	221	0x34c090	None	16	?	0x24c7c68	0x34c090	None		0x2185254
0x2666068	222	0x1a72460	None	32	x	None	?	None		0x192b5d0
0x2666068	223	0x34c090	None	16	?	0x24c7c68	0x34c090	None		0x2185254
0x2666068	224	0x1a72260	None	32	x	None	?	None		0x192b5d0
0x2666068	225	0x34c090	None	16	?	0x24c7c68	0x34c090	None		0x2185254
0x2666068	226	0x1a72210	None	32	x	None	?	None		0x192b260
0x2666068	227	0x34c090	None	16	?	0x24c7c68	0x34c090	None		0x2185254
0x2666068	229	0x34c090	None	16	?	0x24c7c68	0x34c090	None		0x2185254
0x2666068	230	0x1a722b0	None	32	x	None	?	None		0x17f7860
0x2666068	231	0x34c090	None	16	?	0x24c7c68	0x34c090	None		0x2185254
0x2666068	233	0x34c090	None	16	?	0x24c7c68	0x34c090	None		0x2185254
0x2666068	235	0x34c090	None	16	?	0x24c7c68	0x34c090	None		0x2185254
0x2666068	236	0x1a72810	None	1048576	?	None	?	None		0x192b260
0x2666068	237	0x34c090	None	16	?	0x24c7c68	0x34c090	None		0x2185254
0x2666068	239	0x34c090	None	16	?	0x24c7c68	0x34c090	None		0x2185254
0x2666068	241	0x34c090	None	16	?	0x24c7c68	0x34c090	None		0x2185254
0x2666068	243	0x34c090	None	16	?	0x24c7c68	0x34c090	None		0x2185254
0x2666068	245	0x34c090	None	16	?	0x24c7c68	0x34c090	None		0x2185254
0x2666068	247	0x34c090	None	16	?	0x24c7c68	0x34c090	None		0x2185254
0x2666068	248	0x1a72a60	None	1048576	?	None	?	None		0x192b5d0
0x2666068	249	0x34c090	None	16	?	0x24c7c68	0x34c090	None		0x2185254
0x2666068	250	0x1a72a10	None	1048576	?	None	?	None		0x192b260
0x2666068	251	0x34c090	None	16	?	0x24c7c68	0x34c090	None		0x2185254
0x2666068	253	0x34c090	None	16	?	0x24c7c68	0x34c090	None		0x2185254
0x2666068	254	0x1a72ab0	None	1048576	?	None	?	None		0x17f7860
0x2666068	255	0x34c090	None	16	?	0x24c7c68	0x34c090	None		0x2185254
0x2666068	256	0x1a728b0	None	1048576	?	None	?	None		0x17f7860
0x2666068	257	0x34c090	None	16	?	0x24c7c68	0x34c090	None		0x2185254
0x2666068	258	0x1a72860	None	1048576	?	None	?	None		0x192b5d0
0x2666068	259	0x34c090	None	16	?	0x24c7c68	0x34c090	None		0x2185254
0x2666068	261	0x34c090	None	16	?	0x24c7c68	0x34c090	None		0x2185254
0x2666068	263	0x34c090	None	16	?	0x24c7c68	0x34c090	None		0x2185254
0x2666068	265	0x34c090	None	16	?	0x24c7c68	0x34c090	None		0x2185254
0x2666068	267	0x34c090	None	16	?	0x24c7c68	0x34c090	None		0x2185254
0x2666068	268	0x1a72e60	None	8	?	None	?	None		0x192b5d0
0x2666068	269	0x34c090	None	16	?	0x24c7c68	0x34c090	None		0x2185254
0x2666068	270	0x1a72e10	None	8	?	None	?	None		0x192b260
0x2666068	271	0x34c090	None	16	?	0x24c7c68	0x34c090	None		0x2185254
0x2666068	272	0x1a72c10	None	8	?	None	?	None		0x192b260
0x2666068	273	0x34c090	None	16	?	0x24c7c68	0x34c090	None		0x2185254
0x2666068	275	0x34c090	None	16	?	0x24c7c68	0x34c090	None		0x2185254
0x2666068	276	0x1a72cb0	None	8	?	None	?	None		0x17f7860
0x2666068	277	0x34c090	None	16	?	0x24c7c68	0x34c090	None		0x2185254
0x2666068	278	0x1a72c60	None	8	?	None	?	None		0x192b5d0
0x2666068	279	0x34c090	None	16	?	0x24c7c68	0x34c090	None		0x2185254
0x2666068	280	0x1a730b0	None	8	?	None	?	None		0x17f7860
0x2666068	281	0x34c090	None	16	?	0x24c7c68	0x34c090	None		0x2185254
0x2666068	282	0x1a73060	None	8	?	None	?	None		0x192b5d0
0x2666068	283	0x34c090	None	16	?	0x24c7c68	0x34c090	None		0x2185254
0x2666068	285	0x34c090	None	16	?	0x24c7c68	0x34c090	None		0x2185254
0x2666068	287	0x34c090	None	16	?	0x24c7c68	0x34c090	None		0x2185254
0x2666068	289	0x34c090	None	16	?	0x24c7c68	0x34c090	None		0x2185254
0x2666068	290	0x1a72eb0	None	8	?	None	?	None		0x17f7860
0x2666068	291	0x34c090	None	16	?	0x24c7c68	0x34c090	None		0x2185254
0x2666068	292	0x1a73010	None	8	?	None	?	None		0x192b260
0x2666068	293	0x34c090	None	16	?	0x24c7c68	0x34c090	None		0x2185254
0x2666068	295	0x34c090	None	16	?	0x24c7c68	0x34c090	None		0x2185254
0x2666068	296	0x1a73410	None	536870912	?	None	?	None		0x192b260
0x2666068	297	0x34c090	None	16	?	0x24c7c68	0x34c090	None		0x2185254
0x2666068	299	0x34c090	None	16	?	0x24c7c68	0x34c090	None		0x2185254
0x2666068	300	0x1a734b0	None	536870912	?	None	?	None		0x17f7860
0x2666068	301	0x34c090	None	16	?	0x24c7c68	0x34c090	None		0x2185254
0x2666068	302	0x1a73460	None	536870912	?	None	?	None		0x192b5d0
0x2666068	303	0x34c090	None	16	?	0x24c7c68	0x34c090	None		0x2185254
0x2666068	304	0x1a73260	None	128	upSprite	None	?	None		0x192b5d0
0x2666068	305	0x34c090	None	16	?	0x24c7c68	0x34c090	None		0x2185254
0x2666068	306	0x1a73210	None	128	upSprite	None	?	None		0x192b260
0x2666068	307	0x34c090	None	16	?	0x24c7c68	0x34c090	None		0x2185254
0x2666068	309	0x34c090	None	16	?	0x24c7c68	0x34c090	None		0x2185254
0x2666068	310	0x1a732b0	None	128	upSprite	None	?	None		0x17f7860
0x2666068	311	0x34c090	None	16	?	0x24c7c68	0x34c090	None		0x2185254
0x2666068	313	0x34c090	None	16	?	0x24c7c68	0x34c090	None		0x2185254
0x2666068	314	0x1a736b0	None	536870912	?	None	?	None		0x17f7860
0x2666068	315	0x34c090	None	16	?	0x24c7c68	0x34c090	None		0x2185254
0x2666068	316	0x1a73810	None	2048	?	None	?	None		0x192b260
0x2666068	317	0x34c090	None	16	?	0x24c7c68	0x34c090	None		0x2185254
0x2666068	319	0x34c090	None	16	?	0x24c7c68	0x34c090	None		0x2185254
0x2666068	321	0x34c090	None	16	?	0x24c7c68	0x34c090	None		0x2185254
0x2666068	323	0x34c090	None	16	?	0x24c7c68	0x34c090	None		0x2185254
0x2666068	324	0x1a73660	None	536870912	?	None	?	None		0x192b5d0
0x2666068	325	0x34c090	None	16	?	0x24c7c68	0x34c090	None		0x2185254
0x2666068	326	0x1a73610	None	536870912	?	None	?	None		0x192b260
0x2666068	327	0x34c090	None	16	?	0x24c7c68	0x34c090	None		0x2185254
0x2666068	329	0x34c090	None	16	?	0x24c7c68	0x34c090	None		0x2185254
0x2666068	331	0x34c090	None	16	?	0x24c7c68	0x34c090	None		0x2185254
0x2666068	333	0x34c090	None	16	?	0x24c7c68	0x34c090	None		0x2185254
0x2666068	335	0x34c090	None	16	?	0x24c7c68	0x34c090	None		0x2185254
0x2666068	337	0x34c090	None	16	?	0x24c7c68	0x34c090	None		0x2185254
0x2666068	339	0x34c090	None	16	?	0x24c7c68	0x34c090	None		0x2185254
0x2666068	341	0x34c090	None	16	?	0x24c7c68	0x34c090	None		0x2185254
0x2666068	343	0x34c090	None	16	?	0x24c7c68	0x34c090	None		0x2185254
0x2666068	345	0x34c090	None	16	?	0x24c7c68	0x34c090	None		0x2185254
0x2666068	347	0x34c090	None	16	?	0x24c7c68	0x34c090	None		0x2185254
0x2666068	349	0x34c090	None	16	?	0x24c7c68	0x34c090	None		0x2185254
0x2666068	351	0x34c090	None	16	?	0x24c7c68	0x34c090	None		0x2185254
0x2666068	352	0x1a70ab0	None	2	?	None	?	None		0x192b5d0
0x2666068	353	0x34c090	None	16	?	0x24c7c68	0x34c090	None		0x2185254
0x2666068	354	0x1a70a60	None	2	?	None	?	None		0x192b260
0x2666068	355	0x34c090	None	16	?	0x24c7c68	0x34c090	None		0x2185254
0x2666068	357	0x34c090	None	16	?	0x24c7c68	0x34c090	None		0x2185254
0x2666068	358	0x1a70b00	None	2	?	None	?	None		0x17f7860
0x2666068	359	0x34c090	None	16	?	0x24c7c68	0x34c090	None		0x2185254
0x2666068	361	0x34c090	None	16	?	0x24c7c68	0x34c090	None		0x2185254
0x2666068	363	0x34c090	None	16	?	0x24c7c68	0x34c090	None		0x2185254
0x2666068	364	0x1a71060	None	2	?	None	?	None		0x192b260
0x2666068	365	0x34c090	None	16	?	0x24c7c68	0x34c090	None		0x2185254
0x2666068	367	0x34c090	None	16	?	0x24c7c68	0x34c090	None		0x2185254
0x2666068	369	0x34c090	None	16	?	0x24c7c68	0x34c090	None		0x2185254
0x2666068	371	0x34c090	None	16	?	0x24c7c68	0x34c090	None		0x2185254
0x2666068	373	0x34c090	None	16	?	0x24c7c68	0x34c090	None		0x2185254
0x2666068	375	0x34c090	None	16	?	0x24c7c68	0x34c090	None		0x2185254
0x2666068	377	0x34c090	None	16	?	0x24c7c68	0x34c090	None		0x2185254
0x2666068	379	0x34c090	None	16	?	0x24c7c68	0x34c090	None		0x2185254
0x2666068	381	0x34c090	None	16	?	0x24c7c68	0x34c090	None		0x2185254
0x2666068	383	0x34c090	None	16	?	0x24c7c68	0x34c090	None		0x2185254
0x2666068	384	0x1a71100	None	2	?	None	?	None		0x17f7860
0x2666068	385	0x34c090	None	16	?	0x24c7c68	0x34c090	None		0x2185254
0x2666068	386	0x1a710b0	None	2	?	None	?	None		0x192b5d0
0x2666068	387	0x34c090	None	16	?	0x24c7c68	0x34c090	None		0x2185254
0x2666068	389	0x34c090	None	16	?	0x24c7c68	0x34c090	None		0x2185254
0x2666068	391	0x34c090	None	16	?	0x24c7c68	0x34c090	None		0x2185254
0x2666068	393	0x34c090	None	16	?	0x24c7c68	0x34c090	None		0x2185254
0x2666068	395	0x34c090	None	16	?	0x24c7c68	0x34c090	None		0x2185254
0x2666068	397	0x34c090	None	16	?	0x24c7c68	0x34c090	None		0x2185254
0x2666068	398	0x1a71700	None	2	?	None	?	None		0x17f7860
0x2666068	399	0x34c090	None	16	?	0x24c7c68	0x34c090	None		0x2185254
0x2666068	400	0x1a716b0	None	2	?	None	?	None		0x192b5d0
0x2666068	401	0x34c090	None	16	?	0x24c7c68	0x34c090	None		0x2185254
0x2666068	403	0x34c090	None	16	?	0x24c7c68	0x34c090	None		0x2185254
0x2666068	405	0x34c090	None	16	?	0x24c7c68	0x34c090	None		0x2185254
0x2666068	407	0x34c090	None	16	?	0x24c7c68	0x34c090	None		0x2185254
0x2666068	409	0x34c090	None	16	?	0x24c7c68	0x34c090	None		0x2185254
0x2666068	410	0x1a71660	None	2	?	None	?	None		0x192b260
0x2666068	411	0x34c090	None	16	?	0x24c7c68	0x34c090	None		0x2185254
0x2666068	413	0x34c090	None	16	?	0x24c7c68	0x34c090	None		0x2185254
0x2666068	414	0x1a71a60	None	262144	?	None	?	None		0x192b260
0x2666068	415	0x34c090	None	16	?	0x24c7c68	0x34c090	None		0x2185254
0x2666068	417	0x34c090	None	16	?	0x24c7c68	0x34c090	None		0x2185254
0x2666068	418	0x1a71b00	None	262144	?	None	?	None		0x17f7860
0x2666068	419	0x34c090	None	16	?	0x24c7c68	0x34c090	None		0x2185254
0x2666068	420	0x1a71ab0	None	262144	?	None	?	None		0x192b5d0
0x2666068	421	0x34c090	None	16	?	0x24c7c68	0x34c090	None		0x2185254
0x2666068	422	0x1a718b0	None	2	?	None	?	None		0x192b5d0
0x2666068	423	0x34c090	None	16	?	0x24c7c68	0x34c090	None		0x2185254
0x2666068	424	0x1a71860	None	2	?	None	?	None		0x192b260
0x2666068	425	0x34c090	None	16	?	0x24c7c68	0x34c090	None		0x2185254
0x2666068	427	0x34c090	None	16	?	0x24c7c68	0x34c090	None		0x2185254
0x2666068	428	0x1a71900	None	2	?	None	?	None		0x17f7860
0x2666068	429	0x34c090	None	16	?	0x24c7c68	0x34c090	None		0x2185254
0x2666068	431	0x34c090	None	16	?	0x24c7c68	0x34c090	None		0x2185254
0x2666068	432	0x1a71d00	None	2	?	None	?	None		0x17f7860
0x2666068	433	0x34c090	None	16	?	0x24c7c68	0x34c090	None		0x2185254
0x2666068	434	0x1a71e60	None	16384	shadow_direction	None	?	None		0x192b260
0x2666068	435	0x34c090	None	16	?	0x24c7c68	0x34c090	None		0x2185254
0x2666068	437	0x34c090	None	16	?	0x24c7c68	0x34c090	None		0x2185254
0x2666068	439	0x34c090	None	16	?	0x24c7c68	0x34c090	None		0x2185254
0x2666068	441	0x34c090	None	16	?	0x24c7c68	0x34c090	None		0x2185254
0x2666068	442	0x1a71cb0	None	2	?	None	?	None		0x192b5d0
0x2666068	443	0x34c090	None	16	?	0x24c7c68	0x34c090	None		0x2185254
0x2666068	444	0x1a71c60	None	2	?	None	?	None		0x192b260
0x2666068	445	0x34c090	None	16	?	0x24c7c68	0x34c090	None		0x2185254
0x2666068	447	0x34c090	None	16	?	0x24c7c68	0x34c090	None		0x2185254
0x2666068	448	0x1a6ef00	None	64	animation	None	?	None		0x17f7860
0x2666068	449	0x34c090	None	16	?	0x24c7c68	0x34c090	None		0x2185254
0x2666068	450	0x1a6f060	None	4	?	None	?	None		0x192b260
0x2666068	451	0x34c090	None	16	?	0x24c7c68	0x34c090	None		0x2185254
0x2666068	453	0x34c090	None	16	?	0x24c7c68	0x34c090	None		0x2185254
0x2666068	455	0x34c090	None	16	?	0x24c7c68	0x34c090	None		0x2185254
0x2666068	457	0x34c090	None	16	?	0x24c7c68	0x34c090	None		0x2185254
0x2666068	458	0x1a6eeb0	None	64	animation	None	?	None		0x192b5d0
0x2666068	459	0x34c090	None	16	?	0x24c7c68	0x34c090	None		0x2185254
0x2666068	460	0x1a6ee60	None	64	animation	None	?	None		0x192b260
0x2666068	461	0x34c090	None	16	?	0x24c7c68	0x34c090	None		0x2185254
0x2666068	462	0x1a6f2b0	None	4	?	None	?	None		0x192b5d0
0x2666068	463	0x34c090	None	16	?	0x24c7c68	0x34c090	None		0x2185254
0x2666068	464	0x1a6f260	None	4	?	None	?	None		0x192b260
0x2666068	465	0x34c090	None	16	?	0x24c7c68	0x34c090	None		0x2185254
0x2666068	467	0x34c090	None	16	?	0x24c7c68	0x34c090	None		0x2185254
0x2666068	468	0x1a6f300	None	4	?	None	?	None		0x17f7860
0x2666068	469	0x34c090	None	16	?	0x24c7c68	0x34c090	None		0x2185254
0x2666068	470	0x1a6f100	None	4	?	None	?	None		0x17f7860
0x2666068	471	0x34c090	None	16	?	0x24c7c68	0x34c090	None		0x2185254
0x2666068	472	0x1a6f0b0	None	4	?	None	?	None		0x192b5d0
0x2666068	473	0x34c090	None	16	?	0x24c7c68	0x34c090	None		0x2185254
0x2666068	475	0x34c090	None	16	?	0x24c7c68	0x34c090	None		0x2185254
0x2666068	477	0x34c090	None	16	?	0x24c7c68	0x34c090	None		0x2185254
0x2666068	479	0x34c090	None	16	?	0x24c7c68	0x34c090	None		0x2185254
0x2666068	481	0x34c090	None	16	?	0x24c7c68	0x34c090	None		0x2185254
0x2666068	482	0x1a6f6b0	None	256	noOfVertices	None	?	None		0x192b5d0
0x2666068	483	0x34c090	None	16	?	0x24c7c68	0x34c090	None		0x2185254
0x2666068	484	0x1a6f660	None	256	noOfVertices	None	?	None		0x192b260
0x2666068	485	0x34c090	None	16	?	0x24c7c68	0x34c090	None		0x2185254
0x2666068	486	0x1a6f460	None	256	noOfVertices	None	?	None		0x192b260
0x2666068	487	0x34c090	None	16	?	0x24c7c68	0x34c090	None		0x2185254
0x2666068	489	0x34c090	None	16	?	0x24c7c68	0x34c090	None		0x2185254
0x2666068	490	0x1a6f500	None	256	noOfVertices	None	?	None		0x17f7860
0x2666068	491	0x34c090	None	16	?	0x24c7c68	0x34c090	None		0x2185254
0x2666068	492	0x1a6f4b0	None	256	noOfVertices	None	?	None		0x192b5d0
0x2666068	493	0x34c090	None	16	?	0x24c7c68	0x34c090	None		0x2185254
0x2666068	494	0x1a6f900	None	256	noOfVertices	None	?	None		0x17f7860
0x2666068	495	0x34c090	None	16	?	0x24c7c68	0x34c090	None		0x2185254
0x2666068	496	0x1a6f8b0	None	256	noOfVertices	None	?	None		0x192b5d0
0x2666068	497	0x34c090	None	16	?	0x24c7c68	0x34c090	None		0x2185254
0x2666068	499	0x34c090	None	16	?	0x24c7c68	0x34c090	None		0x2185254
0x2666068	501	0x34c090	None	16	?	0x24c7c68	0x34c090	None		0x2185254
0x2666068	503	0x34c090	None	16	?	0x24c7c68	0x34c090	None		0x2185254
0x2666068	504	0x1a6f700	None	256	noOfVertices	None	?	None		0x17f7860
0x2666068	505	0x34c090	None	16	?	0x24c7c68	0x34c090	None		0x2185254
0x2666068	506	0x1a6f860	None	256	noOfVertices	None	?	None		0x192b260
0x2666068	507	0x34c090	None	16	?	0x24c7c68	0x34c090	None		0x2185254
0x2666068	509	0x34c090	None	16	?	0x24c7c68	0x34c090	None		0x2185254
0x2666068	510	0x1a6fc60	None	1	?	None	?	None		0x192b260
0x2666068	511	0x34c090	None	16	?	0x24c7c68	0x34c090	None		0x2185254
0x2666068	513	0x34c090	None	16	?	0x24c7c68	0x34c090	None		0x2185254
0x2666068	514	0x1a6fd00	None	1	?	None	?	None		0x17f7860
0x2666068	515	0x34c090	None	16	?	0x24c7c68	0x34c090	None		0x2185254
0x2666068	516	0x1a6fcb0	None	1	?	None	?	None		0x192b5d0
0x2666068	517	0x34c090	None	16	?	0x24c7c68	0x34c090	None		0x2185254
0x2666068	518	0x1a6fab0	None	1	?	None	?	None		0x192b5d0
0x2666068	519	0x34c090	None	16	?	0x24c7c68	0x34c090	None		0x2185254
0x2666068	520	0x1a6fa60	None	1	?	None	?	None		0x192b260
0x2666068	521	0x34c090	None	16	?	0x24c7c68	0x34c090	None		0x2185254
0x2666068	523	0x34c090	None	16	?	0x24c7c68	0x34c090	None		0x2185254
0x2666068	524	0x1a6fb00	None	1	?	None	?	None		0x17f7860
0x2666068	525	0x34c090	None	16	?	0x24c7c68	0x34c090	None		0x2185254
0x2666068	527	0x34c090	None	16	?	0x24c7c68	0x34c090	None		0x2185254
0x2666068	528	0x1a6ff00	None	1	?	None	?	None		0x17f7860
0x2666068	529	0x34c090	None	16	?	0x24c7c68	0x34c090	None		0x2185254
0x2666068	530	0x1a70060	None	4	?	None	?	None		0x192b260
0x2666068	531	0x34c090	None	16	?	0x24c7c68	0x34c090	None		0x2185254
0x2666068	533	0x34c090	None	16	?	0x24c7c68	0x34c090	None		0x2185254
0x2666068	535	0x34c090	None	16	?	0x24c7c68	0x34c090	None		0x2185254
0x2666068	537	0x34c090	None	16	?	0x24c7c68	0x34c090	None		0x2185254
0x2666068	538	0x1a6feb0	None	1	?	None	?	None		0x192b5d0
0x2666068	539	0x34c090	None	16	?	0x24c7c68	0x34c090	None		0x2185254
0x2666068	540	0x1a6fe60	None	1	?	None	?	None		0x192b260
0x2666068	541	0x34c090	None	16	?	0x24c7c68	0x34c090	None		0x2185254
0x2666068	542	0x1a702b0	None	4	?	None	?	None		0x192b5d0
0x2666068	543	0x34c090	None	16	?	0x24c7c68	0x34c090	None		0x2185254
0x2666068	544	0x1a70260	None	4	?	None	?	None		0x192b260
0x2666068	545	0x34c090	None	16	?	0x24c7c68	0x34c090	None		0x2185254
0x2666068	547	0x34c090	None	16	?	0x24c7c68	0x34c090	None		0x2185254
0x2666068	548	0x1a70300	None	4	?	None	?	None		0x17f7860
0x2666068	549	0x34c090	None	16	?	0x24c7c68	0x34c090	None		0x2185254
0x2666068	550	0x1a70100	None	4	?	None	?	None		0x17f7860
0x2666068	551	0x34c090	None	16	?	0x24c7c68	0x34c090	None		0x2185254
0x2666068	552	0x1a700b0	None	4	?	None	?	None		0x192b5d0
0x2666068	553	0x34c090	None	16	?	0x24c7c68	0x34c090	None		0x2185254
0x2666068	555	0x34c090	None	16	?	0x24c7c68	0x34c090	None		0x2185254
0x2666068	557	0x34c090	None	16	?	0x24c7c68	0x34c090	None		0x2185254
0x2666068	559	0x34c090	None	16	?	0x24c7c68	0x34c090	None		0x2185254
0x2666068	561	0x34c090	None	16	?	0x24c7c68	0x34c090	None		0x2185254
0x2666068	563	0x34c090	None	16	?	0x24c7c68	0x34c090	None		0x2185254
0x2666068	565	0x34c090	None	16	?	0x24c7c68	0x34c090	None		0x2185254
0x2666068	567	0x34c090	None	16	?	0x24c7c68	0x34c090	None		0x2185254
0x2666068	569	0x34c090	None	16	?	0x24c7c68	0x34c090	None		0x2185254
0x2666068	571	0x34c090	None	16	?	0x24c7c68	0x34c090	None		0x2185254
0x2666068	573	0x34c090	None	16	?	0x24c7c68	0x34c090	None		0x2185254
0x2666068	575	0x34c090	None	16	?	0x24c7c68	0x34c090	None		0x2185254
0x2666068	577	0x34c090	None	16	?	0x24c7c68	0x34c090	None		0x2185254
0x2666068	578	0x1a6d6b0	None	33554432	?	None	?	None		0x192b5d0
0x2666068	579	0x34c090	None	16	?	0x24c7c68	0x34c090	None		0x2185254
0x2666068	580	0x1a6d660	None	33554432	?	None	?	None		0x192b260
0x2666068	581	0x34c090	None	16	?	0x24c7c68	0x34c090	None		0x2185254
0x2666068	582	0x1a6d460	None	16777216	?	None	?	None		0x192b260
0x2666068	583	0x34c090	None	16	?	0x24c7c68	0x34c090	None		0x2185254
0x2666068	585	0x34c090	None	16	?	0x24c7c68	0x34c090	None		0x2185254
0x2666068	586	0x1a6d500	None	16777216	?	None	?	None		0x17f7860
0x2666068	587	0x34c090	None	16	?	0x24c7c68	0x34c090	None		0x2185254
0x2666068	588	0x1a6d4b0	None	16777216	?	None	?	None		0x192b5d0
0x2666068	589	0x34c090	None	16	?	0x24c7c68	0x34c090	None		0x2185254
0x2666068	590	0x1a6d900	None	67108864	?	None	?	None		0x17f7860
0x2666068	591	0x34c090	None	16	?	0x24c7c68	0x34c090	None		0x2185254
0x2666068	592	0x1a6d8b0	None	67108864	?	None	?	None		0x192b5d0
0x2666068	593	0x34c090	None	16	?	0x24c7c68	0x34c090	None		0x2185254
0x2666068	595	0x34c090	None	16	?	0x24c7c68	0x34c090	None		0x2185254
0x2666068	597	0x34c090	None	16	?	0x24c7c68	0x34c090	None		0x2185254
0x2666068	599	0x34c090	None	16	?	0x24c7c68	0x34c090	None		0x2185254
0x2666068	600	0x1a6d700	None	33554432	?	None	?	None		0x17f7860
0x2666068	601	0x34c090	None	16	?	0x24c7c68	0x34c090	None		0x2185254
0x2666068	602	0x1a6d860	None	67108864	?	None	?	None		0x192b260
0x2666068	603	0x34c090	None	16	?	0x24c7c68	0x34c090	None		0x2185254
0x2666068	605	0x34c090	None	16	?	0x24c7c68	0x34c090	None		0x2185254
0x2666068	606	0x1a6dc60	None	65536	?	None	?	None		0x192b260
0x2666068	607	0x34c090	None	16	?	0x24c7c68	0x34c090	None		0x2185254
0x2666068	609	0x34c090	None	16	?	0x24c7c68	0x34c090	None		0x2185254
0x2666068	610	0x1a6dd00	None	65536	?	None	?	None		0x17f7860
0x2666068	611	0x34c090	None	16	?	0x24c7c68	0x34c090	None		0x2185254
0x2666068	612	0x1a6dcb0	None	65536	?	None	?	None		0x192b5d0
0x2666068	613	0x34c090	None	16	?	0x24c7c68	0x34c090	None		0x2185254
0x2666068	615	0x34c090	None	16	?	0x24c7c68	0x34c090	None		0x2185254
0x2666068	617	0x34c090	None	16	?	0x24c7c68	0x34c090	None		0x2185254
0x2666068	619	0x34c090	None	16	?	0x24c7c68	0x34c090	None		0x2185254
0x2666068	621	0x34c090	None	16	?	0x24c7c68	0x34c090	None		0x2185254
0x2666068	623	0x34c090	None	16	?	0x24c7c68	0x34c090	None		0x2185254
0x2666068	624	0x1a6df00	None	8388608	?	None	?	None		0x17f7860
0x2666068	625	0x34c090	None	16	?	0x24c7c68	0x34c090	None		0x2185254
0x2666068	626	0x1a6e060	None	8388608	?	None	?	None		0x192b260
0x2666068	627	0x34c090	None	16	?	0x24c7c68	0x34c090	None		0x2185254
0x2666068	629	0x34c090	None	16	?	0x24c7c68	0x34c090	None		0x2185254
0x2666068	631	0x34c090	None	16	?	0x24c7c68	0x34c090	None		0x2185254
0x2666068	633	0x34c090	None	16	?	0x24c7c68	0x34c090	None		0x2185254
0x2666068	634	0x1a6deb0	None	8388608	?	None	?	None		0x192b5d0
0x2666068	635	0x34c090	None	16	?	0x24c7c68	0x34c090	None		0x2185254
0x2666068	636	0x1a6de60	None	8388608	?	None	?	None		0x192b260
0x2666068	637	0x34c090	None	16	?	0x24c7c68	0x34c090	None		0x2185254
0x2666068	638	0x1a6e2b0	None	64	animation	None	?	None		0x192b5d0
0x2666068	639	0x34c090	None	16	?	0x24c7c68	0x34c090	None		0x2185254
0x2666068	640	0x1a6e260	None	64	animation	None	?	None		0x192b260
0x2666068	641	0x34c090	None	16	?	0x24c7c68	0x34c090	None		0x2185254
0x2666068	643	0x34c090	None	16	?	0x24c7c68	0x34c090	None		0x2185254
0x2666068	644	0x1a6e300	None	64	animation	None	?	None		0x17f7860
0x2666068	645	0x34c090	None	16	?	0x24c7c68	0x34c090	None		0x2185254
0x2666068	646	0x1a6e100	None	8388608	?	None	?	None		0x17f7860
0x2666068	647	0x34c090	None	16	?	0x24c7c68	0x34c090	None		0x2185254
0x2666068	648	0x1a6e0b0	None	8388608	?	None	?	None		0x192b5d0
0x2666068	649	0x34c090	None	16	?	0x24c7c68	0x34c090	None		0x2185254
0x2666068	651	0x34c090	None	16	?	0x24c7c68	0x34c090	None		0x2185254
0x2666068	653	0x34c090	None	16	?	0x24c7c68	0x34c090	None		0x2185254
0x2666068	655	0x34c090	None	16	?	0x24c7c68	0x34c090	None		0x2185254
0x2666068	657	0x34c090	None	16	?	0x24c7c68	0x34c090	None		0x2185254
0x2666068	658	0x1a6e6b0	None	64	animation	None	?	None		0x192b5d0
0x2666068	659	0x34c090	None	16	?	0x24c7c68	0x34c090	None		0x2185254
0x2666068	660	0x1a6e660	None	64	animation	None	?	None		0x192b260
0x2666068	661	0x34c090	None	16	?	0x24c7c68	0x34c090	None		0x2185254
0x2666068	662	0x1a6e460	None	64	animation	None	?	None		0x192b260
0x2666068	663	0x34c090	None	16	?	0x24c7c68	0x34c090	None		0x2185254
0x2666068	665	0x34c090	None	16	?	0x24c7c68	0x34c090	None		0x2185254
0x2666068	666	0x1a6e500	None	64	animation	None	?	None		0x17f7860
0x2666068	667	0x34c090	None	16	?	0x24c7c68	0x34c090	None		0x2185254
0x2666068	668	0x1a6e4b0	None	64	animation	None	?	None		0x192b5d0
0x2666068	669	0x34c090	None	16	?	0x24c7c68	0x34c090	None		0x2185254
0x2666068	670	0x1a6e900	None	64	animation	None	?	None		0x17f7860
0x2666068	671	0x34c090	None	16	?	0x24c7c68	0x34c090	None		0x2185254
0x2666068	672	0x1a6e8b0	None	64	animation	None	?	None		0x192b5d0
0x2666068	673	0x34c090	None	16	?	0x24c7c68	0x34c090	None		0x2185254
0x2666068	675	0x34c090	None	16	?	0x24c7c68	0x34c090	None		0x2185254
0x2666068	677	0x34c090	None	16	?	0x24c7c68	0x34c090	None		0x2185254
0x2666068	679	0x34c090	None	16	?	0x24c7c68	0x34c090	None		0x2185254
0x2666068	680	0x1a6e700	None	64	animation	None	?	None		0x17f7860
0x2666068	681	0x34c090	None	16	?	0x24c7c68	0x34c090	None		0x2185254
0x2666068	682	0x1a6e860	None	64	animation	None	?	None		0x192b260
0x2666068	683	0x34c090	None	16	?	0x24c7c68	0x34c090	None		0x2185254
0x2666068	685	0x34c090	None	16	?	0x24c7c68	0x34c090	None		0x2185254
0x2666068	686	0x1a6ec60	None	64	animation	None	?	None		0x192b260
0x2666068	687	0x34c090	None	16	?	0x24c7c68	0x34c090	None		0x2185254
0x2666068	689	0x34c090	None	16	?	0x24c7c68	0x34c090	None		0x2185254
0x2666068	690	0x1a6ed00	None	64	animation	None	?	None		0x17f7860
0x2666068	691	0x34c090	None	16	?	0x24c7c68	0x34c090	None		0x2185254
0x2666068	692	0x1a6ecb0	None	64	animation	None	?	None		0x192b5d0
0x2666068	693	0x34c090	None	16	?	0x24c7c68	0x34c090	None		0x2185254
0x2666068	694	0x1a6eab0	None	64	animation	None	?	None		0x192b5d0
0x2666068	695	0x34c090	None	16	?	0x24c7c68	0x34c090	None		0x2185254
0x2666068	696	0x1a6ea60	None	64	animation	None	?	None		0x192b260
0x2666068	697	0x34c090	None	16	?	0x24c7c68	0x34c090	None		0x2185254
0x2666068	699	0x34c090	None	16	?	0x24c7c68	0x34c090	None		0x2185254
0x2666068	700	0x1a6eb00	None	64	animation	None	?	None		0x17f7860
0x2666068	701	0x34c090	None	16	?	0x24c7c68	0x34c090	None		0x2185254
0x2666068	702	0x1a6bc60	None	4	?	None	?	None		0x192b260
0x2666068	703	0x34c090	None	16	?	0x24c7c68	0x34c090	None		0x2185254
0x2666068	705	0x34c090	None	16	?	0x24c7c68	0x34c090	None		0x2185254
0x2666068	706	0x1a6bd00	None	4	?	None	?	None		0x17f7860
0x2666068	707	0x34c090	None	16	?	0x24c7c68	0x34c090	None		0x2185254
0x2666068	708	0x1a6bcb0	None	4	?	None	?	None		0x192b5d0
0x2666068	709	0x34c090	None	16	?	0x24c7c68	0x34c090	None		0x2185254
0x2666068	710	0x1a6bab0	None	128	upSprite	None	?	None		0x192b5d0
0x2666068	711	0x34c090	None	16	?	0x24c7c68	0x34c090	None		0x2185254
0x2666068	712	0x1a6ba60	None	128	upSprite	None	?	None		0x192b260
0x2666068	713	0x34c090	None	16	?	0x24c7c68	0x34c090	None		0x2185254
0x2666068	715	0x34c090	None	16	?	0x24c7c68	0x34c090	None		0x2185254
0x2666068	716	0x1a6bb00	None	128	upSprite	None	?	None		0x17f7860
0x2666068	717	0x34c090	None	16	?	0x24c7c68	0x34c090	None		0x2185254
0x2666068	719	0x34c090	None	16	?	0x24c7c68	0x34c090	None		0x2185254
0x2666068	720	0x1a6bf00	None	4	?	None	?	None		0x17f7860
0x2666068	721	0x34c090	None	16	?	0x24c7c68	0x34c090	None		0x2185254
0x2666068	722	0x1a6c060	None	4	?	None	?	None		0x192b260
0x2666068	723	0x34c090	None	16	?	0x24c7c68	0x34c090	None		0x2185254
0x2666068	725	0x34c090	None	16	?	0x24c7c68	0x34c090	None		0x2185254
0x2666068	727	0x34c090	None	16	?	0x24c7c68	0x34c090	None		0x2185254
0x2666068	729	0x34c090	None	16	?	0x24c7c68	0x34c090	None		0x2185254
0x2666068	730	0x1a6beb0	None	4	?	None	?	None		0x192b5d0
0x2666068	731	0x34c090	None	16	?	0x24c7c68	0x34c090	None		0x2185254
0x2666068	732	0x1a6be60	None	4	?	None	?	None		0x192b260
0x2666068	733	0x34c090	None	16	?	0x24c7c68	0x34c090	None		0x2185254
0x2666068	734	0x1a6c2b0	None	4	?	None	?	None		0x192b5d0
0x2666068	735	0x34c090	None	16	?	0x24c7c68	0x34c090	None		0x2185254
0x2666068	736	0x1a6c260	None	4	?	None	?	None		0x192b260
0x2666068	737	0x34c090	None	16	?	0x24c7c68	0x34c090	None		0x2185254
0x2666068	739	0x34c090	None	16	?	0x24c7c68	0x34c090	None		0x2185254
0x2666068	740	0x1a6c300	None	4	?	None	?	None		0x17f7860
0x2666068	741	0x34c090	None	16	?	0x24c7c68	0x34c090	None		0x2185254
0x2666068	742	0x1a6c100	None	4	?	None	?	None		0x17f7860
0x2666068	743	0x34c090	None	16	?	0x24c7c68	0x34c090	None		0x2185254
0x2666068	744	0x1a6c0b0	None	4	?	None	?	None		0x192b5d0
0x2666068	745	0x34c090	None	16	?	0x24c7c68	0x34c090	None		0x2185254
0x2666068	747	0x34c090	None	16	?	0x24c7c68	0x34c090	None		0x2185254
0x2666068	749	0x34c090	None	16	?	0x24c7c68	0x34c090	None		0x2185254
0x2666068	751	0x34c090	None	16	?	0x24c7c68	0x34c090	None		0x2185254
0x2666068	753	0x34c090	None	16	?	0x24c7c68	0x34c090	None		0x2185254
0x2666068	754	0x1a6c6b0	None	4	?	None	?	None		0x192b5d0
0x2666068	755	0x34c090	None	16	?	0x24c7c68	0x34c090	None		0x2185254
0x2666068	756	0x1a6c660	None	4	?	None	?	None		0x192b260
0x2666068	757	0x34c090	None	16	?	0x24c7c68	0x34c090	None		0x2185254
0x2666068	758	0x1a6c460	None	4	?	None	?	None		0x192b260
0x2666068	759	0x34c090	None	16	?	0x24c7c68	0x34c090	None		0x2185254
0x2666068	761	0x34c090	None	16	?	0x24c7c68	0x34c090	None		0x2185254
0x2666068	762	0x1a6c500	None	4	?	None	?	None		0x17f7860
0x2666068	763	0x34c090	None	16	?	0x24c7c68	0x34c090	None		0x2185254
0x2666068	764	0x1a6c4b0	None	4	?	None	?	None		0x192b5d0
0x2666068	765	0x34c090	None	16	?	0x24c7c68	0x34c090	None		0x2185254
0x2666068	766	0x1a6c900	None	4	?	None	?	None		0x17f7860
0x2666068	767	0x34c090	None	16	?	0x24c7c68	0x34c090	None		0x2185254
0x2666068	768	0x1a6c8b0	None	4	?	None	?	None		0x192b5d0
0x2666068	769	0x34c090	None	16	?	0x24c7c68	0x34c090	None		0x2185254
0x2666068	771	0x34c090	None	16	?	0x24c7c68	0x34c090	None		0x2185254
0x2666068	773	0x34c090	None	16	?	0x24c7c68	0x34c090	None		0x2185254
0x2666068	775	0x34c090	None	16	?	0x24c7c68	0x34c090	None		0x2185254
0x2666068	776	0x1a6c700	None	4	?	None	?	None		0x17f7860
0x2666068	777	0x34c090	None	16	?	0x24c7c68	0x34c090	None		0x2185254
0x2666068	778	0x1a6c860	None	4	?	None	?	None		0x192b260
0x2666068	779	0x34c090	None	16	?	0x24c7c68	0x34c090	None		0x2185254
0x2666068	781	0x34c090	None	16	?	0x24c7c68	0x34c090	None		0x2185254
0x2666068	782	0x1a6cc60	None	1073741824	?	None	?	None		0x192b260
0x2666068	783	0x34c090	None	16	?	0x24c7c68	0x34c090	None		0x2185254
0x2666068	785	0x34c090	None	16	?	0x24c7c68	0x34c090	None		0x2185254
0x2666068	786	0x1a6cd00	None	1073741824	?	None	?	None		0x17f7860
0x2666068	787	0x34c090	None	16	?	0x24c7c68	0x34c090	None		0x2185254
0x2666068	788	0x1a6ccb0	None	1073741824	?	None	?	None		0x192b5d0
0x2666068	789	0x34c090	None	16	?	0x24c7c68	0x34c090	None		0x2185254
0x2666068	790	0x1a6cab0	None	4	?	None	?	None		0x192b5d0
0x2666068	791	0x34c090	None	16	?	0x24c7c68	0x34c090	None		0x2185254
0x2666068	792	0x1a6ca60	None	4	?	None	?	None		0x192b260
0x2666068	793	0x34c090	None	16	?	0x24c7c68	0x34c090	None		0x2185254
0x2666068	795	0x34c090	None	16	?	0x24c7c68	0x34c090	None		0x2185254
0x2666068	796	0x1a6cb00	None	4	?	None	?	None		0x17f7860
0x2666068	797	0x34c090	None	16	?	0x24c7c68	0x34c090	None		0x2185254
0x2666068	799	0x34c090	None	16	?	0x24c7c68	0x34c090	None		0x2185254
0x2666068	800	0x1a6cf00	None	4	?	None	?	None		0x17f7860
0x2666068	801	0x34c090	None	16	?	0x24c7c68	0x34c090	None		0x2185254
0x2666068	802	0x1a6d060	None	4	?	None	?	None		0x192b260
0x2666068	803	0x34c090	None	16	?	0x24c7c68	0x34c090	None		0x2185254
0x2666068	805	0x34c090	None	16	?	0x24c7c68	0x34c090	None		0x2185254
0x2666068	807	0x34c090	None	16	?	0x24c7c68	0x34c090	None		0x2185254
0x2666068	809	0x34c090	None	16	?	0x24c7c68	0x34c090	None		0x2185254
0x2666068	810	0x1a6ceb0	None	4	?	None	?	None		0x192b5d0
0x2666068	811	0x34c090	None	16	?	0x24c7c68	0x34c090	None		0x2185254
0x2666068	812	0x1a6ce60	None	4	?	None	?	None		0x192b260
0x2666068	813	0x34c090	None	16	?	0x24c7c68	0x34c090	None		0x2185254
0x2666068	814	0x1a6d2b0	None	8192	?	None	?	None		0x192b5d0
0x2666068	815	0x34c090	None	16	?	0x24c7c68	0x34c090	None		0x2185254
0x2666068	816	0x1a6d260	None	8192	?	None	?	None		0x192b260
0x2666068	817	0x34c090	None	16	?	0x24c7c68	0x34c090	None		0x2185254
0x2666068	819	0x34c090	None	16	?	0x24c7c68	0x34c090	None		0x2185254
0x2666068	820	0x1a6d300	None	8192	?	None	?	None		0x17f7860
0x2666068	821	0x34c090	None	16	?	0x24c7c68	0x34c090	None		0x2185254
0x2666068	822	0x1a6d100	None	4	?	None	?	None		0x17f7860
0x2666068	823	0x34c090	None	16	?	0x24c7c68	0x34c090	None		0x2185254
0x2666068	824	0x1a6d0b0	None	4	?	None	?	None		0x192b5d0
0x2666068	825	0x34c090	None	16	?	0x24c7c68	0x34c090	None		0x2185254
0x2666068	827	0x34c090	None	16	?	0x24c7c68	0x34c090	None		0x2185254
0x2666068	829	0x34c090	None	16	?	0x24c7c68	0x34c090	None		0x2185254
0x2666068	830	0x1a6a2b0	None	512	parent_joint	None	?	None		0x192b5d0
0x2666068	831	0x34c090	None	16	?	0x24c7c68	0x34c090	None		0x2185254
0x2666068	832	0x1a6a260	None	512	parent_joint	None	?	None		0x192b260
0x2666068	833	0x34c090	None	16	?	0x24c7c68	0x34c090	None		0x2185254
0x2666068	835	0x34c090	None	16	?	0x24c7c68	0x34c090	None		0x2185254
0x2666068	836	0x1a6a300	None	512	parent_joint	None	?	None		0x17f7860
0x2666068	837	0x34c090	None	16	?	0x24c7c68	0x34c090	None		0x2185254
0x2666068	838	0x1a6a100	None	512	parent_joint	None	?	None		0x17f7860
0x2666068	839	0x34c090	None	16	?	0x24c7c68	0x34c090	None		0x2185254
0x2666068	840	0x1a6a0b0	None	512	parent_joint	None	?	None		0x192b5d0
0x2666068	841	0x34c090	None	16	?	0x24c7c68	0x34c090	None		0x2185254
0x2666068	843	0x34c090	None	16	?	0x24c7c68	0x34c090	None		0x2185254
0x2666068	845	0x34c090	None	16	?	0x24c7c68	0x34c090	None		0x2185254
0x2666068	847	0x34c090	None	16	?	0x24c7c68	0x34c090	None		0x2185254
0x2666068	849	0x34c090	None	16	?	0x24c7c68	0x34c090	None		0x2185254
0x2666068	850	0x1a6a6b0	None	2147483648	?	None	?	None		0x192b5d0
0x2666068	851	0x34c090	None	16	?	0x24c7c68	0x34c090	None		0x2185254
0x2666068	852	0x1a6a660	None	2147483648	?	None	?	None		0x192b260
0x2666068	853	0x34c090	None	16	?	0x24c7c68	0x34c090	None		0x2185254
0x2666068	854	0x1a6a460	None	512	parent_joint	None	?	None		0x192b260
0x2666068	855	0x34c090	None	16	?	0x24c7c68	0x34c090	None		0x2185254
0x2666068	857	0x34c090	None	16	?	0x24c7c68	0x34c090	None		0x2185254
0x2666068	858	0x1a6a500	None	512	parent_joint	None	?	None		0x17f7860
0x2666068	859	0x34c090	None	16	?	0x24c7c68	0x34c090	None		0x2185254
0x2666068	860	0x1a6a4b0	None	512	parent_joint	None	?	None		0x192b5d0
0x2666068	861	0x34c090	None	16	?	0x24c7c68	0x34c090	None		0x2185254
0x2666068	862	0x1a6a900	None	4096	?	None	?	None		0x17f7860
0x2666068	863	0x34c090	None	16	?	0x24c7c68	0x34c090	None		0x2185254
0x2666068	864	0x1a6a8b0	None	4096	?	None	?	None		0x192b5d0
0x2666068	865	0x34c090	None	16	?	0x24c7c68	0x34c090	None		0x2185254
0x2666068	867	0x34c090	None	16	?	0x24c7c68	0x34c090	None		0x2185254
0x2666068	869	0x34c090	None	16	?	0x24c7c68	0x34c090	None		0x2185254
0x2666068	871	0x34c090	None	16	?	0x24c7c68	0x34c090	None		0x2185254
0x2666068	872	0x1a6a700	None	2147483648	?	None	?	None		0x17f7860
0x2666068	873	0x34c090	None	16	?	0x24c7c68	0x34c090	None		0x2185254
0x2666068	874	0x1a6a860	None	4096	?	None	?	None		0x192b260
0x2666068	875	0x34c090	None	16	?	0x24c7c68	0x34c090	None		0x2185254
0x2666068	877	0x34c090	None	16	?	0x24c7c68	0x34c090	None		0x2185254
0x2666068	879	0x34c090	None	16	?	0x24c7c68	0x34c090	None		0x2185254
0x2666068	881	0x34c090	None	16	?	0x24c7c68	0x34c090	None		0x2185254
0x2666068	883	0x34c090	None	16	?	0x24c7c68	0x34c090	None		0x2185254
0x2666068	885	0x34c090	None	16	?	0x24c7c68	0x34c090	None		0x2185254
0x2666068	886	0x1a6aab0	None	4096	?	None	?	None		0x192b5d0
0x2666068	887	0x34c090	None	16	?	0x24c7c68	0x34c090	None		0x2185254
0x2666068	888	0x1a6aa60	None	4096	?	None	?	None		0x192b260
0x2666068	889	0x34c090	None	16	?	0x24c7c68	0x34c090	None		0x2185254
0x2666068	891	0x34c090	None	16	?	0x24c7c68	0x34c090	None		0x2185254
0x2666068	892	0x1a6ab00	None	4096	?	None	?	None		0x17f7860
0x2666068	893	0x34c090	None	16	?	0x24c7c68	0x34c090	None		0x2185254
0x2666068	895	0x34c090	None	16	?	0x24c7c68	0x34c090	None		0x2185254
0x2666068	896	0x1a6af00	None	128	upSprite	None	?	None		0x17f7860
0x2666068	897	0x34c090	None	16	?	0x24c7c68	0x34c090	None		0x2185254
0x2666068	898	0x1a6b060	None	128	upSprite	None	?	None		0x192b260
0x2666068	899	0x34c090	None	16	?	0x24c7c68	0x34c090	None		0x2185254
0x2666068	901	0x34c090	None	16	?	0x24c7c68	0x34c090	None		0x2185254
0x2666068	903	0x34c090	None	16	?	0x24c7c68	0x34c090	None		0x2185254
0x2666068	905	0x34c090	None	16	?	0x24c7c68	0x34c090	None		0x2185254
0x2666068	906	0x1a6aeb0	None	128	upSprite	None	?	None		0x192b5d0
0x2666068	907	0x34c090	None	16	?	0x24c7c68	0x34c090	None		0x2185254
0x2666068	908	0x1a6ae60	None	128	upSprite	None	?	None		0x192b260
0x2666068	909	0x34c090	None	16	?	0x24c7c68	0x34c090	None		0x2185254
0x2666068	910	0x1a6b2b0	None	128	upSprite	None	?	None		0x192b5d0
0x2666068	911	0x34c090	None	16	?	0x24c7c68	0x34c090	None		0x2185254
0x2666068	912	0x1a6b260	None	128	upSprite	None	?	None		0x192b260
0x2666068	913	0x34c090	None	16	?	0x24c7c68	0x34c090	None		0x2185254
0x2666068	915	0x34c090	None	16	?	0x24c7c68	0x34c090	None		0x2185254
0x2666068	916	0x1a6b300	None	128	upSprite	None	?	None		0x17f7860
0x2666068	917	0x34c090	None	16	?	0x24c7c68	0x34c090	None		0x2185254
0x2666068	918	0x1a6b100	None	128	upSprite	None	?	None		0x17f7860
0x2666068	919	0x34c090	None	16	?	0x24c7c68	0x34c090	None		0x2185254
0x2666068	920	0x1a6b0b0	None	128	upSprite	None	?	None		0x192b5d0
0x2666068	921	0x34c090	None	16	?	0x24c7c68	0x34c090	None		0x2185254
0x2666068	923	0x34c090	None	16	?	0x24c7c68	0x34c090	None		0x2185254
0x2666068	925	0x34c090	None	16	?	0x24c7c68	0x34c090	None		0x2185254
0x2666068	927	0x34c090	None	16	?	0x24c7c68	0x34c090	None		0x2185254
0x2666068	929	0x34c090	None	16	?	0x24c7c68	0x34c090	None		0x2185254
0x2666068	930	0x1a6b6b0	None	128	upSprite	None	?	None		0x192b5d0
0x2666068	931	0x34c090	None	16	?	0x24c7c68	0x34c090	None		0x2185254
0x2666068	932	0x1a6b660	None	128	upSprite	None	?	None		0x192b260
0x2666068	933	0x34c090	None	16	?	0x24c7c68	0x34c090	None		0x2185254
0x2666068	934	0x1a6b460	None	128	upSprite	None	?	None		0x192b260
0x2666068	935	0x34c090	None	16	?	0x24c7c68	0x34c090	None		0x2185254
0x2666068	937	0x34c090	None	16	?	0x24c7c68	0x34c090	None		0x2185254
0x2666068	938	0x1a6b500	None	128	upSprite	None	?	None		0x17f7860
0x2666068	939	0x34c090	None	16	?	0x24c7c68	0x34c090	None		0x2185254
0x2666068	940	0x1a6b4b0	None	128	upSprite	None	?	None		0x192b5d0
0x2666068	941	0x34c090	None	16	?	0x24c7c68	0x34c090	None		0x2185254
0x2666068	943	0x34c090	None	16	?	0x24c7c68	0x34c090	None		0x2185254
0x2666068	945	0x34c090	None	16	?	0x24c7c68	0x34c090	None		0x2185254
0x2666068	947	0x34c090	None	16	?	0x24c7c68	0x34c090	None		0x2185254
0x2666068	949	0x34c090	None	16	?	0x24c7c68	0x34c090	None		0x2185254
0x2666068	951	0x34c090	None	16	?	0x24c7c68	0x34c090	None		0x2185254
0x2666068	952	0x1a6b700	None	128	upSprite	None	?	None		0x17f7860
0x2666068	953	0x34c090	None	16	?	0x24c7c68	0x34c090	None		0x2185254
0x2666068	955	0x34c090	None	16	?	0x24c7c68	0x34c090	None		0x2185254
0x2666068	957	0x34c090	None	16	?	0x24c7c68	0x34c090	None		0x2185254
0x2666068	959	0x34c090	None	16	?	0x24c7c68	0x34c090	None		0x2185254
0x2666068	960	0x196d3f0	None	32	x	None	?	None		0x192b260
0x2666068	961	0x34c090	None	16	?	0x24c7c68	0x34c090	None		0x2185254
0x2666068	963	0x192b310	None	456	frameAnimatedSpriteType	None	?	None		0x2185254
0x2666068	964	0x3afd30	None	1	?	None	?	None		0x1cc4450
0x2668178	1	0x34c090	None	16	?	0x24c7c68	0x34c090	None		0x2185254
0x2668178	2	0x1a69900	None	1024	randomlog_stack	None	?	None		0x17f7860
0x2668178	3	0x34c090	None	16	?	0x24c7c68	0x34c090	None		0x2185254
0x2668178	4	0x1a698b0	None	1024	randomlog_stack	None	?	None		0x192b5d0
0x2668178	5	0x34c090	None	16	?	0x24c7c68	0x34c090	None		0x2185254
0x2668178	7	0x34c090	None	16	?	0x24c7c68	0x34c090	None		0x2185254
0x2668178	9	0x34c090	None	16	?	0x24c7c68	0x34c090	None		0x2185254
0x2668178	11	0x34c090	None	16	?	0x24c7c68	0x34c090	None		0x2185254
0x2668178	12	0x1a69700	None	268435456	?	None	?	None		0x17f7860
0x2668178	13	0x34c090	None	16	?	0x24c7c68	0x34c090	None		0x2185254
0x2668178	14	0x1a69860	None	1024	randomlog_stack	None	?	None		0x192b260
0x2668178	15	0x34c090	None	16	?	0x24c7c68	0x34c090	None		0x2185254
0x2668178	17	0x34c090	None	16	?	0x24c7c68	0x34c090	None		0x2185254
0x2668178	18	0x1a69c60	None	4194304	?	None	?	None		0x192b260
0x2668178	19	0x34c090	None	16	?	0x24c7c68	0x34c090	None		0x2185254
0x2668178	21	0x34c090	None	16	?	0x24c7c68	0x34c090	None		0x2185254
0x2668178	22	0x1a69d00	None	4194304	?	None	?	None		0x17f7860
0x2668178	23	0x34c090	None	16	?	0x24c7c68	0x34c090	None		0x2185254
0x2668178	24	0x1a69cb0	None	4194304	?	None	?	None		0x192b5d0
0x2668178	25	0x34c090	None	16	?	0x24c7c68	0x34c090	None		0x2185254
0x2668178	26	0x1a69ab0	None	1024	randomlog_stack	None	?	None		0x192b5d0
0x2668178	27	0x34c090	None	16	?	0x24c7c68	0x34c090	None		0x2185254
0x2668178	28	0x1a69a60	None	1024	randomlog_stack	None	?	None		0x192b260
0x2668178	29	0x34c090	None	16	?	0x24c7c68	0x34c090	None		0x2185254
0x2668178	31	0x34c090	None	16	?	0x24c7c68	0x34c090	None		0x2185254
0x2668178	32	0x1a69b00	None	1024	randomlog_stack	None	?	None		0x17f7860
0x2668178	33	0x34c090	None	16	?	0x24c7c68	0x34c090	None		0x2185254
0x2668178	35	0x34c090	None	16	?	0x24c7c68	0x34c090	None		0x2185254
0x2668178	36	0x1a69f00	None	512	parent_joint	None	?	None		0x17f7860
0x2668178	37	0x34c090	None	16	?	0x24c7c68	0x34c090	None		0x2185254
0x2668178	38	0x1a6a060	None	512	parent_joint	None	?	None		0x192b260
0x2668178	39	0x34c090	None	16	?	0x24c7c68	0x34c090	None		0x2185254
0x2668178	41	0x34c090	None	16	?	0x24c7c68	0x34c090	None		0x2185254
0x2668178	43	0x34c090	None	16	?	0x24c7c68	0x34c090	None		0x2185254
0x2668178	45	0x34c090	None	16	?	0x24c7c68	0x34c090	None		0x2185254
0x2668178	46	0x1a69eb0	None	512	parent_joint	None	?	None		0x192b5d0
0x2668178	47	0x34c090	None	16	?	0x24c7c68	0x34c090	None		0x2185254
0x2668178	48	0x1a69e60	None	512	parent_joint	None	?	None		0x192b260
0x2668178	49	0x1930df0	None	104	camera	0x2668300	0x1930df0	None		0x2185254
0x2668178	53	0x192b310	None	456	frameAnimatedSpriteType	None	?	None		0x2185254
0x2668178	54	0x3afd30	None	1	?	None	?	None		0x1cc4450
0x269c110	1	0x1b3cb40	None	9240	?	0x269c118	0x1b3cb40	None		0x2185254
0x269c110	5	0x34c090	None	16	?	0x24c7c68	0x34c090	None		0x2185254
0x269c110	7	0x34c090	None	16	?	0x24c7c68	0x34c090	None		0x2185254
0x269c110	9	0x34c090	None	16	?	0x24c7c68	0x34c090	None		0x2185254
0x269c110	11	0x34c090	None	16	?	0x24c7c68	0x34c090	None		0x2185254
0x269c110	13	0x34c090	None	16	?	0x24c7c68	0x34c090	None		0x2185254
0x269c110	15	0x34c090	None	16	?	0x24c7c68	0x34c090	None		0x2185254
0x269c110	17	0x34c090	None	16	?	0x24c7c68	0x34c090	None		0x2185254
0x269c110	19	0x34c090	None	16	?	0x24c7c68	0x34c090	None		0x2185254
0x269c110	21	0x34c090	None	16	?	0x24c7c68	0x34c090	None		0x2185254
0x269c110	23	0x34c090	None	16	?	0x24c7c68	0x34c090	None		0x2185254
0x269c110	25	0x34c090	None	16	?	0x24c7c68	0x34c090	None		0x2185254
0x269c110	27	0x34c090	None	16	?	0x24c7c68	0x34c090	None		0x2185254
0x269c110	29	0x34c090	None	16	?	0x24c7c68	0x34c090	None		0x2185254
0x269c110	31	0x34c090	None	16	?	0x24c7c68	0x34c090	None		0x2185254
0x269c110	33	0x34c090	None	16	?	0x24c7c68	0x34c090	None		0x2185254
0x269c110	35	0x34c090	None	16	?	0x24c7c68	0x34c090	None		0x2185254
0x269c110	37	0x34c090	None	16	?	0x24c7c68	0x34c090	None		0x2185254
0x269c110	39	0x34c090	None	16	?	0x24c7c68	0x34c090	None		0x2185254
0x269c110	41	0x34c090	None	16	?	0x24c7c68	0x34c090	None		0x2185254
0x269c110	43	0x34c090	None	16	?	0x24c7c68	0x34c090	None		0x2185254
0x269c110	45	0x34c090	None	16	?	0x24c7c68	0x34c090	None		0x2185254
0x269c110	47	0x34c090	None	16	?	0x24c7c68	0x34c090	None		0x2185254
0x269c110	49	0x34c090	None	16	?	0x24c7c68	0x34c090	None		0x2185254
0x269c110	51	0x34c090	None	16	?	0x24c7c68	0x34c090	None		0x2185254
0x269c110	53	0x34c090	None	16	?	0x24c7c68	0x34c090	None		0x2185254
0x269c110	55	0x34c090	None	16	?	0x24c7c68	0x34c090	None		0x2185254
0x269c110	57	0x34c090	None	16	?	0x24c7c68	0x34c090	None		0x2185254
0x269c110	59	0x34c090	None	16	?	0x24c7c68	0x34c090	None		0x2185254
0x269c110	61	0x34c090	None	16	?	0x24c7c68	0x34c090	None		0x2185254
0x269c110	63	0x34c090	None	16	?	0x24c7c68	0x34c090	None		0x2185254
0x269c110	65	0x34c090	None	16	?	0x24c7c68	0x34c090	None		0x2185254
0x269c110	67	0x34c090	None	16	?	0x24c7c68	0x34c090	None		0x2185254
0x269c110	69	0x34c090	None	16	?	0x24c7c68	0x34c090	None		0x2185254
0x269c110	71	0x34c090	None	16	?	0x24c7c68	0x34c090	None		0x2185254
0x269c110	73	0x34c090	None	16	?	0x24c7c68	0x34c090	None		0x2185254
0x269c110	75	0x34c090	None	16	?	0x24c7c68	0x34c090	None		0x2185254
0x269c110	77	0x34c090	None	16	?	0x24c7c68	0x34c090	None		0x2185254
0x269c110	79	0x34c090	None	16	?	0x24c7c68	0x34c090	None		0x2185254
0x269c110	81	0x34c090	None	16	?	0x24c7c68	0x34c090	None		0x2185254
0x269c110	83	0x34c090	None	16	?	0x24c7c68	0x34c090	None		0x2185254
0x269c110	85	0x34c090	None	16	?	0x24c7c68	0x34c090	None		0x2185254
0x269c110	87	0x34c090	None	16	?	0x24c7c68	0x34c090	None		0x2185254
0x269c110	89	0x34c090	None	16	?	0x24c7c68	0x34c090	None		0x2185254
0x269c110	91	0x34c090	None	16	?	0x24c7c68	0x34c090	None		0x2185254
0x269c110	93	0x34c090	None	16	?	0x24c7c68	0x34c090	None		0x2185254
0x269c110	95	0x34c090	None	16	?	0x24c7c68	0x34c090	None		0x2185254
0x269c110	97	0x34c090	None	16	?	0x24c7c68	0x34c090	None		0x2185254
0x269c110	99	0x34c090	None	16	?	0x24c7c68	0x34c090	None		0x2185254
0x269c110	101	0x34c090	None	16	?	0x24c7c68	0x34c090	None		0x2185254
0x269c110	103	0x34c090	None	16	?	0x24c7c68	0x34c090	None		0x2185254
0x269c110	105	0x34c090	None	16	?	0x24c7c68	0x34c090	None		0x2185254
0x269c110	107	0x34c090	None	16	?	0x24c7c68	0x34c090	None		0x2185254
0x269c110	109	0x34c090	None	16	?	0x24c7c68	0x34c090	None		0x2185254
0x269c110	111	0x34c090	None	16	?	0x24c7c68	0x34c090	None		0x2185254
0x269c110	113	0x34c090	None	16	?	0x24c7c68	0x34c090	None		0x2185254
0x269c110	115	0x34c090	None	16	?	0x24c7c68	0x34c090	None		0x2185254
0x269c110	117	0x34c090	None	16	?	0x24c7c68	0x34c090	None		0x2185254
0x269c110	119	0x34c090	None	16	?	0x24c7c68	0x34c090	None		0x2185254
0x269c110	121	0x34c090	None	16	?	0x24c7c68	0x34c090	None		0x2185254
0x269c110	123	0x34c090	None	16	?	0x24c7c68	0x34c090	None		0x2185254
0x269c110	125	0x34c090	None	16	?	0x24c7c68	0x34c090	None		0x2185254
0x269c110	127	0x34c090	None	16	?	0x24c7c68	0x34c090	None		0x2185254
0x269c110	128	0x1b30fc0	None	11404	root	None	?	None		0x3549d0
0x269c110	129	0x34c090	None	16	?	0x24c7c68	0x34c090	None		0x2185254
0x269c110	131	0x34c090	None	16	?	0x24c7c68	0x34c090	None		0x2185254
0x269c110	133	0x34c090	None	16	?	0x24c7c68	0x34c090	None		0x2185254
0x269c110	135	0x34c090	None	16	?	0x24c7c68	0x34c090	None		0x2185254
0x269c110	137	0x34c090	None	16	?	0x24c7c68	0x34c090	None		0x2185254
0x269c110	139	0x34c090	None	16	?	0x24c7c68	0x34c090	None		0x2185254
0x269c110	141	0x34c090	None	16	?	0x24c7c68	0x34c090	None		0x2185254
0x269c110	143	0x34c090	None	16	?	0x24c7c68	0x34c090	None		0x2185254
0x269c110	145	0x34c090	None	16	?	0x24c7c68	0x34c090	None		0x2185254
0x269c110	147	0x34c090	None	16	?	0x24c7c68	0x34c090	None		0x2185254
0x269c110	149	0x34c090	None	16	?	0x24c7c68	0x34c090	None		0x2185254
0x269c110	151	0x34c090	None	16	?	0x24c7c68	0x34c090	None		0x2185254
0x269c110	153	0x34c090	None	16	?	0x24c7c68	0x34c090	None		0x2185254
0x269c110	155	0x34c090	None	16	?	0x24c7c68	0x34c090	None		0x2185254
0x269c110	157	0x34c090	None	16	?	0x24c7c68	0x34c090	None		0x2185254
0x269c110	159	0x34c090	None	16	?	0x24c7c68	0x34c090	None		0x2185254
0x269c110	161	0x34c090	None	16	?	0x24c7c68	0x34c090	None		0x2185254
0x269c110	163	0x34c090	None	16	?	0x24c7c68	0x34c090	None		0x2185254
0x269c110	165	0x34c090	None	16	?	0x24c7c68	0x34c090	None		0x2185254
0x269c110	167	0x34c090	None	16	?	0x24c7c68	0x34c090	None		0x2185254
0x269c110	169	0x34c090	None	16	?	0x24c7c68	0x34c090	None		0x2185254
0x269c110	171	0x34c090	None	16	?	0x24c7c68	0x34c090	None		0x2185254
0x269c110	173	0x34c090	None	16	?	0x24c7c68	0x34c090	None		0x2185254
0x269c110	175	0x34c090	None	16	?	0x24c7c68	0x34c090	None		0x2185254
0x269c110	177	0x34c090	None	16	?	0x24c7c68	0x34c090	None		0x2185254
0x269c110	179	0x34c090	None	16	?	0x24c7c68	0x34c090	None		0x2185254
0x269c110	181	0x34c090	None	16	?	0x24c7c68	0x34c090	None		0x2185254
0x269c110	183	0x34c090	None	16	?	0x24c7c68	0x34c090	None		0x2185254
0x269c110	185	0x34c090	None	16	?	0x24c7c68	0x34c090	None		0x2185254
0x269c110	187	0x34c090	None	16	?	0x24c7c68	0x34c090	None		0x2185254
0x269c110	189	0x34c090	None	16	?	0x24c7c68	0x34c090	None		0x2185254
0x269c110	191	0x34c090	None	16	?	0x24c7c68	0x34c090	None		0x2185254
0x269c110	193	0x34c090	None	16	?	0x24c7c68	0x34c090	None		0x2185254
0x269c110	195	0x34c090	None	16	?	0x24c7c68	0x34c090	None		0x2185254
0x269c110	197	0x34c090	None	16	?	0x24c7c68	0x34c090	None		0x2185254
0x269c110	199	0x34c090	None	16	?	0x24c7c68	0x34c090	None		0x2185254
0x269c110	201	0x34c090	None	16	?	0x24c7c68	0x34c090	None		0x2185254
0x269c110	203	0x34c090	None	16	?	0x24c7c68	0x34c090	None		0x2185254
0x269c110	205	0x34c090	None	16	?	0x24c7c68	0x34c090	None		0x2185254
0x269c110	207	0x34c090	None	16	?	0x24c7c68	0x34c090	None		0x2185254
0x269c110	209	0x34c090	None	16	?	0x24c7c68	0x34c090	None		0x2185254
0x269c110	211	0x34c090	None	16	?	0x24c7c68	0x34c090	None		0x2185254
0x269c110	213	0x34c090	None	16	?	0x24c7c68	0x34c090	None		0x2185254
0x269c110	215	0x34c090	None	16	?	0x24c7c68	0x34c090	None		0x2185254
0x269c110	217	0x34c090	None	16	?	0x24c7c68	0x34c090	None		0x2185254
0x269c110	219	0x34c090	None	16	?	0x24c7c68	0x34c090	None		0x2185254
0x269c110	221	0x34c090	None	16	?	0x24c7c68	0x34c090	None		0x2185254
0x269c110	223	0x34c090	None	16	?	0x24c7c68	0x34c090	None		0x2185254
0x269c110	225	0x34c090	None	16	?	0x24c7c68	0x34c090	None		0x2185254
0x269c110	227	0x34c090	None	16	?	0x24c7c68	0x34c090	None		0x2185254
0x269c110	229	0x34c090	None	16	?	0x24c7c68	0x34c090	None		0x2185254
0x269c110	231	0x34c090	None	16	?	0x24c7c68	0x34c090	None		0x2185254
0x269c110	233	0x34c090	None	16	?	0x24c7c68	0x34c090	None		0x2185254
0x269c110	235	0x34c090	None	16	?	0x24c7c68	0x34c090	None		0x2185254
0x269c110	237	0x34c090	None	16	?	0x24c7c68	0x34c090	None		0x2185254
0x269c110	239	0x34c090	None	16	?	0x24c7c68	0x34c090	None		0x2185254
0x269c110	241	0x34c090	None	16	?	0x24c7c68	0x34c090	None		0x2185254
0x269c110	243	0x34c090	None	16	?	0x24c7c68	0x34c090	None		0x2185254
0x269c110	245	0x34c090	None	16	?	0x24c7c68	0x34c090	None		0x2185254
0x269c110	247	0x34c090	None	16	?	0x24c7c68	0x34c090	None		0x2185254
0x269c110	249	0x34c090	None	16	?	0x24c7c68	0x34c090	None		0x2185254
0x269c110	251	0x34c090	None	16	?	0x24c7c68	0x34c090	None		0x2185254
0x269c110	253	0x34c090	None	16	?	0x24c7c68	0x34c090	None		0x2185254
0x269c110	255	0x34c090	None	16	?	0x24c7c68	0x34c090	None		0x2185254
0x269c110	257	0x34c090	None	16	?	0x24c7c68	0x34c090	None		0x2185254
0x269c110	259	0x34c090	None	16	?	0x24c7c68	0x34c090	None		0x2185254
0x269c110	261	0x34c090	None	16	?	0x24c7c68	0x34c090	None		0x2185254
0x269c110	263	0x34c090	None	16	?	0x24c7c68	0x34c090	None		0x2185254
0x269c110	265	0x34c090	None	16	?	0x24c7c68	0x34c090	None		0x2185254
0x269c110	267	0x34c090	None	16	?	0x24c7c68	0x34c090	None		0x2185254
0x269c110	269	0x34c090	None	16	?	0x24c7c68	0x34c090	None		0x2185254
0x269c110	271	0x34c090	None	16	?	0x24c7c68	0x34c090	None		0x2185254
0x269c110	273	0x34c090	None	16	?	0x24c7c68	0x34c090	None		0x2185254
0x269c110	275	0x34c090	None	16	?	0x24c7c68	0x34c090	None		0x2185254
0x269c110	277	0x34c090	None	16	?	0x24c7c68	0x34c090	None		0x2185254
0x269c110	279	0x34c090	None	16	?	0x24c7c68	0x34c090	None		0x2185254
0x269c110	281	0x34c090	None	16	?	0x24c7c68	0x34c090	None		0x2185254
0x269c110	283	0x34c090	None	16	?	0x24c7c68	0x34c090	None		0x2185254
0x269c110	285	0x34c090	None	16	?	0x24c7c68	0x34c090	None		0x2185254
0x269c110	287	0x34c090	None	16	?	0x24c7c68	0x34c090	None		0x2185254
0x269c110	289	0x34c090	None	16	?	0x24c7c68	0x34c090	None		0x2185254
0x269c110	291	0x34c090	None	16	?	0x24c7c68	0x34c090	None		0x2185254
0x269c110	293	0x34c090	None	16	?	0x24c7c68	0x34c090	None		0x2185254
0x269c110	295	0x34c090	None	16	?	0x24c7c68	0x34c090	None		0x2185254
0x269c110	297	0x34c090	None	16	?	0x24c7c68	0x34c090	None		0x2185254
0x269c110	299	0x34c090	None	16	?	0x24c7c68	0x34c090	None		0x2185254
0x269c110	301	0x34c090	None	16	?	0x24c7c68	0x34c090	None		0x2185254
0x269c110	303	0x34c090	None	16	?	0x24c7c68	0x34c090	None		0x2185254
0x269c110	305	0x34c090	None	16	?	0x24c7c68	0x34c090	None		0x2185254
0x269c110	307	0x34c090	None	16	?	0x24c7c68	0x34c090	None		0x2185254
0x269c110	309	0x34c090	None	16	?	0x24c7c68	0x34c090	None		0x2185254
0x269c110	311	0x34c090	None	16	?	0x24c7c68	0x34c090	None		0x2185254
0x269c110	313	0x34c090	None	16	?	0x24c7c68	0x34c090	None		0x2185254
0x269c110	315	0x34c090	None	16	?	0x24c7c68	0x34c090	None		0x2185254
0x269c110	317	0x34c090	None	16	?	0x24c7c68	0x34c090	None		0x2185254
0x269c110	319	0x34c090	None	16	?	0x24c7c68	0x34c090	None		0x2185254
0x269c110	321	0x34c090	None	16	?	0x24c7c68	0x34c090	None		0x2185254
0x269c110	323	0x34c090	None	16	?	0x24c7c68	0x34c090	None		0x2185254
0x269c110	325	0x34c090	None	16	?	0x24c7c68	0x34c090	None		0x2185254
0x269c110	327	0x34c090	None	16	?	0x24c7c68	0x34c090	None		0x2185254
0x269c110	329	0x34c090	None	16	?	0x24c7c68	0x34c090	None		0x2185254
0x269c110	331	0x34c090	None	16	?	0x24c7c68	0x34c090	None		0x2185254
0x269c110	333	0x34c090	None	16	?	0x24c7c68	0x34c090	None		0x2185254
0x269c110	335	0x34c090	None	16	?	0x24c7c68	0x34c090	None		0x2185254
0x269c110	337	0x34c090	None	16	?	0x24c7c68	0x34c090	None		0x2185254
0x269c110	339	0x34c090	None	16	?	0x24c7c68	0x34c090	None		0x2185254
0x269c110	341	0x34c090	None	16	?	0x24c7c68	0x34c090	None		0x2185254
0x269c110	343	0x34c090	None	16	?	0x24c7c68	0x34c090	None		0x2185254
0x269c110	345	0x34c090	None	16	?	0x24c7c68	0x34c090	None		0x2185254
0x269c110	347	0x34c090	None	16	?	0x24c7c68	0x34c090	None		0x2185254
0x269c110	349	0x34c090	None	16	?	0x24c7c68	0x34c090	None		0x2185254
0x269c110	351	0x34c090	None	16	?	0x24c7c68	0x34c090	None		0x2185254
0x269c110	353	0x34c090	None	16	?	0x24c7c68	0x34c090	None		0x2185254
0x269c110	355	0x34c090	None	16	?	0x24c7c68	0x34c090	None		0x2185254
0x269c110	357	0x34c090	None	16	?	0x24c7c68	0x34c090	None		0x2185254
0x269c110	359	0x34c090	None	16	?	0x24c7c68	0x34c090	None		0x2185254
0x269c110	361	0x34c090	None	16	?	0x24c7c68	0x34c090	None		0x2185254
0x269c110	363	0x34c090	None	16	?	0x24c7c68	0x34c090	None		0x2185254
0x269c110	365	0x34c090	None	16	?	0x24c7c68	0x34c090	None		0x2185254
0x269c110	367	0x34c090	None	16	?	0x24c7c68	0x34c090	None		0x2185254
0x269c110	369	0x34c090	None	16	?	0x24c7c68	0x34c090	None		0x2185254
0x269c110	371	0x34c090	None	16	?	0x24c7c68	0x34c090	None		0x2185254
0x269c110	373	0x34c090	None	16	?	0x24c7c68	0x34c090	None		0x2185254
0x269c110	375	0x34c090	None	16	?	0x24c7c68	0x34c090	None		0x2185254
0x269c110	377	0x34c090	None	16	?	0x24c7c68	0x34c090	None		0x2185254
0x269c110	379	0x34c090	None	16	?	0x24c7c68	0x34c090	None		0x2185254
0x269c110	381	0x34c090	None	16	?	0x24c7c68	0x34c090	None		0x2185254
0x269c110	383	0x34c090	None	16	?	0x24c7c68	0x34c090	None		0x2185254
0x269c110	385	0x34c090	None	16	?	0x24c7c68	0x34c090	None		0x2185254
0x269c110	387	0x34c090	None	16	?	0x24c7c68	0x34c090	None		0x2185254
0x269c110	389	0x34c090	None	16	?	0x24c7c68	0x34c090	None		0x2185254
0x269c110	391	0x34c090	None	16	?	0x24c7c68	0x34c090	None		0x2185254
0x269c110	393	0x34c090	None	16	?	0x24c7c68	0x34c090	None		0x2185254
0x269c110	395	0x34c090	None	16	?	0x24c7c68	0x34c090	None		0x2185254
0x269c110	397	0x34c090	None	16	?	0x24c7c68	0x34c090	None		0x2185254
0x269c110	399	0x34c090	None	16	?	0x24c7c68	0x34c090	None		0x2185254
0x269c110	401	0x34c090	None	16	?	0x24c7c68	0x34c090	None		0x2185254
0x269c110	403	0x34c090	None	16	?	0x24c7c68	0x34c090	None		0x2185254
0x269c110	405	0x34c090	None	16	?	0x24c7c68	0x34c090	None		0x2185254
0x269c110	407	0x34c090	None	16	?	0x24c7c68	0x34c090	None		0x2185254
0x269c110	409	0x34c090	None	16	?	0x24c7c68	0x34c090	None		0x2185254
0x269c110	411	0x34c090	None	16	?	0x24c7c68	0x34c090	None		0x2185254
0x269c110	413	0x34c090	None	16	?	0x24c7c68	0x34c090	None		0x2185254
0x269c110	415	0x34c090	None	16	?	0x24c7c68	0x34c090	None		0x2185254
0x269c110	417	0x34c090	None	16	?	0x24c7c68	0x34c090	None		0x2185254
0x269c110	419	0x34c090	None	16	?	0x24c7c68	0x34c090	None		0x2185254
0x269c110	421	0x34c090	None	16	?	0x24c7c68	0x34c090	None		0x2185254
0x269c110	423	0x34c090	None	16	?	0x24c7c68	0x34c090	None		0x2185254
0x269c110	425	0x34c090	None	16	?	0x24c7c68	0x34c090	None		0x2185254
0x269c110	427	0x34c090	None	16	?	0x24c7c68	0x34c090	None		0x2185254
0x269c110	429	0x34c090	None	16	?	0x24c7c68	0x34c090	None		0x2185254
0x269c110	431	0x34c090	None	16	?	0x24c7c68	0x34c090	None		0x2185254
0x269c110	433	0x34c090	None	16	?	0x24c7c68	0x34c090	None		0x2185254
0x269c110	435	0x34c090	None	16	?	0x24c7c68	0x34c090	None		0x2185254
0x269c110	437	0x34c090	None	16	?	0x24c7c68	0x34c090	None		0x2185254
0x269c110	439	0x34c090	None	16	?	0x24c7c68	0x34c090	None		0x2185254
0x269c110	441	0x34c090	None	16	?	0x24c7c68	0x34c090	None		0x2185254
0x269c110	443	0x34c090	None	16	?	0x24c7c68	0x34c090	None		0x2185254
0x269c110	445	0x34c090	None	16	?	0x24c7c68	0x34c090	None		0x2185254
0x269c110	447	0x34c090	None	16	?	0x24c7c68	0x34c090	None		0x2185254
0x269c110	449	0x34c090	None	16	?	0x24c7c68	0x34c090	None		0x2185254
0x269c110	451	0x34c090	None	16	?	0x24c7c68	0x34c090	None		0x2185254
0x269c110	453	0x34c090	None	16	?	0x24c7c68	0x34c090	None		0x2185254
0x269c110	455	0x34c090	None	16	?	0x24c7c68	0x34c090	None		0x2185254
0x269c110	457	0x34c090	None	16	?	0x24c7c68	0x34c090	None		0x2185254
0x269c110	459	0x34c090	None	16	?	0x24c7c68	0x34c090	None		0x2185254
0x269c110	461	0x34c090	None	16	?	0x24c7c68	0x34c090	None		0x2185254
0x269c110	463	0x34c090	None	16	?	0x24c7c68	0x34c090	None		0x2185254
0x269c110	465	0x34c090	None	16	?	0x24c7c68	0x34c090	None		0x2185254
0x269c110	467	0x34c090	None	16	?	0x24c7c68	0x34c090	None		0x2185254
0x269c110	469	0x34c090	None	16	?	0x24c7c68	0x34c090	None		0x2185254
0x269c110	471	0x34c090	None	16	?	0x24c7c68	0x34c090	None		0x2185254
0x269c110	473	0x34c090	None	16	?	0x24c7c68	0x34c090	None		0x2185254
0x269c110	475	0x34c090	None	16	?	0x24c7c68	0x34c090	None		0x2185254
0x269c110	477	0x34c090	None	16	?	0x24c7c68	0x34c090	None		0x2185254
0x269c110	479	0x34c090	None	16	?	0x24c7c68	0x34c090	None		0x2185254
0x269c110	481	0x34c090	None	16	?	0x24c7c68	0x34c090	None		0x2185254
0x269c110	483	0x34c090	None	16	?	0x24c7c68	0x34c090	None		0x2185254
0x269c110	485	0x34c090	None	16	?	0x24c7c68	0x34c090	None		0x2185254
0x269c110	487	0x34c090	None	16	?	0x24c7c68	0x34c090	None		0x2185254
0x269c110	489	0x34c090	None	16	?	0x24c7c68	0x34c090	None		0x2185254
0x269c110	491	0x34c090	None	16	?	0x24c7c68	0x34c090	None		0x2185254
0x269c110	493	0x34c090	None	16	?	0x24c7c68	0x34c090	None		0x2185254
0x269c110	495	0x34c090	None	16	?	0x24c7c68	0x34c090	None		0x2185254
0x269c110	497	0x34c090	None	16	?	0x24c7c68	0x34c090	None		0x2185254
0x269c110	499	0x34c090	None	16	?	0x24c7c68	0x34c090	None		0x2185254
0x269c110	501	0x34c090	None	16	?	0x24c7c68	0x34c090	None		0x2185254
0x269c110	503	0x34c090	None	16	?	0x24c7c68	0x34c090	None		0x2185254
0x269c110	505	0x34c090	None	16	?	0x24c7c68	0x34c090	None		0x2185254
0x269c110	507	0x34c090	None	16	?	0x24c7c68	0x34c090	None		0x2185254
0x269c110	509	0x34c090	None	16	?	0x24c7c68	0x34c090	None		0x2185254
0x269c110	511	0x34c090	None	16	?	0x24c7c68	0x34c090	None		0x2185254
0x269c110	513	0x34c090	None	16	?	0x24c7c68	0x34c090	None		0x2185254
0x269c110	515	0x34c090	None	16	?	0x24c7c68	0x34c090	None		0x2185254
0x269c110	517	0x34c090	None	16	?	0x24c7c68	0x34c090	None		0x2185254
0x269c110	519	0x34c090	None	16	?	0x24c7c68	0x34c090	None		0x2185254
0x269c110	521	0x34c090	None	16	?	0x24c7c68	0x34c090	None		0x2185254
0x269c110	523	0x34c090	None	16	?	0x24c7c68	0x34c090	None		0x2185254
0x269c110	525	0x34c090	None	16	?	0x24c7c68	0x34c090	None		0x2185254
0x269c110	527	0x34c090	None	16	?	0x24c7c68	0x34c090	None		0x2185254
0x269c110	529	0x34c090	None	16	?	0x24c7c68	0x34c090	None		0x2185254
0x269c110	531	0x34c090	None	16	?	0x24c7c68	0x34c090	None		0x2185254
0x269c110	533	0x34c090	None	16	?	0x24c7c68	0x34c090	None		0x2185254
0x269c110	535	0x34c090	None	16	?	0x24c7c68	0x34c090	None		0x2185254
0x269c110	537	0x34c090	None	16	?	0x24c7c68	0x34c090	None		0x2185254
0x269c110	539	0x34c090	None	16	?	0x24c7c68	0x34c090	None		0x2185254
0x269c110	541	0x34c090	None	16	?	0x24c7c68	0x34c090	None		0x2185254
0x269c110	543	0x34c090	None	16	?	0x24c7c68	0x34c090	None		0x2185254
0x269c110	545	0x34c090	None	16	?	0x24c7c68	0x34c090	None		0x2185254
0x269c110	547	0x34c090	None	16	?	0x24c7c68	0x34c090	None		0x2185254
0x269c110	549	0x34c090	None	16	?	0x24c7c68	0x34c090	None		0x2185254
0x269c110	551	0x34c090	None	16	?	0x24c7c68	0x34c090	None		0x2185254
0x269c110	553	0x34c090	None	16	?	0x24c7c68	0x34c090	None		0x2185254
0x269c110	555	0x34c090	None	16	?	0x24c7c68	0x34c090	None		0x2185254
0x269c110	557	0x34c090	None	16	?	0x24c7c68	0x34c090	None		0x2185254
0x269c110	559	0x34c090	None	16	?	0x24c7c68	0x34c090	None		0x2185254
0x269c110	561	0x34c090	None	16	?	0x24c7c68	0x34c090	None		0x2185254
0x269c110	563	0x34c090	None	16	?	0x24c7c68	0x34c090	None		0x2185254
0x269c110	565	0x34c090	None	16	?	0x24c7c68	0x34c090	None		0x2185254
0x269c110	567	0x34c090	None	16	?	0x24c7c68	0x34c090	None		0x2185254
0x269c110	569	0x34c090	None	16	?	0x24c7c68	0x34c090	None		0x2185254
0x269c110	571	0x34c090	None	16	?	0x24c7c68	0x34c090	None		0x2185254
0x269c110	573	0x34c090	None	16	?	0x24c7c68	0x34c090	None		0x2185254
0x269c110	575	0x34c090	None	16	?	0x24c7c68	0x34c090	None		0x2185254
0x269c110	577	0x34c090	None	16	?	0x24c7c68	0x34c090	None		0x2185254
0x269c110	579	0x34c090	None	16	?	0x24c7c68	0x34c090	None		0x2185254
0x269c110	581	0x34c090	None	16	?	0x24c7c68	0x34c090	None		0x2185254
0x269c110	583	0x34c090	None	16	?	0x24c7c68	0x34c090	None		0x2185254
0x269c110	585	0x34c090	None	16	?	0x24c7c68	0x34c090	None		0x2185254
0x269c110	587	0x34c090	None	16	?	0x24c7c68	0x34c090	None		0x2185254
0x269c110	589	0x34c090	None	16	?	0x24c7c68	0x34c090	None		0x2185254
0x269c110	591	0x34c090	None	16	?	0x24c7c68	0x34c090	None		0x2185254
0x269c110	593	0x34c090	None	16	?	0x24c7c68	0x34c090	None		0x2185254
0x269c110	595	0x34c090	None	16	?	0x24c7c68	0x34c090	None		0x2185254
0x269c110	597	0x34c090	None	16	?	0x24c7c68	0x34c090	None		0x2185254
0x269c110	599	0x34c090	None	16	?	0x24c7c68	0x34c090	None		0x2185254
0x269c110	601	0x34c090	None	16	?	0x24c7c68	0x34c090	None		0x2185254
0x269c110	603	0x34c090	None	16	?	0x24c7c68	0x34c090	None		0x2185254
0x269c110	605	0x34c090	None	16	?	0x24c7c68	0x34c090	None		0x2185254
0x269c110	607	0x34c090	None	16	?	0x24c7c68	0x34c090	None		0x2185254
0x269c110	609	0x34c090	None	16	?	0x24c7c68	0x34c090	None		0x2185254
0x269c110	611	0x34c090	None	16	?	0x24c7c68	0x34c090	None		0x2185254
0x269c110	613	0x34c090	None	16	?	0x24c7c68	0x34c090	None		0x2185254
0x269c110	615	0x34c090	None	16	?	0x24c7c68	0x34c090	None		0x2185254
0x269c110	617	0x34c090	None	16	?	0x24c7c68	0x34c090	None		0x2185254
0x269c110	619	0x34c090	None	16	?	0x24c7c68	0x34c090	None		0x2185254
0x269c110	621	0x34c090	None	16	?	0x24c7c68	0x34c090	None		0x2185254
0x269c110	623	0x34c090	None	16	?	0x24c7c68	0x34c090	None		0x2185254
0x269c110	625	0x34c090	None	16	?	0x24c7c68	0x34c090	None		0x2185254
0x269c110	627	0x34c090	None	16	?	0x24c7c68	0x34c090	None		0x2185254
0x269c110	629	0x34c090	None	16	?	0x24c7c68	0x34c090	None		0x2185254
0x269c110	631	0x34c090	None	16	?	0x24c7c68	0x34c090	None		0x2185254
0x269c110	633	0x34c090	None	16	?	0x24c7c68	0x34c090	None		0x2185254
0x269c110	635	0x34c090	None	16	?	0x24c7c68	0x34c090	None		0x2185254
0x269c110	637	0x34c090	None	16	?	0x24c7c68	0x34c090	None		0x2185254
0x269c110	639	0x34c090	None	16	?	0x24c7c68	0x34c090	None		0x2185254
0x269c110	641	0x34c090	None	16	?	0x24c7c68	0x34c090	None		0x2185254
0x269c110	643	0x34c090	None	16	?	0x24c7c68	0x34c090	None		0x2185254
0x269c110	645	0x34c090	None	16	?	0x24c7c68	0x34c090	None		0x2185254
0x269c110	647	0x34c090	None	16	?	0x24c7c68	0x34c090	None		0x2185254
0x269c110	649	0x34c090	None	16	?	0x24c7c68	0x34c090	None		0x2185254
0x269c110	651	0x34c090	None	16	?	0x24c7c68	0x34c090	None		0x2185254
0x269c110	653	0x34c090	None	16	?	0x24c7c68	0x34c090	None		0x2185254
0x269c110	655	0x34c090	None	16	?	0x24c7c68	0x34c090	None		0x2185254
0x269c110	657	0x34c090	None	16	?	0x24c7c68	0x34c090	None		0x2185254
0x269c110	659	0x34c090	None	16	?	0x24c7c68	0x34c090	None		0x2185254
0x269c110	661	0x34c090	None	16	?	0x24c7c68	0x34c090	None		0x2185254
0x269c110	662	0x1b2b650	None	11404	root	None	?	None		0x3549d0
0x269c110	663	0x34c090	None	16	?	0x24c7c68	0x34c090	None		0x2185254
0x269c110	665	0x34c090	None	16	?	0x24c7c68	0x34c090	None		0x2185254
0x269c110	667	0x34c090	None	16	?	0x24c7c68	0x34c090	None		0x2185254
0x269c110	669	0x34c090	None	16	?	0x24c7c68	0x34c090	None		0x2185254
0x269c110	671	0x34c090	None	16	?	0x24c7c68	0x34c090	None		0x2185254
0x269c110	673	0x34c090	None	16	?	0x24c7c68	0x34c090	None		0x2185254
0x269c110	675	0x34c090	None	16	?	0x24c7c68	0x34c090	None		0x2185254
0x269c110	677	0x34c090	None	16	?	0x24c7c68	0x34c090	None		0x2185254
0x269c110	679	0x34c090	None	16	?	0x24c7c68	0x34c090	None		0x2185254
0x269c110	681	0x34c090	None	16	?	0x24c7c68	0x34c090	None		0x2185254
0x269c110	683	0x34c090	None	16	?	0x24c7c68	0x34c090	None		0x2185254
0x269c110	685	0x34c090	None	16	?	0x24c7c68	0x34c090	None		0x2185254
0x269c110	687	0x34c090	None	16	?	0x24c7c68	0x34c090	None		0x2185254
0x269c110	689	0x34c090	None	16	?	0x24c7c68	0x34c090	None		0x2185254
0x269c110	691	0x34c090	None	16	?	0x24c7c68	0x34c090	None		0x2185254
0x269c110	693	0x34c090	None	16	?	0x24c7c68	0x34c090	None		0x2185254
0x269c110	695	0x34c090	None	16	?	0x24c7c68	0x34c090	None		0x2185254
0x269c110	697	0x34c090	None	16	?	0x24c7c68	0x34c090	None		0x2185254
0x269c110	699	0x34c090	None	16	?	0x24c7c68	0x34c090	None		0x2185254
0x269c110	701	0x34c090	None	16	?	0x24c7c68	0x34c090	None		0x2185254
0x269c110	703	0x34c090	None	16	?	0x24c7c68	0x34c090	None		0x2185254
0x269c110	705	0x34c090	None	16	?	0x24c7c68	0x34c090	None		0x2185254
0x269c110	707	0x34c090	None	16	?	0x24c7c68	0x34c090	None		0x2185254
0x269c110	709	0x34c090	None	16	?	0x24c7c68	0x34c090	None		0x2185254
0x269c110	711	0x34c090	None	16	?	0x24c7c68	0x34c090	None		0x2185254
0x269c110	713	0x34c090	None	16	?	0x24c7c68	0x34c090	None		0x2185254
0x269c110	715	0x34c090	None	16	?	0x24c7c68	0x34c090	None		0x2185254
0x269c110	717	0x34c090	None	16	?	0x24c7c68	0x34c090	None		0x2185254
0x269c110	719	0x34c090	None	16	?	0x24c7c68	0x34c090	None		0x2185254
0x269c110	721	0x34c090	None	16	?	0x24c7c68	0x34c090	None		0x2185254
0x269c110	723	0x34c090	None	16	?	0x24c7c68	0x34c090	None		0x2185254
0x269c110	725	0x34c090	None	16	?	0x24c7c68	0x34c090	None		0x2185254
0x269c110	727	0x34c090	None	16	?	0x24c7c68	0x34c090	None		0x2185254
0x269c110	729	0x34c090	None	16	?	0x24c7c68	0x34c090	None		0x2185254
0x269c110	731	0x34c090	None	16	?	0x24c7c68	0x34c090	None		0x2185254
0x269c110	733	0x34c090	None	16	?	0x24c7c68	0x34c090	None		0x2185254
0x269c110	735	0x34c090	None	16	?	0x24c7c68	0x34c090	None		0x2185254
0x269c110	737	0x34c090	None	16	?	0x24c7c68	0x34c090	None		0x2185254
0x269c110	739	0x34c090	None	16	?	0x24c7c68	0x34c090	None		0x2185254
0x269c110	741	0x34c090	None	16	?	0x24c7c68	0x34c090	None		0x2185254
0x269c110	743	0x34c090	None	16	?	0x24c7c68	0x34c090	None		0x2185254
0x269c110	745	0x34c090	None	16	?	0x24c7c68	0x34c090	None		0x2185254
0x269c110	747	0x34c090	None	16	?	0x24c7c68	0x34c090	None		0x2185254
0x269c110	749	0x34c090	None	16	?	0x24c7c68	0x34c090	None		0x2185254
0x269c110	751	0x34c090	None	16	?	0x24c7c68	0x34c090	None		0x2185254
0x269c110	753	0x34c090	None	16	?	0x24c7c68	0x34c090	None		0x2185254
0x269c110	755	0x34c090	None	16	?	0x24c7c68	0x34c090	None		0x2185254
0x269c110	757	0x34c090	None	16	?	0x24c7c68	0x34c090	None		0x2185254
0x269c110	759	0x34c090	None	16	?	0x24c7c68	0x34c090	None		0x2185254
0x269c110	761	0x34c090	None	16	?	0x24c7c68	0x34c090	None		0x2185254
0x269c110	763	0x34c090	None	16	?	0x24c7c68	0x34c090	None		0x2185254
0x269c110	764	0x1b29380	None	11404	root	None	?	None		0x3549d0
0x269c110	765	0x34c090	None	16	?	0x24c7c68	0x34c090	None		0x2185254
0x269c110	766	0x1b293f0	None	11404	root	None	?	None		0x3549d0
0x269c110	767	0x34c090	None	16	?	0x24c7c68	0x34c090	None		0x2185254
0x269c110	768	0x1b29460	None	11404	root	None	?	None		0x3549d0
0x269c110	769	0x34c090	None	16	?	0x24c7c68	0x34c090	None		0x2185254
0x269c110	771	0x34c090	None	16	?	0x24c7c68	0x34c090	None		0x2185254
0x269c110	773	0x34c090	None	16	?	0x24c7c68	0x34c090	None		0x2185254
0x269c110	775	0x34c090	None	16	?	0x24c7c68	0x34c090	None		0x2185254
0x269c110	777	0x34c090	None	16	?	0x24c7c68	0x34c090	None		0x2185254
0x269c110	779	0x34c090	None	16	?	0x24c7c68	0x34c090	None		0x2185254
0x269c110	781	0x34c090	None	16	?	0x24c7c68	0x34c090	None		0x2185254
0x269c110	783	0x34c090	None	16	?	0x24c7c68	0x34c090	None		0x2185254
0x269c110	785	0x34c090	None	16	?	0x24c7c68	0x34c090	None		0x2185254
0x269c110	787	0x34c090	None	16	?	0x24c7c68	0x34c090	None		0x2185254
0x269c110	789	0x34c090	None	16	?	0x24c7c68	0x34c090	None		0x2185254
0x269c110	791	0x34c090	None	16	?	0x24c7c68	0x34c090	None		0x2185254
0x269c110	793	0x34c090	None	16	?	0x24c7c68	0x34c090	None		0x2185254
0x269c110	795	0x34c090	None	16	?	0x24c7c68	0x34c090	None		0x2185254
0x269c110	797	0x34c090	None	16	?	0x24c7c68	0x34c090	None		0x2185254
0x269c110	799	0x34c090	None	16	?	0x24c7c68	0x34c090	None		0x2185254
0x269c110	801	0x34c090	None	16	?	0x24c7c68	0x34c090	None		0x2185254
0x269c110	803	0x34c090	None	16	?	0x24c7c68	0x34c090	None		0x2185254
0x269c110	805	0x34c090	None	16	?	0x24c7c68	0x34c090	None		0x2185254
0x269c110	807	0x34c090	None	16	?	0x24c7c68	0x34c090	None		0x2185254
0x269c110	809	0x34c090	None	16	?	0x24c7c68	0x34c090	None		0x2185254
0x269c110	811	0x34c090	None	16	?	0x24c7c68	0x34c090	None		0x2185254
0x269c110	813	0x34c090	None	16	?	0x24c7c68	0x34c090	None		0x2185254
0x269c110	815	0x34c090	None	16	?	0x24c7c68	0x34c090	None		0x2185254
0x269c110	817	0x34c090	None	16	?	0x24c7c68	0x34c090	None		0x2185254
0x269c110	819	0x34c090	None	16	?	0x24c7c68	0x34c090	None		0x2185254
0x269c110	821	0x34c090	None	16	?	0x24c7c68	0x34c090	None		0x2185254
0x269c110	823	0x34c090	None	16	?	0x24c7c68	0x34c090	None		0x2185254
0x269c110	825	0x34c090	None	16	?	0x24c7c68	0x34c090	None		0x2185254
0x269c110	827	0x34c090	None	16	?	0x24c7c68	0x34c090	None		0x2185254
0x269c110	829	0x34c090	None	16	?	0x24c7c68	0x34c090	None		0x2185254
0x269c110	831	0x34c090	None	16	?	0x24c7c68	0x34c090	None		0x2185254
0x269c110	833	0x34c090	None	16	?	0x24c7c68	0x34c090	None		0x2185254
0x269c110	835	0x34c090	None	16	?	0x24c7c68	0x34c090	None		0x2185254
0x269c110	836	0x1b2a510	None	11404	root	None	?	None		0x3549d0
0x269c110	837	0x34c090	None	16	?	0x24c7c68	0x34c090	None		0x2185254
0x269c110	839	0x34c090	None	16	?	0x24c7c68	0x34c090	None		0x2185254
0x269c110	841	0x34c090	None	16	?	0x24c7c68	0x34c090	None		0x2185254
0x269c110	843	0x34c090	None	16	?	0x24c7c68	0x34c090	None		0x2185254
0x269c110	845	0x34c090	None	16	?	0x24c7c68	0x34c090	None		0x2185254
0x269c110	847	0x34c090	None	16	?	0x24c7c68	0x34c090	None		0x2185254
0x269c110	849	0x34c090	None	16	?	0x24c7c68	0x34c090	None		0x2185254
0x269c110	851	0x34c090	None	16	?	0x24c7c68	0x34c090	None		0x2185254
0x269c110	853	0x34c090	None	16	?	0x24c7c68	0x34c090	None		0x2185254
0x269c110	855	0x34c090	None	16	?	0x24c7c68	0x34c090	None		0x2185254
0x269c110	857	0x34c090	None	16	?	0x24c7c68	0x34c090	None		0x2185254
0x269c110	859	0x34c090	None	16	?	0x24c7c68	0x34c090	None		0x2185254
0x269c110	861	0x34c090	None	16	?	0x24c7c68	0x34c090	None		0x2185254
0x269c110	863	0x34c090	None	16	?	0x24c7c68	0x34c090	None		0x2185254
0x269c110	865	0x34c090	None	16	?	0x24c7c68	0x34c090	None		0x2185254
0x269c110	867	0x34c090	None	16	?	0x24c7c68	0x34c090	None		0x2185254
0x269c110	869	0x34c090	None	16	?	0x24c7c68	0x34c090	None		0x2185254
0x269c110	871	0x34c090	None	16	?	0x24c7c68	0x34c090	None		0x2185254
0x269c110	873	0x34c090	None	16	?	0x24c7c68	0x34c090	None		0x2185254
0x269c110	875	0x34c090	None	16	?	0x24c7c68	0x34c090	None		0x2185254
0x269c110	877	0x34c090	None	16	?	0x24c7c68	0x34c090	None		0x2185254
0x269c110	879	0x34c090	None	16	?	0x24c7c68	0x34c090	None		0x2185254
0x269c110	881	0x34c090	None	16	?	0x24c7c68	0x34c090	None		0x2185254
0x269c110	883	0x34c090	None	16	?	0x24c7c68	0x34c090	None		0x2185254
0x269c110	885	0x34c090	None	16	?	0x24c7c68	0x34c090	None		0x2185254
0x269c110	887	0x34c090	None	16	?	0x24c7c68	0x34c090	None		0x2185254
0x269c110	889	0x34c090	None	16	?	0x24c7c68	0x34c090	None		0x2185254
0x269c110	891	0x34c090	None	16	?	0x24c7c68	0x34c090	None		0x2185254
0x269c110	893	0x34c090	None	16	?	0x24c7c68	0x34c090	None		0x2185254
0x269c110	895	0x34c090	None	16	?	0x24c7c68	0x34c090	None		0x2185254
0x269c110	897	0x34c090	None	16	?	0x24c7c68	0x34c090	None		0x2185254
0x269c110	899	0x34c090	None	16	?	0x24c7c68	0x34c090	None		0x2185254
0x269c110	901	0x34c090	None	16	?	0x24c7c68	0x34c090	None		0x2185254
0x269c110	903	0x34c090	None	16	?	0x24c7c68	0x34c090	None		0x2185254
0x269c110	905	0x34c090	None	16	?	0x24c7c68	0x34c090	None		0x2185254
0x269c110	907	0x34c090	None	16	?	0x24c7c68	0x34c090	None		0x2185254
0x269c110	909	0x34c090	None	16	?	0x24c7c68	0x34c090	None		0x2185254
0x269c110	911	0x34c090	None	16	?	0x24c7c68	0x34c090	None		0x2185254
0x269c110	913	0x34c090	None	16	?	0x24c7c68	0x34c090	None		0x2185254
0x269c110	915	0x34c090	None	16	?	0x24c7c68	0x34c090	None		0x2185254
0x269c110	917	0x34c090	None	16	?	0x24c7c68	0x34c090	None		0x2185254
0x269c110	918	0x1b28250	None	11404	root	None	?	None		0x3549d0
0x269c110	919	0x34c090	None	16	?	0x24c7c68	0x34c090	None		0x2185254
0x269c110	920	0x1b282c0	None	11404	root	None	?	None		0x3549d0
0x269c110	921	0x34c090	None	16	?	0x24c7c68	0x34c090	None		0x2185254
0x269c110	923	0x34c090	None	16	?	0x24c7c68	0x34c090	None		0x2185254
0x269c110	925	0x34c090	None	16	?	0x24c7c68	0x34c090	None		0x2185254
0x269c110	927	0x34c090	None	16	?	0x24c7c68	0x34c090	None		0x2185254
0x269c110	929	0x34c090	None	16	?	0x24c7c68	0x34c090	None		0x2185254
0x269c110	931	0x34c090	None	16	?	0x24c7c68	0x34c090	None		0x2185254
0x269c110	933	0x34c090	None	16	?	0x24c7c68	0x34c090	None		0x2185254
0x269c110	935	0x34c090	None	16	?	0x24c7c68	0x34c090	None		0x2185254
0x269c110	937	0x34c090	None	16	?	0x24c7c68	0x34c090	None		0x2185254
0x269c110	938	0x1b28330	None	11404	root	None	?	None		0x3549d0
0x269c110	939	0x34c090	None	16	?	0x24c7c68	0x34c090	None		0x2185254
0x269c110	941	0x34c090	None	16	?	0x24c7c68	0x34c090	None		0x2185254
0x269c110	943	0x34c090	None	16	?	0x24c7c68	0x34c090	None		0x2185254
0x269c110	945	0x34c090	None	16	?	0x24c7c68	0x34c090	None		0x2185254
0x269c110	947	0x34c090	None	16	?	0x24c7c68	0x34c090	None		0x2185254
0x269c110	949	0x34c090	None	16	?	0x24c7c68	0x34c090	None		0x2185254
0x269c110	951	0x34c090	None	16	?	0x24c7c68	0x34c090	None		0x2185254
0x269c110	953	0x34c090	None	16	?	0x24c7c68	0x34c090	None		0x2185254
0x269c110	955	0x34c090	None	16	?	0x24c7c68	0x34c090	None		0x2185254
0x269c110	957	0x34c090	None	16	?	0x24c7c68	0x34c090	None		0x2185254
0x269c110	959	0x34c090	None	16	?	0x24c7c68	0x34c090	None		0x2185254
0x269c110	961	0x34c090	None	16	?	0x24c7c68	0x34c090	None		0x2185254
0x269c110	963	0x34c090	None	16	?	0x24c7c68	0x34c090	None		0x2185254
0x269c110	965	0x34c090	None	16	?	0x24c7c68	0x34c090	None		0x2185254
0x269c110	967	0x34c090	None	16	?	0x24c7c68	0x34c090	None		0x2185254
0x269c110	969	0x34c090	None	16	?	0x24c7c68	0x34c090	None		0x2185254
0x269c110	971	0x34c090	None	16	?	0x24c7c68	0x34c090	None		0x2185254
0x269c110	973	0x34c090	None	16	?	0x24c7c68	0x34c090	None		0x2185254
0x269c110	975	0x34c090	None	16	?	0x24c7c68	0x34c090	None		0x2185254
0x269c110	977	0x34c090	None	16	?	0x24c7c68	0x34c090	None		0x2185254
0x269c110	978	0x1b28e40	None	11404	root	None	?	None		0x3549d0
0x269c110	979	0x34c090	None	16	?	0x24c7c68	0x34c090	None		0x2185254
0x269c110	981	0x34c090	None	16	?	0x24c7c68	0x34c090	None		0x2185254
0x269c110	983	0x34c090	None	16	?	0x24c7c68	0x34c090	None		0x2185254
0x269c110	985	0x34c090	None	16	?	0x24c7c68	0x34c090	None		0x2185254
0x269c110	987	0x34c090	None	16	?	0x24c7c68	0x34c090	None		0x2185254
0x269c110	989	0x34c090	None	16	?	0x24c7c68	0x34c090	None		0x2185254
0x269c110	991	0x34c090	None	16	?	0x24c7c68	0x34c090	None		0x2185254
0x269c110	993	0x34c090	None	16	?	0x24c7c68	0x34c090	None		0x2185254
0x269c110	994	0x1b291b0	None	11404	root	None	?	None		0x3549d0
0x269c110	995	0x34c090	None	16	?	0x24c7c68	0x34c090	None		0x2185254
0x269c110	996	0x1b29230	None	11404	root	None	?	None		0x3549d0
0x269c110	997	0x34c090	None	16	?	0x24c7c68	0x34c090	None		0x2185254
0x269c110	998	0x1b292a0	None	11404	root	None	?	None		0x3549d0
0x269c110	999	0x34c090	None	16	?	0x24c7c68	0x34c090	None		0x2185254
0x269c110	1000	0x1b29310	None	11404	root	None	?	None		0x3549d0
0x269c110	1001	0x34c090	None	16	?	0x24c7c68	0x34c090	None		0x2185254
0x269c110	1003	0x34c090	None	16	?	0x24c7c68	0x34c090	None		0x2185254
0x269c110	1005	0x34c090	None	16	?	0x24c7c68	0x34c090	None		0x2185254
0x269c110	1007	0x34c090	None	16	?	0x24c7c68	0x34c090	None		0x2185254
0x269c110	1009	0x34c090	None	16	?	0x24c7c68	0x34c090	None		0x2185254
0x269c110	1011	0x34c090	None	16	?	0x24c7c68	0x34c090	None		0x2185254
0x269c110	1013	0x34c090	None	16	?	0x24c7c68	0x34c090	None		0x2185254
0x269c110	1015	0x34c090	None	16	?	0x24c7c68	0x34c090	None		0x2185254
0x269c110	1017	0x34c090	None	16	?	0x24c7c68	0x34c090	None		0x2185254
0x269c110	1019	0x34c090	None	16	?	0x24c7c68	0x34c090	None		0x2185254
0x269c110	1021	0x34c090	None	16	?	0x24c7c68	0x34c090	None		0x2185254
0x269c110	1023	0x34c090	None	16	?	0x24c7c68	0x34c090	None		0x2185254
0x269c110	1025	0x34c090	None	16	?	0x24c7c68	0x34c090	None		0x2185254
0x269c110	1027	0x34c090	None	16	?	0x24c7c68	0x34c090	None		0x2185254
0x269c110	1029	0x34c090	None	16	?	0x24c7c68	0x34c090	None		0x2185254
0x269c110	1031	0x34c090	None	16	?	0x24c7c68	0x34c090	None		0x2185254
0x269c110	1033	0x34c090	None	16	?	0x24c7c68	0x34c090	None		0x2185254
0x269c110	1035	0x34c090	None	16	?	0x24c7c68	0x34c090	None		0x2185254
0x269c110	1037	0x34c090	None	16	?	0x24c7c68	0x34c090	None		0x2185254
0x269c110	1039	0x34c090	None	16	?	0x24c7c68	0x34c090	None		0x2185254
0x269c110	1041	0x34c090	None	16	?	0x24c7c68	0x34c090	None		0x2185254
0x269c110	1043	0x34c090	None	16	?	0x24c7c68	0x34c090	None		0x2185254
0x269c110	1045	0x34c090	None	16	?	0x24c7c68	0x34c090	None		0x2185254
0x269c110	1047	0x34c090	None	16	?	0x24c7c68	0x34c090	None		0x2185254
0x269c110	1049	0x34c090	None	16	?	0x24c7c68	0x34c090	None		0x2185254
0x269c110	1051	0x34c090	None	16	?	0x24c7c68	0x34c090	None		0x2185254
0x269c110	1053	0x34c090	None	16	?	0x24c7c68	0x34c090	None		0x2185254
0x269c110	1055	0x34c090	None	16	?	0x24c7c68	0x34c090	None		0x2185254
0x269c110	1057	0x34c090	None	16	?	0x24c7c68	0x34c090	None		0x2185254
0x269c110	1058	0x1b26a90	None	11404	root	None	?	None		0x3549d0
0x269c110	1059	0x34c090	None	16	?	0x24c7c68	0x34c090	None		0x2185254
0x269c110	1060	0x1b26b00	None	11404	root	None	?	None		0x3549d0
0x269c110	1061	0x34c090	None	16	?	0x24c7c68	0x34c090	None		0x2185254
0x269c110	1062	0x1b26b70	None	11404	root	None	?	None		0x3549d0
0x269c110	1063	0x34c090	None	16	?	0x24c7c68	0x34c090	None		0x2185254
0x269c110	1065	0x34c090	None	16	?	0x24c7c68	0x34c090	None		0x2185254
0x269c110	1067	0x34c090	None	16	?	0x24c7c68	0x34c090	None		0x2185254
0x269c110	1069	0x34c090	None	16	?	0x24c7c68	0x34c090	None		0x2185254
0x269c110	1071	0x34c090	None	16	?	0x24c7c68	0x34c090	None		0x2185254
0x269c110	1072	0x1b26a20	None	11404	root	None	?	None		0x3549d0
0x269c110	1073	0x34c090	None	16	?	0x24c7c68	0x34c090	None		0x2185254
0x269c110	1075	0x34c090	None	16	?	0x24c7c68	0x34c090	None		0x2185254
0x269c110	1077	0x34c090	None	16	?	0x24c7c68	0x34c090	None		0x2185254
0x269c110	1079	0x34c090	None	16	?	0x24c7c68	0x34c090	None		0x2185254
0x269c110	1081	0x34c090	None	16	?	0x24c7c68	0x34c090	None		0x2185254
0x269c110	1083	0x34c090	None	16	?	0x24c7c68	0x34c090	None		0x2185254
0x269c110	1085	0x34c090	None	16	?	0x24c7c68	0x34c090	None		0x2185254
0x269c110	1087	0x34c090	None	16	?	0x24c7c68	0x34c090	None		0x2185254
0x269c110	1089	0x34c090	None	16	?	0x24c7c68	0x34c090	None		0x2185254
0x269c110	1091	0x34c090	None	16	?	0x24c7c68	0x34c090	None		0x2185254
0x269c110	1093	0x34c090	None	16	?	0x24c7c68	0x34c090	None		0x2185254
0x269c110	1095	0x34c090	None	16	?	0x24c7c68	0x34c090	None		0x2185254
0x269c110	1097	0x34c090	None	16	?	0x24c7c68	0x34c090	None		0x2185254
0x269c110	1099	0x34c090	None	16	?	0x24c7c68	0x34c090	None		0x2185254
0x269c110	1101	0x34c090	None	16	?	0x24c7c68	0x34c090	None		0x2185254
0x269c110	1103	0x34c090	None	16	?	0x24c7c68	0x34c090	None		0x2185254
0x269c110	1105	0x34c090	None	16	?	0x24c7c68	0x34c090	None		0x2185254
0x269c110	1107	0x34c090	None	16	?	0x24c7c68	0x34c090	None		0x2185254
0x269c110	1109	0x34c090	None	16	?	0x24c7c68	0x34c090	None		0x2185254
0x269c110	1111	0x34c090	None	16	?	0x24c7c68	0x34c090	None		0x2185254
0x269c110	1113	0x34c090	None	16	?	0x24c7c68	0x34c090	None		0x2185254
0x269c110	1115	0x34c090	None	16	?	0x24c7c68	0x34c090	None		0x2185254
0x269c110	1117	0x34c090	None	16	?	0x24c7c68	0x34c090	None		0x2185254
0x269c110	1119	0x34c090	None	16	?	0x24c7c68	0x34c090	None		0x2185254
0x269c110	1121	0x34c090	None	16	?	0x24c7c68	0x34c090	None		0x2185254
0x269c110	1123	0x34c090	None	16	?	0x24c7c68	0x34c090	None		0x2185254
0x269c110	1125	0x34c090	None	16	?	0x24c7c68	0x34c090	None		0x2185254
0x269c110	1127	0x34c090	None	16	?	0x24c7c68	0x34c090	None		0x2185254
0x269c110	1129	0x34c090	None	16	?	0x24c7c68	0x34c090	None		0x2185254
0x269c110	1131	0x34c090	None	16	?	0x24c7c68	0x34c090	None		0x2185254
0x269c110	1133	0x34c090	None	16	?	0x24c7c68	0x34c090	None		0x2185254
0x269c110	1135	0x34c090	None	16	?	0x24c7c68	0x34c090	None		0x2185254
0x269c110	1137	0x34c090	None	16	?	0x24c7c68	0x34c090	None		0x2185254
0x269c110	1139	0x34c090	None	16	?	0x24c7c68	0x34c090	None		0x2185254
0x269c110	1141	0x34c090	None	16	?	0x24c7c68	0x34c090	None		0x2185254
0x269c110	1143	0x34c090	None	16	?	0x24c7c68	0x34c090	None		0x2185254
0x269c110	1145	0x34c090	None	16	?	0x24c7c68	0x34c090	None		0x2185254
0x269c110	1147	0x34c090	None	16	?	0x24c7c68	0x34c090	None		0x2185254
0x269c110	1149	0x34c090	None	16	?	0x24c7c68	0x34c090	None		0x2185254
0x269c110	1151	0x34c090	None	16	?	0x24c7c68	0x34c090	None		0x2185254
0x269c110	1153	0x34c090	None	16	?	0x24c7c68	0x34c090	None		0x2185254
0x269c110	1155	0x34c090	None	16	?	0x24c7c68	0x34c090	None		0x2185254
0x269c110	1157	0x34c090	None	16	?	0x24c7c68	0x34c090	None		0x2185254
0x269c110	1159	0x34c090	None	16	?	0x24c7c68	0x34c090	None		0x2185254
0x269c110	1161	0x34c090	None	16	?	0x24c7c68	0x34c090	None		0x2185254
0x269c110	1163	0x34c090	None	16	?	0x24c7c68	0x34c090	None		0x2185254
0x269c110	1165	0x34c090	None	16	?	0x24c7c68	0x34c090	None		0x2185254
0x269c110	1167	0x34c090	None	16	?	0x24c7c68	0x34c090	None		0x2185254
0x269c110	1169	0x34c090	None	16	?	0x24c7c68	0x34c090	None		0x2185254
0x269c110	1171	0x34c090	None	16	?	0x24c7c68	0x34c090	None		0x2185254
0x269c110	1173	0x34c090	None	16	?	0x24c7c68	0x34c090	None		0x2185254
0x269c110	1175	0x34c090	None	16	?	0x24c7c68	0x34c090	None		0x2185254
0x269c110	1177	0x34c090	None	16	?	0x24c7c68	0x34c090	None		0x2185254
0x269c110	1179	0x34c090	None	16	?	0x24c7c68	0x34c090	None		0x2185254
0x269c110	1181	0x34c090	None	16	?	0x24c7c68	0x34c090	None		0x2185254
0x269c110	1183	0x34c090	None	16	?	0x24c7c68	0x34c090	None		0x2185254
0x269c110	1185	0x34c090	None	16	?	0x24c7c68	0x34c090	None		0x2185254
0x269c110	1187	0x34c090	None	16	?	0x24c7c68	0x34c090	None		0x2185254
0x269c110	1188	0x1b251e0	None	11404	root	None	?	None		0x353bd0
0x269c110	1189	0x34c090	None	16	?	0x24c7c68	0x34c090	None		0x2185254
0x269c110	1190	0x1b25270	None	11404	root	None	?	None		0x353bd0
0x269c110	1191	0x34c090	None	16	?	0x24c7c68	0x34c090	None		0x2185254
0x269c110	1192	0x1b25300	None	11404	root	None	?	None		0x3549d0
0x269c110	1193	0x34c090	None	16	?	0x24c7c68	0x34c090	None		0x2185254
0x269c110	1195	0x34c090	None	16	?	0x24c7c68	0x34c090	None		0x2185254
0x269c110	1197	0x34c090	None	16	?	0x24c7c68	0x34c090	None		0x2185254
0x269c110	1199	0x34c090	None	16	?	0x24c7c68	0x34c090	None		0x2185254
0x269c110	1201	0x34c090	None	16	?	0x24c7c68	0x34c090	None		0x2185254
0x269c110	1203	0x34c090	None	16	?	0x24c7c68	0x34c090	None		0x2185254
0x269c110	1205	0x34c090	None	16	?	0x24c7c68	0x34c090	None		0x2185254
0x269c110	1207	0x34c090	None	16	?	0x24c7c68	0x34c090	None		0x2185254
0x269c110	1209	0x34c090	None	16	?	0x24c7c68	0x34c090	None		0x2185254
0x269c110	1211	0x34c090	None	16	?	0x24c7c68	0x34c090	None		0x2185254
0x269c110	1213	0x34c090	None	16	?	0x24c7c68	0x34c090	None		0x2185254
0x269c110	1215	0x34c090	None	16	?	0x24c7c68	0x34c090	None		0x2185254
0x269c110	1217	0x34c090	None	16	?	0x24c7c68	0x34c090	None		0x2185254
0x269c110	1219	0x34c090	None	16	?	0x24c7c68	0x34c090	None		0x2185254
0x269c110	1221	0x34c090	None	16	?	0x24c7c68	0x34c090	None		0x2185254
0x269c110	1223	0x34c090	None	16	?	0x24c7c68	0x34c090	None		0x2185254
0x269c110	1225	0x34c090	None	16	?	0x24c7c68	0x34c090	None		0x2185254
0x269c110	1227	0x34c090	None	16	?	0x24c7c68	0x34c090	None		0x2185254
0x269c110	1228	0x1b256f0	None	11404	root	None	?	None		0x3549d0
0x269c110	1229	0x34c090	None	16	?	0x24c7c68	0x34c090	None		0x2185254
0x269c110	1231	0x34c090	None	16	?	0x24c7c68	0x34c090	None		0x2185254
0x269c110	1233	0x34c090	None	16	?	0x24c7c68	0x34c090	None		0x2185254
0x269c110	1235	0x34c090	None	16	?	0x24c7c68	0x34c090	None		0x2185254
0x269c110	1237	0x34c090	None	16	?	0x24c7c68	0x34c090	None		0x2185254
0x269c110	1239	0x34c090	None	16	?	0x24c7c68	0x34c090	None		0x2185254
0x269c110	1241	0x34c090	None	16	?	0x24c7c68	0x34c090	None		0x2185254
0x269c110	1243	0x34c090	None	16	?	0x24c7c68	0x34c090	None		0x2185254
0x269c110	1245	0x34c090	None	16	?	0x24c7c68	0x34c090	None		0x2185254
0x269c110	1247	0x34c090	None	16	?	0x24c7c68	0x34c090	None		0x2185254
0x269c110	1249	0x34c090	None	16	?	0x24c7c68	0x34c090	None		0x2185254
0x269c110	1251	0x34c090	None	16	?	0x24c7c68	0x34c090	None		0x2185254
0x269c110	1253	0x34c090	None	16	?	0x24c7c68	0x34c090	None		0x2185254
0x269c110	1255	0x34c090	None	16	?	0x24c7c68	0x34c090	None		0x2185254
0x269c110	1257	0x34c090	None	16	?	0x24c7c68	0x34c090	None		0x2185254
0x269c110	1259	0x34c090	None	16	?	0x24c7c68	0x34c090	None		0x2185254
0x269c110	1261	0x34c090	None	16	?	0x24c7c68	0x34c090	None		0x2185254
0x269c110	1263	0x34c090	None	16	?	0x24c7c68	0x34c090	None		0x2185254
0x269c110	1265	0x34c090	None	16	?	0x24c7c68	0x34c090	None		0x2185254
0x269c110	1266	0x1b22d40	None	11404	root	None	?	None		0x3549d0
0x269c110	1267	0x34c090	None	16	?	0x24c7c68	0x34c090	None		0x2185254
0x269c110	1269	0x34c090	None	16	?	0x24c7c68	0x34c090	None		0x2185254
0x269c110	1270	0x1b22de0	None	11404	root	None	?	None		0x3549d0
0x269c110	1271	0x34c090	None	16	?	0x24c7c68	0x34c090	None		0x2185254
0x269c110	1272	0x1b22e30	None	11404	root	None	?	None		0x3549d0
0x269c110	1273	0x34c090	None	16	?	0x24c7c68	0x34c090	None		0x2185254
0x269c110	1275	0x34c090	None	16	?	0x24c7c68	0x34c090	None		0x2185254
0x269c110	1277	0x34c090	None	16	?	0x24c7c68	0x34c090	None		0x2185254
0x269c110	1279	0x34c090	None	16	?	0x24c7c68	0x34c090	None		0x2185254
0x269c110	1281	0x34c090	None	16	?	0x24c7c68	0x34c090	None		0x2185254
0x269c110	1283	0x34c090	None	16	?	0x24c7c68	0x34c090	None		0x2185254
0x269c110	1285	0x34c090	None	16	?	0x24c7c68	0x34c090	None		0x2185254
0x269c110	1287	0x34c090	None	16	?	0x24c7c68	0x34c090	None		0x2185254
0x269c110	1289	0x34c090	None	16	?	0x24c7c68	0x34c090	None		0x2185254
0x269c110	1291	0x34c090	None	16	?	0x24c7c68	0x34c090	None		0x2185254
0x269c110	1293	0x34c090	None	16	?	0x24c7c68	0x34c090	None		0x2185254
0x269c110	1295	0x34c090	None	16	?	0x24c7c68	0x34c090	None		0x2185254
0x269c110	1297	0x34c090	None	16	?	0x24c7c68	0x34c090	None		0x2185254
0x269c110	1298	0x1b23430	None	11404	root	None	?	None		0x3549d0
0x269c110	1299	0x34c090	None	16	?	0x24c7c68	0x34c090	None		0x2185254
0x269c110	1301	0x34c090	None	16	?	0x24c7c68	0x34c090	None		0x2185254
0x269c110	1302	0x1b234e0	None	11404	root	None	?	None		0x3549d0
0x269c110	1303	0x34c090	None	16	?	0x24c7c68	0x34c090	None		0x2185254
0x269c110	1305	0x34c090	None	16	?	0x24c7c68	0x34c090	None		0x2185254
0x269c110	1307	0x34c090	None	16	?	0x24c7c68	0x34c090	None		0x2185254
0x269c110	1309	0x34c090	None	16	?	0x24c7c68	0x34c090	None		0x2185254
0x269c110	1311	0x34c090	None	16	?	0x24c7c68	0x34c090	None		0x2185254
0x269c110	1313	0x34c090	None	16	?	0x24c7c68	0x34c090	None		0x2185254
0x269c110	1315	0x34c090	None	16	?	0x24c7c68	0x34c090	None		0x2185254
0x269c110	1317	0x34c090	None	16	?	0x24c7c68	0x34c090	None		0x2185254
0x269c110	1319	0x34c090	None	16	?	0x24c7c68	0x34c090	None		0x2185254
0x269c110	1321	0x34c090	None	16	?	0x24c7c68	0x34c090	None		0x2185254
0x269c110	1323	0x34c090	None	16	?	0x24c7c68	0x34c090	None		0x2185254
0x269c110	1325	0x34c090	None	16	?	0x24c7c68	0x34c090	None		0x2185254
0x269c110	1327	0x34c090	None	16	?	0x24c7c68	0x34c090	None		0x2185254
0x269c110	1329	0x34c090	None	16	?	0x24c7c68	0x34c090	None		0x2185254
0x269c110	1331	0x34c090	None	16	?	0x24c7c68	0x34c090	None		0x2185254
0x269c110	1333	0x34c090	None	16	?	0x24c7c68	0x34c090	None		0x2185254
0x269c110	1335	0x34c090	None	16	?	0x24c7c68	0x34c090	None		0x2185254
0x269c110	1337	0x34c090	None	16	?	0x24c7c68	0x34c090	None		0x2185254
0x269c110	1339	0x34c090	None	16	?	0x24c7c68	0x34c090	None		0x2185254
0x269c110	1341	0x34c090	None	16	?	0x24c7c68	0x34c090	None		0x2185254
0x269c110	1343	0x34c090	None	16	?	0x24c7c68	0x34c090	None		0x2185254
0x269c110	1345	0x34c090	None	16	?	0x24c7c68	0x34c090	None		0x2185254
0x269c110	1347	0x34c090	None	16	?	0x24c7c68	0x34c090	None		0x2185254
0x269c110	1349	0x34c090	None	16	?	0x24c7c68	0x34c090	None		0x2185254
0x269c110	1351	0x34c090	None	16	?	0x24c7c68	0x34c090	None		0x2185254
0x269c110	1353	0x34c090	None	16	?	0x24c7c68	0x34c090	None		0x2185254
0x269c110	1355	0x34c090	None	16	?	0x24c7c68	0x34c090	None		0x2185254
0x269c110	1357	0x34c090	None	16	?	0x24c7c68	0x34c090	None		0x2185254
0x269c110	1359	0x34c090	None	16	?	0x24c7c68	0x34c090	None		0x2185254
0x269c110	1361	0x34c090	None	16	?	0x24c7c68	0x34c090	None		0x2185254
0x269c110	1363	0x34c090	None	16	?	0x24c7c68	0x34c090	None		0x2185254
0x269c110	1365	0x34c090	None	16	?	0x24c7c68	0x34c090	None		0x2185254
0x269c110	1367	0x34c090	None	16	?	0x24c7c68	0x34c090	None		0x2185254
0x269c110	1369	0x34c090	None	16	?	0x24c7c68	0x34c090	None		0x2185254
0x269c110	1371	0x34c090	None	16	?	0x24c7c68	0x34c090	None		0x2185254
0x269c110	1373	0x34c090	None	16	?	0x24c7c68	0x34c090	None		0x2185254
0x269c110	1375	0x34c090	None	16	?	0x24c7c68	0x34c090	None		0x2185254
0x269c110	1377	0x34c090	None	16	?	0x24c7c68	0x34c090	None		0x2185254
0x269c110	1379	0x34c090	None	16	?	0x24c7c68	0x34c090	None		0x2185254
0x269c110	1381	0x34c090	None	16	?	0x24c7c68	0x34c090	None		0x2185254
0x269c110	1383	0x34c090	None	16	?	0x24c7c68	0x34c090	None		0x2185254
0x269c110	1385	0x34c090	None	16	?	0x24c7c68	0x34c090	None		0x2185254
0x269c110	1387	0x34c090	None	16	?	0x24c7c68	0x34c090	None		0x2185254
0x269c110	1389	0x34c090	None	16	?	0x24c7c68	0x34c090	None		0x2185254
0x269c110	1391	0x34c090	None	16	?	0x24c7c68	0x34c090	None		0x2185254
0x269c110	1393	0x34c090	None	16	?	0x24c7c68	0x34c090	None		0x2185254
0x269c110	1395	0x34c090	None	16	?	0x24c7c68	0x34c090	None		0x2185254
0x269c110	1397	0x34c090	None	16	?	0x24c7c68	0x34c090	None		0x2185254
0x269c110	1399	0x34c090	None	16	?	0x24c7c68	0x34c090	None		0x2185254
0x269c110	1401	0x34c090	None	16	?	0x24c7c68	0x34c090	None		0x2185254
0x269c110	1403	0x34c090	None	16	?	0x24c7c68	0x34c090	None		0x2185254
0x269c110	1405	0x34c090	None	16	?	0x24c7c68	0x34c090	None		0x2185254
0x269c110	1407	0x34c090	None	16	?	0x24c7c68	0x34c090	None		0x2185254
0x269c110	1409	0x34c090	None	16	?	0x24c7c68	0x34c090	None		0x2185254
0x269c110	1411	0x34c090	None	16	?	0x24c7c68	0x34c090	None		0x2185254
0x269c110	1413	0x34c090	None	16	?	0x24c7c68	0x34c090	None		0x2185254
0x269c110	1415	0x34c090	None	16	?	0x24c7c68	0x34c090	None		0x2185254
0x269c110	1417	0x34c090	None	16	?	0x24c7c68	0x34c090	None		0x2185254
0x269c110	1419	0x34c090	None	16	?	0x24c7c68	0x34c090	None		0x2185254
0x269c110	1421	0x34c090	None	16	?	0x24c7c68	0x34c090	None		0x2185254
0x269c110	1423	0x34c090	None	16	?	0x24c7c68	0x34c090	None		0x2185254
0x269c110	1425	0x34c090	None	16	?	0x24c7c68	0x34c090	None		0x2185254
0x269c110	1427	0x34c090	None	16	?	0x24c7c68	0x34c090	None		0x2185254
0x269c110	1429	0x34c090	None	16	?	0x24c7c68	0x34c090	None		0x2185254
0x269c110	1431	0x34c090	None	16	?	0x24c7c68	0x34c090	None		0x2185254
0x269c110	1433	0x34c090	None	16	?	0x24c7c68	0x34c090	None		0x2185254
0x269c110	1435	0x34c090	None	16	?	0x24c7c68	0x34c090	None		0x2185254
0x269c110	1437	0x34c090	None	16	?	0x24c7c68	0x34c090	None		0x2185254
0x269c110	1439	0x34c090	None	16	?	0x24c7c68	0x34c090	None		0x2185254
0x269c110	1441	0x34c090	None	16	?	0x24c7c68	0x34c090	None		0x2185254
0x269c110	1443	0x34c090	None	16	?	0x24c7c68	0x34c090	None		0x2185254
0x269c110	1445	0x34c090	None	16	?	0x24c7c68	0x34c090	None		0x2185254
0x269c110	1447	0x34c090	None	16	?	0x24c7c68	0x34c090	None		0x2185254
0x269c110	1449	0x34c090	None	16	?	0x24c7c68	0x34c090	None		0x2185254
0x269c110	1451	0x34c090	None	16	?	0x24c7c68	0x34c090	None		0x2185254
0x269c110	1453	0x34c090	None	16	?	0x24c7c68	0x34c090	None		0x2185254
0x269c110	1455	0x34c090	None	16	?	0x24c7c68	0x34c090	None		0x2185254
0x269c110	1457	0x34c090	None	16	?	0x24c7c68	0x34c090	None		0x2185254
0x269c110	1459	0x34c090	None	16	?	0x24c7c68	0x34c090	None		0x2185254
0x269c110	1461	0x34c090	None	16	?	0x24c7c68	0x34c090	None		0x2185254
0x269c110	1463	0x34c090	None	16	?	0x24c7c68	0x34c090	None		0x2185254
0x269c110	1465	0x34c090	None	16	?	0x24c7c68	0x34c090	None		0x2185254
0x269c110	1467	0x34c090	None	16	?	0x24c7c68	0x34c090	None		0x2185254
0x269c110	1469	0x34c090	None	16	?	0x24c7c68	0x34c090	None		0x2185254
0x269c110	1471	0x34c090	None	16	?	0x24c7c68	0x34c090	None		0x2185254
0x269c110	1473	0x34c090	None	16	?	0x24c7c68	0x34c090	None		0x2185254
0x269c110	1475	0x34c090	None	16	?	0x24c7c68	0x34c090	None		0x2185254
0x269c110	1477	0x34c090	None	16	?	0x24c7c68	0x34c090	None		0x2185254
0x269c110	1479	0x34c090	None	16	?	0x24c7c68	0x34c090	None		0x2185254
0x269c110	1481	0x34c090	None	16	?	0x24c7c68	0x34c090	None		0x2185254
0x269c110	1483	0x34c090	None	16	?	0x24c7c68	0x34c090	None		0x2185254
0x269c110	1485	0x34c090	None	16	?	0x24c7c68	0x34c090	None		0x2185254
0x269c110	1487	0x34c090	None	16	?	0x24c7c68	0x34c090	None		0x2185254
0x269c110	1489	0x34c090	None	16	?	0x24c7c68	0x34c090	None		0x2185254
0x269c110	1491	0x34c090	None	16	?	0x24c7c68	0x34c090	None		0x2185254
0x269c110	1492	0x1b227a0	None	11404	root	None	?	None		0x3549d0
0x269c110	1493	0x34c090	None	16	?	0x24c7c68	0x34c090	None		0x2185254
0x269c110	1494	0x1b22800	None	11404	root	None	?	None		0x353bd0
0x269c110	1495	0x34c090	None	16	?	0x24c7c68	0x34c090	None		0x2185254
0x269c110	1497	0x34c090	None	16	?	0x24c7c68	0x34c090	None		0x2185254
0x269c110	1499	0x34c090	None	16	?	0x24c7c68	0x34c090	None		0x2185254
0x269c110	1501	0x34c090	None	16	?	0x24c7c68	0x34c090	None		0x2185254
0x269c110	1503	0x34c090	None	16	?	0x24c7c68	0x34c090	None		0x2185254
0x269c110	1505	0x34c090	None	16	?	0x24c7c68	0x34c090	None		0x2185254
0x269c110	1507	0x34c090	None	16	?	0x24c7c68	0x34c090	None		0x2185254
0x269c110	1509	0x34c090	None	16	?	0x24c7c68	0x34c090	None		0x2185254
0x269c110	1511	0x34c090	None	16	?	0x24c7c68	0x34c090	None		0x2185254
0x269c110	1513	0x34c090	None	16	?	0x24c7c68	0x34c090	None		0x2185254
0x269c110	1515	0x34c090	None	16	?	0x24c7c68	0x34c090	None		0x2185254
0x269c110	1517	0x34c090	None	16	?	0x24c7c68	0x34c090	None		0x2185254
0x269c110	1519	0x34c090	None	16	?	0x24c7c68	0x34c090	None		0x2185254
0x269c110	1521	0x34c090	None	16	?	0x24c7c68	0x34c090	None		0x2185254
0x269c110	1523	0x34c090	None	16	?	0x24c7c68	0x34c090	None		0x2185254
0x269c110	1525	0x34c090	None	16	?	0x24c7c68	0x34c090	None		0x2185254
0x269c110	1527	0x34c090	None	16	?	0x24c7c68	0x34c090	None		0x2185254
0x269c110	1529	0x34c090	None	16	?	0x24c7c68	0x34c090	None		0x2185254
0x269c110	1531	0x34c090	None	16	?	0x24c7c68	0x34c090	None		0x2185254
0x269c110	1533	0x34c090	None	16	?	0x24c7c68	0x34c090	None		0x2185254
0x269c110	1535	0x34c090	None	16	?	0x24c7c68	0x34c090	None		0x2185254
0x269c110	1537	0x34c090	None	16	?	0x24c7c68	0x34c090	None		0x2185254
0x269c110	1539	0x34c090	None	16	?	0x24c7c68	0x34c090	None		0x2185254
0x269c110	1541	0x34c090	None	16	?	0x24c7c68	0x34c090	None		0x2185254
0x269c110	1543	0x34c090	None	16	?	0x24c7c68	0x34c090	None		0x2185254
0x269c110	1545	0x34c090	None	16	?	0x24c7c68	0x34c090	None		0x2185254
0x269c110	1547	0x34c090	None	16	?	0x24c7c68	0x34c090	None		0x2185254
0x269c110	1549	0x34c090	None	16	?	0x24c7c68	0x34c090	None		0x2185254
0x269c110	1551	0x34c090	None	16	?	0x24c7c68	0x34c090	None		0x2185254
0x269c110	1553	0x34c090	None	16	?	0x24c7c68	0x34c090	None		0x2185254
0x269c110	1555	0x34c090	None	16	?	0x24c7c68	0x34c090	None		0x2185254
0x269c110	1557	0x34c090	None	16	?	0x24c7c68	0x34c090	None		0x2185254
0x269c110	1559	0x34c090	None	16	?	0x24c7c68	0x34c090	None		0x2185254
0x269c110	1561	0x34c090	None	16	?	0x24c7c68	0x34c090	None		0x2185254
0x269c110	1563	0x34c090	None	16	?	0x24c7c68	0x34c090	None		0x2185254
0x269c110	1565	0x34c090	None	16	?	0x24c7c68	0x34c090	None		0x2185254
0x269c110	1567	0x34c090	None	16	?	0x24c7c68	0x34c090	None		0x2185254
0x269c110	1569	0x34c090	None	16	?	0x24c7c68	0x34c090	None		0x2185254
0x269c110	1571	0x34c090	None	16	?	0x24c7c68	0x34c090	None		0x2185254
0x269c110	1573	0x34c090	None	16	?	0x24c7c68	0x34c090	None		0x2185254
0x269c110	1575	0x34c090	None	16	?	0x24c7c68	0x34c090	None		0x2185254
0x269c110	1577	0x34c090	None	16	?	0x24c7c68	0x34c090	None		0x2185254
0x269c110	1579	0x34c090	None	16	?	0x24c7c68	0x34c090	None		0x2185254
0x269c110	1581	0x34c090	None	16	?	0x24c7c68	0x34c090	None		0x2185254
0x269c110	1583	0x34c090	None	16	?	0x24c7c68	0x34c090	None		0x2185254
0x269c110	1585	0x34c090	None	16	?	0x24c7c68	0x34c090	None		0x2185254
0x269c110	1587	0x34c090	None	16	?	0x24c7c68	0x34c090	None		0x2185254
0x269c110	1589	0x34c090	None	16	?	0x24c7c68	0x34c090	None		0x2185254
0x269c110	1591	0x34c090	None	16	?	0x24c7c68	0x34c090	None		0x2185254
0x269c110	1593	0x34c090	None	16	?	0x24c7c68	0x34c090	None		0x2185254
0x269c110	1595	0x34c090	None	16	?	0x24c7c68	0x34c090	None		0x2185254
0x269c110	1597	0x34c090	None	16	?	0x24c7c68	0x34c090	None		0x2185254
0x269c110	1599	0x34c090	None	16	?	0x24c7c68	0x34c090	None		0x2185254
0x269c110	1601	0x34c090	None	16	?	0x24c7c68	0x34c090	None		0x2185254
0x269c110	1603	0x34c090	None	16	?	0x24c7c68	0x34c090	None		0x2185254
0x269c110	1605	0x34c090	None	16	?	0x24c7c68	0x34c090	None		0x2185254
0x269c110	1607	0x34c090	None	16	?	0x24c7c68	0x34c090	None		0x2185254
0x269c110	1609	0x34c090	None	16	?	0x24c7c68	0x34c090	None		0x2185254
0x269c110	1611	0x34c090	None	16	?	0x24c7c68	0x34c090	None		0x2185254
0x269c110	1613	0x34c090	None	16	?	0x24c7c68	0x34c090	None		0x2185254
0x269c110	1615	0x34c090	None	16	?	0x24c7c68	0x34c090	None		0x2185254
0x269c110	1617	0x34c090	None	16	?	0x24c7c68	0x34c090	None		0x2185254
0x269c110	1619	0x34c090	None	16	?	0x24c7c68	0x34c090	None		0x2185254
0x269c110	1621	0x34c090	None	16	?	0x24c7c68	0x34c090	None		0x2185254
0x269c110	1623	0x34c090	None	16	?	0x24c7c68	0x34c090	None		0x2185254
0x269c110	1625	0x34c090	None	16	?	0x24c7c68	0x34c090	None		0x2185254
0x269c110	1627	0x34c090	None	16	?	0x24c7c68	0x34c090	None		0x2185254
0x269c110	1629	0x34c090	None	16	?	0x24c7c68	0x34c090	None		0x2185254
0x269c110	1631	0x34c090	None	16	?	0x24c7c68	0x34c090	None		0x2185254
0x269c110	1633	0x34c090	None	16	?	0x24c7c68	0x34c090	None		0x2185254
0x269c110	1635	0x34c090	None	16	?	0x24c7c68	0x34c090	None		0x2185254
0x269c110	1637	0x34c090	None	16	?	0x24c7c68	0x34c090	None		0x2185254
0x269c110	1639	0x34c090	None	16	?	0x24c7c68	0x34c090	None		0x2185254
0x269c110	1641	0x34c090	None	16	?	0x24c7c68	0x34c090	None		0x2185254
0x269c110	1643	0x34c090	None	16	?	0x24c7c68	0x34c090	None		0x2185254
0x269c110	1645	0x34c090	None	16	?	0x24c7c68	0x34c090	None		0x2185254
0x269c110	1647	0x34c090	None	16	?	0x24c7c68	0x34c090	None		0x2185254
0x269c110	1649	0x34c090	None	16	?	0x24c7c68	0x34c090	None		0x2185254
0x269c110	1651	0x34c090	None	16	?	0x24c7c68	0x34c090	None		0x2185254
0x269c110	1653	0x34c090	None	16	?	0x24c7c68	0x34c090	None		0x2185254
0x269c110	1655	0x34c090	None	16	?	0x24c7c68	0x34c090	None		0x2185254
0x269c110	1657	0x34c090	None	16	?	0x24c7c68	0x34c090	None		0x2185254
0x269c110	1659	0x34c090	None	16	?	0x24c7c68	0x34c090	None		0x2185254
0x269c110	1661	0x34c090	None	16	?	0x24c7c68	0x34c090	None		0x2185254
0x269c110	1663	0x34c090	None	16	?	0x24c7c68	0x34c090	None		0x2185254
0x269c110	1665	0x34c090	None	16	?	0x24c7c68	0x34c090	None		0x2185254
0x269c110	1667	0x34c090	None	16	?	0x24c7c68	0x34c090	None		0x2185254
0x269c110	1669	0x34c090	None	16	?	0x24c7c68	0x34c090	None		0x2185254
0x269c110	1671	0x34c090	None	16	?	0x24c7c68	0x34c090	None		0x2185254
0x269c110	1673	0x34c090	None	16	?	0x24c7c68	0x34c090	None		0x2185254
0x269c110	1675	0x34c090	None	16	?	0x24c7c68	0x34c090	None		0x2185254
0x269c110	1677	0x34c090	None	16	?	0x24c7c68	0x34c090	None		0x2185254
0x269c110	1679	0x34c090	None	16	?	0x24c7c68	0x34c090	None		0x2185254
0x269c110	1681	0x34c090	None	16	?	0x24c7c68	0x34c090	None		0x2185254
0x269c110	1683	0x34c090	None	16	?	0x24c7c68	0x34c090	None		0x2185254
0x269c110	1685	0x34c090	None	16	?	0x24c7c68	0x34c090	None		0x2185254
0x269c110	1687	0x34c090	None	16	?	0x24c7c68	0x34c090	None		0x2185254
0x269c110	1689	0x34c090	None	16	?	0x24c7c68	0x34c090	None		0x2185254
0x269c110	1691	0x34c090	None	16	?	0x24c7c68	0x34c090	None		0x2185254
0x269c110	1693	0x34c090	None	16	?	0x24c7c68	0x34c090	None		0x2185254
0x269c110	1695	0x34c090	None	16	?	0x24c7c68	0x34c090	None		0x2185254
0x269c110	1697	0x34c090	None	16	?	0x24c7c68	0x34c090	None		0x2185254
0x269c110	1699	0x34c090	None	16	?	0x24c7c68	0x34c090	None		0x2185254
0x269c110	1701	0x34c090	None	16	?	0x24c7c68	0x34c090	None		0x2185254
0x269c110	1702	0x1b1f150	None	11404	root	None	?	None		0x3549d0
0x269c110	1703	0x34c090	None	16	?	0x24c7c68	0x34c090	None		0x2185254
0x269c110	1705	0x34c090	None	16	?	0x24c7c68	0x34c090	None		0x2185254
0x269c110	1707	0x34c090	None	16	?	0x24c7c68	0x34c090	None		0x2185254
0x269c110	1709	0x34c090	None	16	?	0x24c7c68	0x34c090	None		0x2185254
0x269c110	1711	0x34c090	None	16	?	0x24c7c68	0x34c090	None		0x2185254
0x269c110	1713	0x34c090	None	16	?	0x24c7c68	0x34c090	None		0x2185254
0x269c110	1715	0x34c090	None	16	?	0x24c7c68	0x34c090	None		0x2185254
0x269c110	1717	0x34c090	None	16	?	0x24c7c68	0x34c090	None		0x2185254
0x269c110	1719	0x34c090	None	16	?	0x24c7c68	0x34c090	None		0x2185254
0x269c110	1721	0x34c090	None	16	?	0x24c7c68	0x34c090	None		0x2185254
0x269c110	1723	0x34c090	None	16	?	0x24c7c68	0x34c090	None		0x2185254
0x269c110	1725	0x34c090	None	16	?	0x24c7c68	0x34c090	None		0x2185254
0x269c110	1727	0x34c090	None	16	?	0x24c7c68	0x34c090	None		0x2185254
0x269c110	1729	0x34c090	None	16	?	0x24c7c68	0x34c090	None		0x2185254
0x269c110	1731	0x34c090	None	16	?	0x24c7c68	0x34c090	None		0x2185254
0x269c110	1733	0x34c090	None	16	?	0x24c7c68	0x34c090	None		0x2185254
0x269c110	1735	0x187bef0	None	680	autohide_scrollbar	None	?	None		0x2185254
0x26fc6b8	2	0x1df5be0	None	8	?	0x26fc6c8	0x1df5be0	None		0x2185254
0x26fc6b8	75	0x1df5b20	None	8	?	0x26fc910	0x1df5b20	None		0x2185254
0x295af20	0	0x1efb5e0	None	128	upSprite	None	?	None		0x1efe610
0x295af20	1	0x1efb730	None	3	?	None	?	None		0x1efe610
0x295af20	2	0x1efb770	None	1	?	None	?	None		0x1efe610
0x295af20	3	0x1efb7f0	None	2	?	None	?	None		0x1efe610
0x295af20	4	0x1efb870	None	3	?	None	?	None		0x1efe610
0x295af20	5	0x1efb8f0	None	4	?	None	?	None		0x1efe610
0x295af20	6	0x1efb970	None	5	?	None	?	None		0x1efe610
0x295af20	7	0x1efb9b0	None	6	?	None	?	None		0x1efe610
